{
"type": "FeatureCollection",
"name": "OSBS_022_degradation_zones",
"crs": { "type": "name", "properties": { "name": "urn:ogc:def:crs:EPSG::32617" } },
"features": [
{ "type": "Feature", "properties": { "zone_id": 1, "change_class": "Significant Loss", "threshold": "<= -0.15 Delta ExG", "area_sq_m": 0.63 }, "geometry": { "type": "Polygon", "coordinates": [ [ [ 407068.300000000046566, 3284784.200000000186265 ], [ 407068.300000000046566, 3284784.0 ], [ 407067.900000000023283, 3284784.0 ], [ 407067.900000000023283, 3284783.900000000372529 ], [ 407067.700000000011642, 3284783.900000000372529 ], [ 407067.700000000011642, 3284784.0 ], [ 407067.600000000034925, 3284784.0 ], [ 407067.600000000034925, 3284784.1 ], [ 407067.400000000023283, 3284784.1 ], [ 407067.400000000023283, 3284783.900000000372529 ], [ 407067.600000000034925, 3284783.900000000372529 ], [ 407067.600000000034925, 3284783.800000000279397 ], [ 407067.400000000023283, 3284783.800000000279397 ], [ 407067.400000000023283, 3284783.700000000186265 ], [ 407067.300000000046566, 3284783.700000000186265 ], [ 407067.300000000046566, 3284783.5 ], [ 407067.400000000023283, 3284783.5 ], [ 407067.400000000023283, 3284783.6 ], [ 407067.500000000058208, 3284783.6 ], [ 407067.500000000058208, 3284783.700000000186265 ], [ 407067.600000000034925, 3284783.700000000186265 ], [ 407067.600000000034925, 3284783.6 ], [ 407067.700000000011642, 3284783.6 ], [ 407067.700000000011642, 3284783.700000000186265 ], [ 407067.800000000046566, 3284783.700000000186265 ], [ 407067.800000000046566, 3284783.800000000279397 ], [ 407067.900000000023283, 3284783.800000000279397 ], [ 407067.900000000023283, 3284783.5 ], [ 407068.000000000058208, 3284783.5 ], [ 407068.000000000058208, 3284783.400000000372529 ], [ 407068.100000000034925, 3284783.400000000372529 ], [ 407068.100000000034925, 3284783.6 ], [ 407068.000000000058208, 3284783.6 ], [ 407068.000000000058208, 3284783.700000000186265 ], [ 407068.200000000011642, 3284783.700000000186265 ], [ 407068.200000000011642, 3284783.6 ], [ 407068.300000000046566, 3284783.6 ], [ 407068.300000000046566, 3284783.900000000372529 ], [ 407068.400000000023283, 3284783.900000000372529 ], [ 407068.400000000023283, 3284783.700000000186265 ], [ 407068.600000000034925, 3284783.700000000186265 ], [ 407068.600000000034925, 3284783.800000000279397 ], [ 407069.100000000034925, 3284783.800000000279397 ], [ 407069.100000000034925, 3284783.900000000372529 ], [ 407069.000000000058208, 3284783.900000000372529 ], [ 407069.000000000058208, 3284784.1 ], [ 407069.100000000034925, 3284784.1 ], [ 407069.100000000034925, 3284784.200000000186265 ], [ 407068.500000000058208, 3284784.200000000186265 ], [ 407068.500000000058208, 3284784.1 ], [ 407068.400000000023283, 3284784.1 ], [ 407068.400000000023283, 3284784.200000000186265 ], [ 407068.300000000046566, 3284784.200000000186265 ] ] ] } },
{ "type": "Feature", "properties": { "zone_id": 2, "change_class": "Significant Loss", "threshold": "<= -0.15 Delta ExG", "area_sq_m": 0.71 }, "geometry": { "type": "Polygon", "coordinates": [ [ [ 407073.100000000034925, 3284784.200000000186265 ], [ 407073.100000000034925, 3284784.1 ], [ 407073.400000000023283, 3284784.1 ], [ 407073.400000000023283, 3284784.0 ], [ 407073.200000000011642, 3284784.0 ], [ 407073.200000000011642, 3284783.800000000279397 ], [ 407073.000000000058208, 3284783.800000000279397 ], [ 407073.000000000058208, 3284783.6 ], [ 407073.100000000034925, 3284783.6 ], [ 407073.100000000034925, 3284783.5 ], [ 407073.200000000011642, 3284783.5 ], [ 407073.200000000011642, 3284783.400000000372529 ], [ 407073.400000000023283, 3284783.400000000372529 ], [ 407073.400000000023283, 3284783.5 ], [ 407073.500000000058208, 3284783.5 ], [ 407073.500000000058208, 3284783.300000000279397 ], [ 407073.600000000034925, 3284783.300000000279397 ], [ 407073.600000000034925, 3284783.5 ], [ 407073.700000000011642, 3284783.5 ], [ 407073.700000000011642, 3284783.300000000279397 ], [ 407073.800000000046566, 3284783.300000000279397 ], [ 407073.800000000046566, 3284783.200000000186265 ], [ 407073.900000000023283, 3284783.200000000186265 ], [ 407073.900000000023283, 3284783.300000000279397 ], [ 407074.100000000034925, 3284783.300000000279397 ], [ 407074.100000000034925, 3284783.800000000279397 ], [ 407074.000000000058208, 3284783.800000000279397 ], [ 407074.000000000058208, 3284783.900000000372529 ], [ 407074.100000000034925, 3284783.900000000372529 ], [ 407074.100000000034925, 3284784.200000000186265 ], [ 407073.100000000034925, 3284784.200000000186265 ] ], [ [ 407073.500000000058208, 3284784.1 ], [ 407073.600000000034925, 3284784.1 ], [ 407073.600000000034925, 3284784.0 ], [ 407073.500000000058208, 3284784.0 ], [ 407073.500000000058208, 3284784.1 ] ], [ [ 407073.800000000046566, 3284784.1 ], [ 407073.900000000023283, 3284784.1 ], [ 407073.900000000023283, 3284784.0 ], [ 407073.800000000046566, 3284784.0 ], [ 407073.800000000046566, 3284784.1 ] ], [ [ 407073.400000000023283, 3284784.0 ], [ 407073.500000000058208, 3284784.0 ], [ 407073.500000000058208, 3284783.900000000372529 ], [ 407073.400000000023283, 3284783.900000000372529 ], [ 407073.400000000023283, 3284784.0 ] ], [ [ 407073.500000000058208, 3284783.900000000372529 ], [ 407073.600000000034925, 3284783.900000000372529 ], [ 407073.600000000034925, 3284783.700000000186265 ], [ 407073.500000000058208, 3284783.700000000186265 ], [ 407073.500000000058208, 3284783.900000000372529 ] ], [ [ 407073.200000000011642, 3284783.800000000279397 ], [ 407073.300000000046566, 3284783.800000000279397 ], [ 407073.300000000046566, 3284783.700000000186265 ], [ 407073.400000000023283, 3284783.700000000186265 ], [ 407073.400000000023283, 3284783.6 ], [ 407073.200000000011642, 3284783.6 ], [ 407073.200000000011642, 3284783.800000000279397 ] ] ] } },
{ "type": "Feature", "properties": { "zone_id": 3, "change_class": "Significant Loss", "threshold": "<= -0.15 Delta ExG", "area_sq_m": 0.72 }, "geometry": { "type": "Polygon", "coordinates": [ [ [ 407073.200000000011642, 3284783.300000000279397 ], [ 407073.200000000011642, 3284783.1 ], [ 407073.300000000046566, 3284783.1 ], [ 407073.300000000046566, 3284783.0 ], [ 407073.200000000011642, 3284783.0 ], [ 407073.200000000011642, 3284782.800000000279397 ], [ 407073.300000000046566, 3284782.800000000279397 ], [ 407073.300000000046566, 3284782.700000000186265 ], [ 407073.400000000023283, 3284782.700000000186265 ], [ 407073.400000000023283, 3284782.6 ], [ 407073.500000000058208, 3284782.6 ], [ 407073.500000000058208, 3284782.5 ], [ 407073.400000000023283, 3284782.5 ], [ 407073.400000000023283, 3284782.300000000279397 ], [ 407073.200000000011642, 3284782.300000000279397 ], [ 407073.200000000011642, 3284782.1 ], [ 407073.400000000023283, 3284782.1 ], [ 407073.400000000023283, 3284782.200000000186265 ], [ 407073.500000000058208, 3284782.200000000186265 ], [ 407073.500000000058208, 3284782.0 ], [ 407073.600000000034925, 3284782.0 ], [ 407073.600000000034925, 3284781.800000000279397 ], [ 407073.700000000011642, 3284781.800000000279397 ], [ 407073.700000000011642, 3284782.0 ], [ 407073.800000000046566, 3284782.0 ], [ 407073.800000000046566, 3284781.900000000372529 ], [ 407074.000000000058208, 3284781.900000000372529 ], [ 407074.000000000058208, 3284782.1 ], [ 407074.100000000034925, 3284782.1 ], [ 407074.100000000034925, 3284782.400000000372529 ], [ 407074.000000000058208, 3284782.400000000372529 ], [ 407074.000000000058208, 3284782.700000000186265 ], [ 407073.900000000023283, 3284782.700000000186265 ], [ 407073.900000000023283, 3284782.900000000372529 ], [ 407073.800000000046566, 3284782.900000000372529 ], [ 407073.800000000046566, 3284782.800000000279397 ], [ 407073.700000000011642, 3284782.800000000279397 ], [ 407073.700000000011642, 3284783.0 ], [ 407073.800000000046566, 3284783.0 ], [ 407073.800000000046566, 3284783.1 ], [ 407073.700000000011642, 3284783.1 ], [ 407073.700000000011642, 3284783.200000000186265 ], [ 407073.500000000058208, 3284783.200000000186265 ], [ 407073.500000000058208, 3284783.300000000279397 ], [ 407073.200000000011642, 3284783.300000000279397 ] ], [ [ 407073.300000000046566, 3284783.200000000186265 ], [ 407073.400000000023283, 3284783.200000000186265 ], [ 407073.400000000023283, 3284783.1 ], [ 407073.300000000046566, 3284783.1 ], [ 407073.300000000046566, 3284783.200000000186265 ] ], [ [ 407073.300000000046566, 3284783.0 ], [ 407073.600000000034925, 3284783.0 ], [ 407073.600000000034925, 3284782.800000000279397 ], [ 407073.400000000023283, 3284782.800000000279397 ], [ 407073.400000000023283, 3284782.900000000372529 ], [ 407073.300000000046566, 3284782.900000000372529 ], [ 407073.300000000046566, 3284783.0 ] ], [ [ 407073.600000000034925, 3284782.300000000279397 ], [ 407073.700000000011642, 3284782.300000000279397 ], [ 407073.700000000011642, 3284782.200000000186265 ], [ 407073.600000000034925, 3284782.200000000186265 ], [ 407073.600000000034925, 3284782.300000000279397 ] ], [ [ 407073.800000000046566, 3284782.200000000186265 ], [ 407073.900000000023283, 3284782.200000000186265 ], [ 407073.900000000023283, 3284782.1 ], [ 407073.800000000046566, 3284782.1 ], [ 407073.800000000046566, 3284782.200000000186265 ] ] ] } },
{ "type": "Feature", "properties": { "zone_id": 4, "change_class": "Significant Loss", "threshold": "<= -0.15 Delta ExG", "area_sq_m": 0.57 }, "geometry": { "type": "Polygon", "coordinates": [ [ [ 407067.300000000046566, 3284782.300000000279397 ], [ 407067.300000000046566, 3284781.800000000279397 ], [ 407067.200000000011642, 3284781.800000000279397 ], [ 407067.200000000011642, 3284781.900000000372529 ], [ 407067.100000000034925, 3284781.900000000372529 ], [ 407067.100000000034925, 3284781.700000000186265 ], [ 407067.200000000011642, 3284781.700000000186265 ], [ 407067.200000000011642, 3284781.5 ], [ 407067.300000000046566, 3284781.5 ], [ 407067.300000000046566, 3284781.400000000372529 ], [ 407067.200000000011642, 3284781.400000000372529 ], [ 407067.200000000011642, 3284781.300000000279397 ], [ 407067.400000000023283, 3284781.300000000279397 ], [ 407067.400000000023283, 3284781.400000000372529 ], [ 407067.600000000034925, 3284781.400000000372529 ], [ 407067.600000000034925, 3284781.300000000279397 ], [ 407067.900000000023283, 3284781.300000000279397 ], [ 407067.900000000023283, 3284781.200000000186265 ], [ 407067.800000000046566, 3284781.200000000186265 ], [ 407067.800000000046566, 3284781.0 ], [ 407067.900000000023283, 3284781.0 ], [ 407067.900000000023283, 3284781.1 ], [ 407068.100000000034925, 3284781.1 ], [ 407068.100000000034925, 3284781.0 ], [ 407068.400000000023283, 3284781.0 ], [ 407068.400000000023283, 3284781.200000000186265 ], [ 407068.300000000046566, 3284781.200000000186265 ], [ 407068.300000000046566, 3284781.400000000372529 ], [ 407068.200000000011642, 3284781.400000000372529 ], [ 407068.200000000011642, 3284781.200000000186265 ], [ 407068.100000000034925, 3284781.200000000186265 ], [ 407068.100000000034925, 3284781.400000000372529 ], [ 407068.000000000058208, 3284781.400000000372529 ], [ 407068.000000000058208, 3284781.6 ], [ 407067.900000000023283, 3284781.6 ], [ 407067.900000000023283, 3284781.400000000372529 ], [ 407067.700000000011642, 3284781.400000000372529 ], [ 407067.700000000011642, 3284781.5 ], [ 407067.800000000046566, 3284781.5 ], [ 407067.800000000046566, 3284781.6 ], [ 407067.700000000011642, 3284781.6 ], [ 407067.700000000011642, 3284782.200000000186265 ], [ 407067.600000000034925, 3284782.200000000186265 ], [ 407067.600000000034925, 3284781.900000000372529 ], [ 407067.400000000023283, 3284781.900000000372529 ], [ 407067.400000000023283, 3284782.1 ], [ 407067.500000000058208, 3284782.1 ], [ 407067.500000000058208, 3284782.200000000186265 ], [ 407067.400000000023283, 3284782.200000000186265 ], [ 407067.400000000023283, 3284782.300000000279397 ], [ 407067.300000000046566, 3284782.300000000279397 ] ] ] } },
{ "type": "Feature", "properties": { "zone_id": 5, "change_class": "Significant Loss", "threshold": "<= -0.15 Delta ExG", "area_sq_m": 0.53 }, "geometry": { "type": "Polygon", "coordinates": [ [ [ 407065.800000000046566, 3284777.5 ], [ 407065.800000000046566, 3284777.300000000279397 ], [ 407065.600000000034925, 3284777.300000000279397 ], [ 407065.600000000034925, 3284777.200000000186265 ], [ 407065.500000000058208, 3284777.200000000186265 ], [ 407065.500000000058208, 3284777.1 ], [ 407065.800000000046566, 3284777.1 ], [ 407065.800000000046566, 3284777.0 ], [ 407065.600000000034925, 3284777.0 ], [ 407065.600000000034925, 3284776.900000000372529 ], [ 407065.400000000023283, 3284776.900000000372529 ], [ 407065.400000000023283, 3284776.800000000279397 ], [ 407065.500000000058208, 3284776.800000000279397 ], [ 407065.500000000058208, 3284776.700000000186265 ], [ 407065.600000000034925, 3284776.700000000186265 ], [ 407065.600000000034925, 3284776.800000000279397 ], [ 407065.700000000011642, 3284776.800000000279397 ], [ 407065.700000000011642, 3284776.700000000186265 ], [ 407065.800000000046566, 3284776.700000000186265 ], [ 407065.800000000046566, 3284776.6 ], [ 407065.900000000023283, 3284776.6 ], [ 407065.900000000023283, 3284776.400000000372529 ], [ 407066.000000000058208, 3284776.400000000372529 ], [ 407066.000000000058208, 3284776.5 ], [ 407066.200000000011642, 3284776.5 ], [ 407066.200000000011642, 3284776.6 ], [ 407066.300000000046566, 3284776.6 ], [ 407066.300000000046566, 3284776.700000000186265 ], [ 407066.400000000023283, 3284776.700000000186265 ], [ 407066.400000000023283, 3284776.6 ], [ 407066.600000000034925, 3284776.6 ], [ 407066.600000000034925, 3284776.700000000186265 ], [ 407066.700000000011642, 3284776.700000000186265 ], [ 407066.700000000011642, 3284776.800000000279397 ], [ 407066.500000000058208, 3284776.800000000279397 ], [ 407066.500000000058208, 3284777.0 ], [ 407066.400000000023283, 3284777.0 ], [ 407066.400000000023283, 3284777.1 ], [ 407066.100000000034925, 3284777.1 ], [ 407066.100000000034925, 3284777.200000000186265 ], [ 407065.900000000023283, 3284777.200000000186265 ], [ 407065.900000000023283, 3284777.5 ], [ 407065.800000000046566, 3284777.5 ] ], [ [ 407066.300000000046566, 3284777.0 ], [ 407066.400000000023283, 3284777.0 ], [ 407066.400000000023283, 3284776.900000000372529 ], [ 407066.300000000046566, 3284776.900000000372529 ], [ 407066.300000000046566, 3284777.0 ] ], [ [ 407065.700000000011642, 3284776.900000000372529 ], [ 407065.800000000046566, 3284776.900000000372529 ], [ 407065.800000000046566, 3284776.800000000279397 ], [ 407065.700000000011642, 3284776.800000000279397 ], [ 407065.700000000011642, 3284776.900000000372529 ] ], [ [ 407066.000000000058208, 3284776.900000000372529 ], [ 407066.100000000034925, 3284776.900000000372529 ], [ 407066.100000000034925, 3284776.700000000186265 ], [ 407066.000000000058208, 3284776.700000000186265 ], [ 407066.000000000058208, 3284776.900000000372529 ] ], [ [ 407066.200000000011642, 3284776.800000000279397 ], [ 407066.300000000046566, 3284776.800000000279397 ], [ 407066.300000000046566, 3284776.700000000186265 ], [ 407066.200000000011642, 3284776.700000000186265 ], [ 407066.200000000011642, 3284776.800000000279397 ] ], [ [ 407065.900000000023283, 3284776.700000000186265 ], [ 407066.000000000058208, 3284776.700000000186265 ], [ 407066.000000000058208, 3284776.6 ], [ 407065.900000000023283, 3284776.6 ], [ 407065.900000000023283, 3284776.700000000186265 ] ] ] } },
{ "type": "Feature", "properties": { "zone_id": 6, "change_class": "Significant Loss", "threshold": "<= -0.15 Delta ExG", "area_sq_m": 0.75 }, "geometry": { "type": "Polygon", "coordinates": [ [ [ 407061.600000000034925, 3284774.700000000186265 ], [ 407061.600000000034925, 3284774.6 ], [ 407061.500000000058208, 3284774.6 ], [ 407061.500000000058208, 3284774.200000000186265 ], [ 407061.400000000023283, 3284774.200000000186265 ], [ 407061.400000000023283, 3284774.0 ], [ 407061.300000000046566, 3284774.0 ], [ 407061.300000000046566, 3284773.6 ], [ 407061.500000000058208, 3284773.6 ], [ 407061.500000000058208, 3284773.700000000186265 ], [ 407061.700000000011642, 3284773.700000000186265 ], [ 407061.700000000011642, 3284773.6 ], [ 407062.100000000034925, 3284773.6 ], [ 407062.100000000034925, 3284773.700000000186265 ], [ 407062.200000000011642, 3284773.700000000186265 ], [ 407062.200000000011642, 3284773.6 ], [ 407062.300000000046566, 3284773.6 ], [ 407062.300000000046566, 3284773.800000000279397 ], [ 407062.400000000023283, 3284773.800000000279397 ], [ 407062.400000000023283, 3284773.900000000372529 ], [ 407062.500000000058208, 3284773.900000000372529 ], [ 407062.500000000058208, 3284774.1 ], [ 407062.400000000023283, 3284774.1 ], [ 407062.400000000023283, 3284774.200000000186265 ], [ 407062.500000000058208, 3284774.200000000186265 ], [ 407062.500000000058208, 3284774.300000000279397 ], [ 407062.300000000046566, 3284774.300000000279397 ], [ 407062.300000000046566, 3284774.200000000186265 ], [ 407062.000000000058208, 3284774.200000000186265 ], [ 407062.000000000058208, 3284774.300000000279397 ], [ 407061.900000000023283, 3284774.300000000279397 ], [ 407061.900000000023283, 3284774.400000000372529 ], [ 407062.000000000058208, 3284774.400000000372529 ], [ 407062.000000000058208, 3284774.6 ], [ 407061.900000000023283, 3284774.6 ], [ 407061.900000000023283, 3284774.700000000186265 ], [ 407061.800000000046566, 3284774.700000000186265 ], [ 407061.800000000046566, 3284774.400000000372529 ], [ 407061.700000000011642, 3284774.400000000372529 ], [ 407061.700000000011642, 3284774.700000000186265 ], [ 407061.600000000034925, 3284774.700000000186265 ] ], [ [ 407061.800000000046566, 3284774.200000000186265 ], [ 407061.900000000023283, 3284774.200000000186265 ], [ 407061.900000000023283, 3284774.1 ], [ 407061.800000000046566, 3284774.1 ], [ 407061.800000000046566, 3284774.200000000186265 ] ], [ [ 407061.600000000034925, 3284774.1 ], [ 407061.700000000011642, 3284774.1 ], [ 407061.700000000011642, 3284774.0 ], [ 407061.600000000034925, 3284774.0 ], [ 407061.600000000034925, 3284774.1 ] ], [ [ 407061.800000000046566, 3284774.0 ], [ 407061.900000000023283, 3284774.0 ], [ 407061.900000000023283, 3284773.900000000372529 ], [ 407061.800000000046566, 3284773.900000000372529 ], [ 407061.800000000046566, 3284774.0 ] ], [ [ 407062.300000000046566, 3284774.0 ], [ 407062.400000000023283, 3284774.0 ], [ 407062.400000000023283, 3284773.900000000372529 ], [ 407062.300000000046566, 3284773.900000000372529 ], [ 407062.300000000046566, 3284774.0 ] ], [ [ 407062.100000000034925, 3284773.900000000372529 ], [ 407062.200000000011642, 3284773.900000000372529 ], [ 407062.200000000011642, 3284773.800000000279397 ], [ 407062.100000000034925, 3284773.800000000279397 ], [ 407062.100000000034925, 3284773.900000000372529 ] ], [ [ 407061.800000000046566, 3284773.800000000279397 ], [ 407062.000000000058208, 3284773.800000000279397 ], [ 407062.000000000058208, 3284773.700000000186265 ], [ 407061.800000000046566, 3284773.700000000186265 ], [ 407061.800000000046566, 3284773.800000000279397 ] ] ] } },
{ "type": "Feature", "properties": { "zone_id": 7, "change_class": "Significant Loss", "threshold": "<= -0.15 Delta ExG", "area_sq_m": 1.85 }, "geometry": { "type": "Polygon", "coordinates": [ [ [ 407066.100000000034925, 3284769.700000000186265 ], [ 407066.100000000034925, 3284769.5 ], [ 407065.800000000046566, 3284769.5 ], [ 407065.800000000046566, 3284769.300000000279397 ], [ 407065.700000000011642, 3284769.300000000279397 ], [ 407065.700000000011642, 3284769.0 ], [ 407065.800000000046566, 3284769.0 ], [ 407065.800000000046566, 3284768.800000000279397 ], [ 407065.700000000011642, 3284768.800000000279397 ], [ 407065.700000000011642, 3284768.900000000372529 ], [ 407065.600000000034925, 3284768.900000000372529 ], [ 407065.600000000034925, 3284769.1 ], [ 407065.500000000058208, 3284769.1 ], [ 407065.500000000058208, 3284769.0 ], [ 407065.400000000023283, 3284769.0 ], [ 407065.400000000023283, 3284768.800000000279397 ], [ 407065.300000000046566, 3284768.800000000279397 ], [ 407065.300000000046566, 3284768.900000000372529 ], [ 407065.200000000011642, 3284768.900000000372529 ], [ 407065.200000000011642, 3284768.800000000279397 ], [ 407065.100000000034925, 3284768.800000000279397 ], [ 407065.100000000034925, 3284768.900000000372529 ], [ 407065.000000000058208, 3284768.900000000372529 ], [ 407065.000000000058208, 3284768.800000000279397 ], [ 407064.900000000023283, 3284768.800000000279397 ], [ 407064.900000000023283, 3284768.700000000186265 ], [ 407064.700000000011642, 3284768.700000000186265 ], [ 407064.700000000011642, 3284768.5 ], [ 407065.000000000058208, 3284768.5 ], [ 407065.000000000058208, 3284768.400000000372529 ], [ 407064.700000000011642, 3284768.400000000372529 ], [ 407064.700000000011642, 3284768.1 ], [ 407064.800000000046566, 3284768.1 ], [ 407064.800000000046566, 3284768.0 ], [ 407064.700000000011642, 3284768.0 ], [ 407064.700000000011642, 3284767.900000000372529 ], [ 407064.900000000023283, 3284767.900000000372529 ], [ 407064.900000000023283, 3284768.0 ], [ 407065.000000000058208, 3284768.0 ], [ 407065.000000000058208, 3284768.200000000186265 ], [ 407065.100000000034925, 3284768.200000000186265 ], [ 407065.100000000034925, 3284768.1 ], [ 407065.200000000011642, 3284768.1 ], [ 407065.200000000011642, 3284768.200000000186265 ], [ 407065.300000000046566, 3284768.200000000186265 ], [ 407065.300000000046566, 3284768.300000000279397 ], [ 407065.200000000011642, 3284768.300000000279397 ], [ 407065.200000000011642, 3284768.400000000372529 ], [ 407065.300000000046566, 3284768.400000000372529 ], [ 407065.300000000046566, 3284768.6 ], [ 407065.400000000023283, 3284768.6 ], [ 407065.400000000023283, 3284768.5 ], [ 407065.500000000058208, 3284768.5 ], [ 407065.500000000058208, 3284768.6 ], [ 407065.600000000034925, 3284768.6 ], [ 407065.600000000034925, 3284768.200000000186265 ], [ 407065.700000000011642, 3284768.200000000186265 ], [ 407065.700000000011642, 3284768.0 ], [ 407065.900000000023283, 3284768.0 ], [ 407065.900000000023283, 3284767.900000000372529 ], [ 407066.000000000058208, 3284767.900000000372529 ], [ 407066.000000000058208, 3284767.800000000279397 ], [ 407066.200000000011642, 3284767.800000000279397 ], [ 407066.200000000011642, 3284767.700000000186265 ], [ 407066.300000000046566, 3284767.700000000186265 ], [ 407066.300000000046566, 3284767.800000000279397 ], [ 407066.400000000023283, 3284767.800000000279397 ], [ 407066.400000000023283, 3284768.1 ], [ 407066.500000000058208, 3284768.1 ], [ 407066.500000000058208, 3284768.200000000186265 ], [ 407066.600000000034925, 3284768.200000000186265 ], [ 407066.600000000034925, 3284768.1 ], [ 407066.900000000023283, 3284768.1 ], [ 407066.900000000023283, 3284768.0 ], [ 407067.000000000058208, 3284768.0 ], [ 407067.000000000058208, 3284768.200000000186265 ], [ 407067.200000000011642, 3284768.200000000186265 ], [ 407067.200000000011642, 3284768.1 ], [ 407067.300000000046566, 3284768.1 ], [ 407067.300000000046566, 3284768.300000000279397 ], [ 407067.000000000058208, 3284768.300000000279397 ], [ 407067.000000000058208, 3284768.6 ], [ 407066.900000000023283, 3284768.6 ], [ 407066.900000000023283, 3284768.5 ], [ 407066.800000000046566, 3284768.5 ], [ 407066.800000000046566, 3284768.6 ], [ 407066.600000000034925, 3284768.6 ], [ 407066.600000000034925, 3284768.700000000186265 ], [ 407066.700000000011642, 3284768.700000000186265 ], [ 407066.700000000011642, 3284768.800000000279397 ], [ 407066.300000000046566, 3284768.800000000279397 ], [ 407066.300000000046566, 3284768.900000000372529 ], [ 407066.200000000011642, 3284768.900000000372529 ], [ 407066.200000000011642, 3284768.800000000279397 ], [ 407065.900000000023283, 3284768.800000000279397 ], [ 407065.900000000023283, 3284768.900000000372529 ], [ 407066.100000000034925, 3284768.900000000372529 ], [ 407066.100000000034925, 3284769.1 ], [ 407066.200000000011642, 3284769.1 ], [ 407066.200000000011642, 3284769.300000000279397 ], [ 407066.300000000046566, 3284769.300000000279397 ], [ 407066.300000000046566, 3284769.1 ], [ 407066.400000000023283, 3284769.1 ], [ 407066.400000000023283, 3284769.200000000186265 ], [ 407066.600000000034925, 3284769.200000000186265 ], [ 407066.600000000034925, 3284769.300000000279397 ], [ 407066.500000000058208, 3284769.300000000279397 ], [ 407066.500000000058208, 3284769.6 ], [ 407066.400000000023283, 3284769.6 ], [ 407066.400000000023283, 3284769.700000000186265 ], [ 407066.300000000046566, 3284769.700000000186265 ], [ 407066.300000000046566, 3284769.6 ], [ 407066.200000000011642, 3284769.6 ], [ 407066.200000000011642, 3284769.700000000186265 ], [ 407066.100000000034925, 3284769.700000000186265 ] ], [ [ 407065.800000000046566, 3284769.300000000279397 ], [ 407066.000000000058208, 3284769.300000000279397 ], [ 407066.000000000058208, 3284769.1 ], [ 407065.800000000046566, 3284769.1 ], [ 407065.800000000046566, 3284769.300000000279397 ] ], [ [ 407065.200000000011642, 3284768.700000000186265 ], [ 407065.300000000046566, 3284768.700000000186265 ], [ 407065.300000000046566, 3284768.6 ], [ 407065.200000000011642, 3284768.6 ], [ 407065.200000000011642, 3284768.700000000186265 ] ], [ [ 407065.700000000011642, 3284768.700000000186265 ], [ 407065.800000000046566, 3284768.700000000186265 ], [ 407065.800000000046566, 3284768.6 ], [ 407065.900000000023283, 3284768.6 ], [ 407065.900000000023283, 3284768.700000000186265 ], [ 407066.000000000058208, 3284768.700000000186265 ], [ 407066.000000000058208, 3284768.5 ], [ 407065.900000000023283, 3284768.5 ], [ 407065.900000000023283, 3284768.400000000372529 ], [ 407065.800000000046566, 3284768.400000000372529 ], [ 407065.800000000046566, 3284768.300000000279397 ], [ 407065.700000000011642, 3284768.300000000279397 ], [ 407065.700000000011642, 3284768.700000000186265 ] ], [ [ 407066.100000000034925, 3284768.700000000186265 ], [ 407066.200000000011642, 3284768.700000000186265 ], [ 407066.200000000011642, 3284768.6 ], [ 407066.100000000034925, 3284768.6 ], [ 407066.100000000034925, 3284768.700000000186265 ] ], [ [ 407066.700000000011642, 3284768.400000000372529 ], [ 407066.900000000023283, 3284768.400000000372529 ], [ 407066.900000000023283, 3284768.300000000279397 ], [ 407066.700000000011642, 3284768.300000000279397 ], [ 407066.700000000011642, 3284768.400000000372529 ] ], [ [ 407064.800000000046566, 3284768.200000000186265 ], [ 407064.900000000023283, 3284768.200000000186265 ], [ 407064.900000000023283, 3284768.1 ], [ 407064.800000000046566, 3284768.1 ], [ 407064.800000000046566, 3284768.200000000186265 ] ], [ [ 407066.000000000058208, 3284768.200000000186265 ], [ 407066.100000000034925, 3284768.200000000186265 ], [ 407066.100000000034925, 3284768.0 ], [ 407066.000000000058208, 3284768.0 ], [ 407066.000000000058208, 3284768.200000000186265 ] ], [ [ 407066.100000000034925, 3284768.0 ], [ 407066.300000000046566, 3284768.0 ], [ 407066.300000000046566, 3284767.900000000372529 ], [ 407066.100000000034925, 3284767.900000000372529 ], [ 407066.100000000034925, 3284768.0 ] ] ] } },
{ "type": "Feature", "properties": { "zone_id": 8, "change_class": "Significant Loss", "threshold": "<= -0.15 Delta ExG", "area_sq_m": 31.17 }, "geometry": { "type": "Polygon", "coordinates": [ [ [ 407061.500000000058208, 3284766.1 ], [ 407061.500000000058208, 3284766.0 ], [ 407061.200000000011642, 3284766.0 ], [ 407061.200000000011642, 3284765.900000000372529 ], [ 407061.000000000058208, 3284765.900000000372529 ], [ 407061.000000000058208, 3284765.800000000279397 ], [ 407060.800000000046566, 3284765.800000000279397 ], [ 407060.800000000046566, 3284765.700000000186265 ], [ 407060.700000000011642, 3284765.700000000186265 ], [ 407060.700000000011642, 3284765.6 ], [ 407060.600000000034925, 3284765.6 ], [ 407060.600000000034925, 3284765.5 ], [ 407060.700000000011642, 3284765.5 ], [ 407060.700000000011642, 3284765.300000000279397 ], [ 407060.900000000023283, 3284765.300000000279397 ], [ 407060.900000000023283, 3284765.200000000186265 ], [ 407061.100000000034925, 3284765.200000000186265 ], [ 407061.100000000034925, 3284765.1 ], [ 407061.200000000011642, 3284765.1 ], [ 407061.200000000011642, 3284765.0 ], [ 407061.300000000046566, 3284765.0 ], [ 407061.300000000046566, 3284764.800000000279397 ], [ 407061.200000000011642, 3284764.800000000279397 ], [ 407061.200000000011642, 3284764.700000000186265 ], [ 407061.400000000023283, 3284764.700000000186265 ], [ 407061.400000000023283, 3284765.200000000186265 ], [ 407061.300000000046566, 3284765.200000000186265 ], [ 407061.300000000046566, 3284765.300000000279397 ], [ 407061.500000000058208, 3284765.300000000279397 ], [ 407061.500000000058208, 3284765.200000000186265 ], [ 407061.600000000034925, 3284765.200000000186265 ], [ 407061.600000000034925, 3284765.300000000279397 ], [ 407061.800000000046566, 3284765.300000000279397 ], [ 407061.800000000046566, 3284765.400000000372529 ], [ 407061.900000000023283, 3284765.400000000372529 ], [ 407061.900000000023283, 3284765.1 ], [ 407062.100000000034925, 3284765.1 ], [ 407062.100000000034925, 3284764.6 ], [ 407062.200000000011642, 3284764.6 ], [ 407062.200000000011642, 3284764.700000000186265 ], [ 407062.400000000023283, 3284764.700000000186265 ], [ 407062.400000000023283, 3284764.6 ], [ 407062.300000000046566, 3284764.6 ], [ 407062.300000000046566, 3284764.400000000372529 ], [ 407062.400000000023283, 3284764.400000000372529 ], [ 407062.400000000023283, 3284764.5 ], [ 407062.700000000011642, 3284764.5 ], [ 407062.700000000011642, 3284764.400000000372529 ], [ 407063.500000000058208, 3284764.400000000372529 ], [ 407063.500000000058208, 3284764.300000000279397 ], [ 407063.300000000046566, 3284764.300000000279397 ], [ 407063.300000000046566, 3284764.200000000186265 ], [ 407063.200000000011642, 3284764.200000000186265 ], [ 407063.200000000011642, 3284764.1 ], [ 407063.100000000034925, 3284764.1 ], [ 407063.100000000034925, 3284764.0 ], [ 407063.200000000011642, 3284764.0 ], [ 407063.200000000011642, 3284763.900000000372529 ], [ 407063.100000000034925, 3284763.900000000372529 ], [ 407063.100000000034925, 3284763.800000000279397 ], [ 407062.900000000023283, 3284763.800000000279397 ], [ 407062.900000000023283, 3284763.900000000372529 ], [ 407063.000000000058208, 3284763.900000000372529 ], [ 407063.000000000058208, 3284764.0 ], [ 407062.900000000023283, 3284764.0 ], [ 407062.900000000023283, 3284764.1 ], [ 407062.800000000046566, 3284764.1 ], [ 407062.800000000046566, 3284764.0 ], [ 407062.700000000011642, 3284764.0 ], [ 407062.700000000011642, 3284763.900000000372529 ], [ 407062.500000000058208, 3284763.900000000372529 ], [ 407062.500000000058208, 3284763.800000000279397 ], [ 407062.100000000034925, 3284763.800000000279397 ], [ 407062.100000000034925, 3284763.900000000372529 ], [ 407062.000000000058208, 3284763.900000000372529 ], [ 407062.000000000058208, 3284763.700000000186265 ], [ 407061.700000000011642, 3284763.700000000186265 ], [ 407061.700000000011642, 3284763.6 ], [ 407061.600000000034925, 3284763.6 ], [ 407061.600000000034925, 3284763.700000000186265 ], [ 407061.500000000058208, 3284763.700000000186265 ], [ 407061.500000000058208, 3284763.6 ], [ 407061.300000000046566, 3284763.6 ], [ 407061.300000000046566, 3284763.700000000186265 ], [ 407061.200000000011642, 3284763.700000000186265 ], [ 407061.200000000011642, 3284763.800000000279397 ], [ 407061.100000000034925, 3284763.800000000279397 ], [ 407061.100000000034925, 3284763.700000000186265 ], [ 407060.900000000023283, 3284763.700000000186265 ], [ 407060.900000000023283, 3284763.5 ], [ 407060.700000000011642, 3284763.5 ], [ 407060.700000000011642, 3284763.400000000372529 ], [ 407060.600000000034925, 3284763.400000000372529 ], [ 407060.600000000034925, 3284763.300000000279397 ], [ 407060.500000000058208, 3284763.300000000279397 ], [ 407060.500000000058208, 3284763.200000000186265 ], [ 407060.700000000011642, 3284763.200000000186265 ], [ 407060.700000000011642, 3284763.300000000279397 ], [ 407060.800000000046566, 3284763.300000000279397 ], [ 407060.800000000046566, 3284763.200000000186265 ], [ 407060.900000000023283, 3284763.200000000186265 ], [ 407060.900000000023283, 3284762.900000000372529 ], [ 407061.100000000034925, 3284762.900000000372529 ], [ 407061.100000000034925, 3284762.800000000279397 ], [ 407061.400000000023283, 3284762.800000000279397 ], [ 407061.400000000023283, 3284762.5 ], [ 407061.300000000046566, 3284762.5 ], [ 407061.300000000046566, 3284762.300000000279397 ], [ 407061.400000000023283, 3284762.300000000279397 ], [ 407061.400000000023283, 3284762.400000000372529 ], [ 407061.500000000058208, 3284762.400000000372529 ], [ 407061.500000000058208, 3284762.200000000186265 ], [ 407061.600000000034925, 3284762.200000000186265 ], [ 407061.600000000034925, 3284762.1 ], [ 407061.200000000011642, 3284762.1 ], [ 407061.200000000011642, 3284761.800000000279397 ], [ 407061.300000000046566, 3284761.800000000279397 ], [ 407061.300000000046566, 3284761.700000000186265 ], [ 407061.100000000034925, 3284761.700000000186265 ], [ 407061.100000000034925, 3284761.800000000279397 ], [ 407061.000000000058208, 3284761.800000000279397 ], [ 407061.000000000058208, 3284761.700000000186265 ], [ 407060.800000000046566, 3284761.700000000186265 ], [ 407060.800000000046566, 3284761.800000000279397 ], [ 407060.900000000023283, 3284761.800000000279397 ], [ 407060.900000000023283, 3284762.0 ], [ 407060.800000000046566, 3284762.0 ], [ 407060.800000000046566, 3284761.900000000372529 ], [ 407060.700000000011642, 3284761.900000000372529 ], [ 407060.700000000011642, 3284761.800000000279397 ], [ 407060.400000000023283, 3284761.800000000279397 ], [ 407060.400000000023283, 3284761.700000000186265 ], [ 407060.200000000011642, 3284761.700000000186265 ], [ 407060.200000000011642, 3284761.800000000279397 ], [ 407060.100000000034925, 3284761.800000000279397 ], [ 407060.100000000034925, 3284761.6 ], [ 407060.000000000058208, 3284761.6 ], [ 407060.000000000058208, 3284761.800000000279397 ], [ 407059.800000000046566, 3284761.800000000279397 ], [ 407059.800000000046566, 3284762.1 ], [ 407059.700000000011642, 3284762.1 ], [ 407059.700000000011642, 3284762.400000000372529 ], [ 407059.900000000023283, 3284762.400000000372529 ], [ 407059.900000000023283, 3284762.6 ], [ 407060.000000000058208, 3284762.6 ], [ 407060.000000000058208, 3284762.200000000186265 ], [ 407060.100000000034925, 3284762.200000000186265 ], [ 407060.100000000034925, 3284762.900000000372529 ], [ 407060.200000000011642, 3284762.900000000372529 ], [ 407060.200000000011642, 3284762.800000000279397 ], [ 407060.300000000046566, 3284762.800000000279397 ], [ 407060.300000000046566, 3284763.0 ], [ 407060.200000000011642, 3284763.0 ], [ 407060.200000000011642, 3284763.200000000186265 ], [ 407060.100000000034925, 3284763.200000000186265 ], [ 407060.100000000034925, 3284763.0 ], [ 407059.900000000023283, 3284763.0 ], [ 407059.900000000023283, 3284763.1 ], [ 407060.000000000058208, 3284763.1 ], [ 407060.000000000058208, 3284763.400000000372529 ], [ 407060.100000000034925, 3284763.400000000372529 ], [ 407060.100000000034925, 3284763.6 ], [ 407059.900000000023283, 3284763.6 ], [ 407059.900000000023283, 3284763.800000000279397 ], [ 407060.100000000034925, 3284763.800000000279397 ], [ 407060.100000000034925, 3284763.900000000372529 ], [ 407060.200000000011642, 3284763.900000000372529 ], [ 407060.200000000011642, 3284764.0 ], [ 407060.100000000034925, 3284764.0 ], [ 407060.100000000034925, 3284764.1 ], [ 407060.000000000058208, 3284764.1 ], [ 407060.000000000058208, 3284764.200000000186265 ], [ 407060.100000000034925, 3284764.200000000186265 ], [ 407060.100000000034925, 3284764.400000000372529 ], [ 407059.900000000023283, 3284764.400000000372529 ], [ 407059.900000000023283, 3284764.300000000279397 ], [ 407059.800000000046566, 3284764.300000000279397 ], [ 407059.800000000046566, 3284764.0 ], [ 407059.300000000046566, 3284764.0 ], [ 407059.300000000046566, 3284763.900000000372529 ], [ 407059.200000000011642, 3284763.900000000372529 ], [ 407059.200000000011642, 3284764.0 ], [ 407059.100000000034925, 3284764.0 ], [ 407059.100000000034925, 3284764.200000000186265 ], [ 407059.000000000058208, 3284764.200000000186265 ], [ 407059.000000000058208, 3284764.1 ], [ 407058.700000000011642, 3284764.1 ], [ 407058.700000000011642, 3284764.300000000279397 ], [ 407058.500000000058208, 3284764.300000000279397 ], [ 407058.500000000058208, 3284764.400000000372529 ], [ 407058.400000000023283, 3284764.400000000372529 ], [ 407058.400000000023283, 3284764.5 ], [ 407058.200000000011642, 3284764.5 ], [ 407058.200000000011642, 3284764.300000000279397 ], [ 407058.000000000058208, 3284764.300000000279397 ], [ 407058.000000000058208, 3284764.700000000186265 ], [ 407057.800000000046566, 3284764.700000000186265 ], [ 407057.800000000046566, 3284764.6 ], [ 407057.700000000011642, 3284764.6 ], [ 407057.700000000011642, 3284764.5 ], [ 407057.600000000034925, 3284764.5 ], [ 407057.600000000034925, 3284764.6 ], [ 407057.500000000058208, 3284764.6 ], [ 407057.500000000058208, 3284764.5 ], [ 407057.400000000023283, 3284764.5 ], [ 407057.400000000023283, 3284764.700000000186265 ], [ 407057.300000000046566, 3284764.700000000186265 ], [ 407057.300000000046566, 3284764.6 ], [ 407057.200000000011642, 3284764.6 ], [ 407057.200000000011642, 3284764.900000000372529 ], [ 407057.100000000034925, 3284764.900000000372529 ], [ 407057.100000000034925, 3284764.800000000279397 ], [ 407057.000000000058208, 3284764.800000000279397 ], [ 407057.000000000058208, 3284764.700000000186265 ], [ 407056.900000000023283, 3284764.700000000186265 ], [ 407056.900000000023283, 3284764.6 ], [ 407056.800000000046566, 3284764.6 ], [ 407056.800000000046566, 3284764.400000000372529 ], [ 407056.700000000011642, 3284764.400000000372529 ], [ 407056.700000000011642, 3284764.300000000279397 ], [ 407056.600000000034925, 3284764.300000000279397 ], [ 407056.600000000034925, 3284764.200000000186265 ], [ 407056.500000000058208, 3284764.200000000186265 ], [ 407056.500000000058208, 3284764.1 ], [ 407056.300000000046566, 3284764.1 ], [ 407056.300000000046566, 3284764.0 ], [ 407056.000000000058208, 3284764.0 ], [ 407056.000000000058208, 3284763.900000000372529 ], [ 407055.900000000023283, 3284763.900000000372529 ], [ 407055.900000000023283, 3284763.6 ], [ 407055.800000000046566, 3284763.6 ], [ 407055.800000000046566, 3284763.800000000279397 ], [ 407055.700000000011642, 3284763.800000000279397 ], [ 407055.700000000011642, 3284763.6 ], [ 407055.600000000034925, 3284763.6 ], [ 407055.600000000034925, 3284763.400000000372529 ], [ 407055.200000000011642, 3284763.400000000372529 ], [ 407055.200000000011642, 3284763.300000000279397 ], [ 407055.000000000058208, 3284763.300000000279397 ], [ 407055.000000000058208, 3284763.1 ], [ 407054.700000000011642, 3284763.1 ], [ 407054.700000000011642, 3284763.0 ], [ 407054.900000000023283, 3284763.0 ], [ 407054.900000000023283, 3284762.900000000372529 ], [ 407054.800000000046566, 3284762.900000000372529 ], [ 407054.800000000046566, 3284762.700000000186265 ], [ 407055.000000000058208, 3284762.700000000186265 ], [ 407055.000000000058208, 3284762.5 ], [ 407055.100000000034925, 3284762.5 ], [ 407055.100000000034925, 3284762.400000000372529 ], [ 407055.200000000011642, 3284762.400000000372529 ], [ 407055.200000000011642, 3284762.300000000279397 ], [ 407055.300000000046566, 3284762.300000000279397 ], [ 407055.300000000046566, 3284762.200000000186265 ], [ 407055.600000000034925, 3284762.200000000186265 ], [ 407055.600000000034925, 3284762.1 ], [ 407055.700000000011642, 3284762.1 ], [ 407055.700000000011642, 3284762.200000000186265 ], [ 407055.800000000046566, 3284762.200000000186265 ], [ 407055.800000000046566, 3284762.1 ], [ 407055.900000000023283, 3284762.1 ], [ 407055.900000000023283, 3284761.800000000279397 ], [ 407056.400000000023283, 3284761.800000000279397 ], [ 407056.400000000023283, 3284761.700000000186265 ], [ 407056.500000000058208, 3284761.700000000186265 ], [ 407056.500000000058208, 3284761.6 ], [ 407056.600000000034925, 3284761.6 ], [ 407056.600000000034925, 3284761.5 ], [ 407056.700000000011642, 3284761.5 ], [ 407056.700000000011642, 3284761.700000000186265 ], [ 407056.900000000023283, 3284761.700000000186265 ], [ 407056.900000000023283, 3284761.800000000279397 ], [ 407056.800000000046566, 3284761.800000000279397 ], [ 407056.800000000046566, 3284761.900000000372529 ], [ 407057.000000000058208, 3284761.900000000372529 ], [ 407057.000000000058208, 3284761.700000000186265 ], [ 407057.100000000034925, 3284761.700000000186265 ], [ 407057.100000000034925, 3284762.0 ], [ 407057.200000000011642, 3284762.0 ], [ 407057.200000000011642, 3284762.1 ], [ 407057.300000000046566, 3284762.1 ], [ 407057.300000000046566, 3284762.300000000279397 ], [ 407057.500000000058208, 3284762.300000000279397 ], [ 407057.500000000058208, 3284762.400000000372529 ], [ 407057.400000000023283, 3284762.400000000372529 ], [ 407057.400000000023283, 3284762.5 ], [ 407057.300000000046566, 3284762.5 ], [ 407057.300000000046566, 3284762.6 ], [ 407057.600000000034925, 3284762.6 ], [ 407057.600000000034925, 3284762.700000000186265 ], [ 407057.700000000011642, 3284762.700000000186265 ], [ 407057.700000000011642, 3284762.900000000372529 ], [ 407057.800000000046566, 3284762.900000000372529 ], [ 407057.800000000046566, 3284763.0 ], [ 407058.000000000058208, 3284763.0 ], [ 407058.000000000058208, 3284763.1 ], [ 407058.100000000034925, 3284763.1 ], [ 407058.100000000034925, 3284763.200000000186265 ], [ 407058.200000000011642, 3284763.200000000186265 ], [ 407058.200000000011642, 3284763.1 ], [ 407058.300000000046566, 3284763.1 ], [ 407058.300000000046566, 3284763.200000000186265 ], [ 407058.400000000023283, 3284763.200000000186265 ], [ 407058.400000000023283, 3284763.1 ], [ 407058.500000000058208, 3284763.1 ], [ 407058.500000000058208, 3284762.900000000372529 ], [ 407058.400000000023283, 3284762.900000000372529 ], [ 407058.400000000023283, 3284762.700000000186265 ], [ 407058.300000000046566, 3284762.700000000186265 ], [ 407058.300000000046566, 3284762.6 ], [ 407058.500000000058208, 3284762.6 ], [ 407058.500000000058208, 3284762.5 ], [ 407058.600000000034925, 3284762.5 ], [ 407058.600000000034925, 3284762.400000000372529 ], [ 407058.700000000011642, 3284762.400000000372529 ], [ 407058.700000000011642, 3284762.300000000279397 ], [ 407058.800000000046566, 3284762.300000000279397 ], [ 407058.800000000046566, 3284762.400000000372529 ], [ 407058.900000000023283, 3284762.400000000372529 ], [ 407058.900000000023283, 3284762.300000000279397 ], [ 407059.000000000058208, 3284762.300000000279397 ], [ 407059.000000000058208, 3284762.1 ], [ 407059.100000000034925, 3284762.1 ], [ 407059.100000000034925, 3284761.900000000372529 ], [ 407059.000000000058208, 3284761.900000000372529 ], [ 407059.000000000058208, 3284761.700000000186265 ], [ 407058.900000000023283, 3284761.700000000186265 ], [ 407058.900000000023283, 3284761.5 ], [ 407058.800000000046566, 3284761.5 ], [ 407058.800000000046566, 3284761.700000000186265 ], [ 407058.700000000011642, 3284761.700000000186265 ], [ 407058.700000000011642, 3284761.5 ], [ 407058.400000000023283, 3284761.5 ], [ 407058.400000000023283, 3284761.6 ], [ 407058.200000000011642, 3284761.6 ], [ 407058.200000000011642, 3284761.700000000186265 ], [ 407057.900000000023283, 3284761.700000000186265 ], [ 407057.900000000023283, 3284761.6 ], [ 407057.800000000046566, 3284761.6 ], [ 407057.800000000046566, 3284761.5 ], [ 407057.700000000011642, 3284761.5 ], [ 407057.700000000011642, 3284761.400000000372529 ], [ 407057.800000000046566, 3284761.400000000372529 ], [ 407057.800000000046566, 3284761.300000000279397 ], [ 407058.000000000058208, 3284761.300000000279397 ], [ 407058.000000000058208, 3284761.200000000186265 ], [ 407057.700000000011642, 3284761.200000000186265 ], [ 407057.700000000011642, 3284761.1 ], [ 407057.600000000034925, 3284761.1 ], [ 407057.600000000034925, 3284760.900000000372529 ], [ 407057.700000000011642, 3284760.900000000372529 ], [ 407057.700000000011642, 3284760.800000000279397 ], [ 407057.800000000046566, 3284760.800000000279397 ], [ 407057.800000000046566, 3284760.5 ], [ 407058.000000000058208, 3284760.5 ], [ 407058.000000000058208, 3284760.400000000372529 ], [ 407058.200000000011642, 3284760.400000000372529 ], [ 407058.200000000011642, 3284760.300000000279397 ], [ 407058.300000000046566, 3284760.300000000279397 ], [ 407058.300000000046566, 3284760.400000000372529 ], [ 407058.400000000023283, 3284760.400000000372529 ], [ 407058.400000000023283, 3284760.300000000279397 ], [ 407058.500000000058208, 3284760.300000000279397 ], [ 407058.500000000058208, 3284760.200000000186265 ], [ 407058.600000000034925, 3284760.200000000186265 ], [ 407058.600000000034925, 3284760.300000000279397 ], [ 407058.700000000011642, 3284760.300000000279397 ], [ 407058.700000000011642, 3284760.1 ], [ 407058.900000000023283, 3284760.1 ], [ 407058.900000000023283, 3284760.300000000279397 ], [ 407059.000000000058208, 3284760.300000000279397 ], [ 407059.000000000058208, 3284760.400000000372529 ], [ 407059.800000000046566, 3284760.400000000372529 ], [ 407059.800000000046566, 3284760.5 ], [ 407059.900000000023283, 3284760.5 ], [ 407059.900000000023283, 3284760.6 ], [ 407060.200000000011642, 3284760.6 ], [ 407060.200000000011642, 3284760.5 ], [ 407060.500000000058208, 3284760.5 ], [ 407060.500000000058208, 3284760.6 ], [ 407060.900000000023283, 3284760.6 ], [ 407060.900000000023283, 3284760.700000000186265 ], [ 407061.000000000058208, 3284760.700000000186265 ], [ 407061.000000000058208, 3284760.800000000279397 ], [ 407061.100000000034925, 3284760.800000000279397 ], [ 407061.100000000034925, 3284760.6 ], [ 407061.900000000023283, 3284760.6 ], [ 407061.900000000023283, 3284760.700000000186265 ], [ 407062.300000000046566, 3284760.700000000186265 ], [ 407062.300000000046566, 3284760.5 ], [ 407062.400000000023283, 3284760.5 ], [ 407062.400000000023283, 3284760.400000000372529 ], [ 407062.500000000058208, 3284760.400000000372529 ], [ 407062.500000000058208, 3284760.5 ], [ 407062.700000000011642, 3284760.5 ], [ 407062.700000000011642, 3284760.700000000186265 ], [ 407062.900000000023283, 3284760.700000000186265 ], [ 407062.900000000023283, 3284760.800000000279397 ], [ 407063.000000000058208, 3284760.800000000279397 ], [ 407063.000000000058208, 3284760.900000000372529 ], [ 407063.200000000011642, 3284760.900000000372529 ], [ 407063.200000000011642, 3284761.0 ], [ 407063.300000000046566, 3284761.0 ], [ 407063.300000000046566, 3284761.200000000186265 ], [ 407063.400000000023283, 3284761.200000000186265 ], [ 407063.400000000023283, 3284761.300000000279397 ], [ 407063.600000000034925, 3284761.300000000279397 ], [ 407063.600000000034925, 3284761.400000000372529 ], [ 407063.700000000011642, 3284761.400000000372529 ], [ 407063.700000000011642, 3284761.6 ], [ 407063.600000000034925, 3284761.6 ], [ 407063.600000000034925, 3284761.700000000186265 ], [ 407063.800000000046566, 3284761.700000000186265 ], [ 407063.800000000046566, 3284761.900000000372529 ], [ 407064.000000000058208, 3284761.900000000372529 ], [ 407064.000000000058208, 3284762.0 ], [ 407064.100000000034925, 3284762.0 ], [ 407064.100000000034925, 3284762.1 ], [ 407064.200000000011642, 3284762.1 ], [ 407064.200000000011642, 3284762.300000000279397 ], [ 407064.300000000046566, 3284762.300000000279397 ], [ 407064.300000000046566, 3284762.400000000372529 ], [ 407064.200000000011642, 3284762.400000000372529 ], [ 407064.200000000011642, 3284762.5 ], [ 407064.400000000023283, 3284762.5 ], [ 407064.400000000023283, 3284762.6 ], [ 407064.300000000046566, 3284762.6 ], [ 407064.300000000046566, 3284762.900000000372529 ], [ 407064.400000000023283, 3284762.900000000372529 ], [ 407064.400000000023283, 3284762.800000000279397 ], [ 407064.600000000034925, 3284762.800000000279397 ], [ 407064.600000000034925, 3284762.700000000186265 ], [ 407064.800000000046566, 3284762.700000000186265 ], [ 407064.800000000046566, 3284762.800000000279397 ], [ 407064.900000000023283, 3284762.800000000279397 ], [ 407064.900000000023283, 3284762.700000000186265 ], [ 407065.100000000034925, 3284762.700000000186265 ], [ 407065.100000000034925, 3284762.5 ], [ 407065.200000000011642, 3284762.5 ], [ 407065.200000000011642, 3284762.6 ], [ 407065.300000000046566, 3284762.6 ], [ 407065.300000000046566, 3284762.300000000279397 ], [ 407065.200000000011642, 3284762.300000000279397 ], [ 407065.200000000011642, 3284761.900000000372529 ], [ 407065.100000000034925, 3284761.900000000372529 ], [ 407065.100000000034925, 3284761.6 ], [ 407065.200000000011642, 3284761.6 ], [ 407065.200000000011642, 3284761.700000000186265 ], [ 407065.300000000046566, 3284761.700000000186265 ], [ 407065.300000000046566, 3284761.6 ], [ 407065.400000000023283, 3284761.6 ], [ 407065.400000000023283, 3284761.800000000279397 ], [ 407065.500000000058208, 3284761.800000000279397 ], [ 407065.500000000058208, 3284761.6 ], [ 407065.600000000034925, 3284761.6 ], [ 407065.600000000034925, 3284761.700000000186265 ], [ 407065.700000000011642, 3284761.700000000186265 ], [ 407065.700000000011642, 3284762.0 ], [ 407065.800000000046566, 3284762.0 ], [ 407065.800000000046566, 3284761.900000000372529 ], [ 407065.900000000023283, 3284761.900000000372529 ], [ 407065.900000000023283, 3284762.1 ], [ 407066.000000000058208, 3284762.1 ], [ 407066.000000000058208, 3284761.900000000372529 ], [ 407066.100000000034925, 3284761.900000000372529 ], [ 407066.100000000034925, 3284762.0 ], [ 407066.200000000011642, 3284762.0 ], [ 407066.200000000011642, 3284762.1 ], [ 407066.100000000034925, 3284762.1 ], [ 407066.100000000034925, 3284762.200000000186265 ], [ 407066.000000000058208, 3284762.200000000186265 ], [ 407066.000000000058208, 3284762.400000000372529 ], [ 407066.100000000034925, 3284762.400000000372529 ], [ 407066.100000000034925, 3284762.300000000279397 ], [ 407066.300000000046566, 3284762.300000000279397 ], [ 407066.300000000046566, 3284762.400000000372529 ], [ 407066.600000000034925, 3284762.400000000372529 ], [ 407066.600000000034925, 3284762.6 ], [ 407066.700000000011642, 3284762.6 ], [ 407066.700000000011642, 3284762.300000000279397 ], [ 407066.800000000046566, 3284762.300000000279397 ], [ 407066.800000000046566, 3284762.400000000372529 ], [ 407066.900000000023283, 3284762.400000000372529 ], [ 407066.900000000023283, 3284762.6 ], [ 407067.000000000058208, 3284762.6 ], [ 407067.000000000058208, 3284762.400000000372529 ], [ 407067.100000000034925, 3284762.400000000372529 ], [ 407067.100000000034925, 3284762.5 ], [ 407067.300000000046566, 3284762.5 ], [ 407067.300000000046566, 3284762.700000000186265 ], [ 407067.400000000023283, 3284762.700000000186265 ], [ 407067.400000000023283, 3284762.6 ], [ 407067.600000000034925, 3284762.6 ], [ 407067.600000000034925, 3284762.5 ], [ 407067.800000000046566, 3284762.5 ], [ 407067.800000000046566, 3284762.6 ], [ 407067.700000000011642, 3284762.6 ], [ 407067.700000000011642, 3284762.800000000279397 ], [ 407067.900000000023283, 3284762.800000000279397 ], [ 407067.900000000023283, 3284762.900000000372529 ], [ 407068.000000000058208, 3284762.900000000372529 ], [ 407068.000000000058208, 3284762.800000000279397 ], [ 407068.100000000034925, 3284762.800000000279397 ], [ 407068.100000000034925, 3284762.700000000186265 ], [ 407068.200000000011642, 3284762.700000000186265 ], [ 407068.200000000011642, 3284762.800000000279397 ], [ 407068.500000000058208, 3284762.800000000279397 ], [ 407068.500000000058208, 3284762.900000000372529 ], [ 407068.300000000046566, 3284762.900000000372529 ], [ 407068.300000000046566, 3284763.0 ], [ 407068.400000000023283, 3284763.0 ], [ 407068.400000000023283, 3284763.1 ], [ 407068.300000000046566, 3284763.1 ], [ 407068.300000000046566, 3284763.200000000186265 ], [ 407068.200000000011642, 3284763.200000000186265 ], [ 407068.200000000011642, 3284763.300000000279397 ], [ 407068.100000000034925, 3284763.300000000279397 ], [ 407068.100000000034925, 3284763.400000000372529 ], [ 407068.000000000058208, 3284763.400000000372529 ], [ 407068.000000000058208, 3284763.5 ], [ 407068.100000000034925, 3284763.5 ], [ 407068.100000000034925, 3284763.700000000186265 ], [ 407068.000000000058208, 3284763.700000000186265 ], [ 407068.000000000058208, 3284763.6 ], [ 407067.900000000023283, 3284763.6 ], [ 407067.900000000023283, 3284763.5 ], [ 407067.600000000034925, 3284763.5 ], [ 407067.600000000034925, 3284763.6 ], [ 407067.700000000011642, 3284763.6 ], [ 407067.700000000011642, 3284763.800000000279397 ], [ 407067.900000000023283, 3284763.800000000279397 ], [ 407067.900000000023283, 3284764.0 ], [ 407068.000000000058208, 3284764.0 ], [ 407068.000000000058208, 3284763.800000000279397 ], [ 407068.200000000011642, 3284763.800000000279397 ], [ 407068.200000000011642, 3284764.0 ], [ 407068.300000000046566, 3284764.0 ], [ 407068.300000000046566, 3284763.900000000372529 ], [ 407068.500000000058208, 3284763.900000000372529 ], [ 407068.500000000058208, 3284764.1 ], [ 407068.600000000034925, 3284764.1 ], [ 407068.600000000034925, 3284764.5 ], [ 407068.500000000058208, 3284764.5 ], [ 407068.500000000058208, 3284764.300000000279397 ], [ 407068.300000000046566, 3284764.300000000279397 ], [ 407068.300000000046566, 3284764.400000000372529 ], [ 407068.100000000034925, 3284764.400000000372529 ], [ 407068.100000000034925, 3284764.6 ], [ 407068.000000000058208, 3284764.6 ], [ 407068.000000000058208, 3284764.5 ], [ 407067.900000000023283, 3284764.5 ], [ 407067.900000000023283, 3284764.300000000279397 ], [ 407067.800000000046566, 3284764.300000000279397 ], [ 407067.800000000046566, 3284764.5 ], [ 407067.700000000011642, 3284764.5 ], [ 407067.700000000011642, 3284764.300000000279397 ], [ 407067.600000000034925, 3284764.300000000279397 ], [ 407067.600000000034925, 3284764.200000000186265 ], [ 407067.500000000058208, 3284764.200000000186265 ], [ 407067.500000000058208, 3284764.1 ], [ 407067.400000000023283, 3284764.1 ], [ 407067.400000000023283, 3284764.0 ], [ 407067.300000000046566, 3284764.0 ], [ 407067.300000000046566, 3284763.900000000372529 ], [ 407067.200000000011642, 3284763.900000000372529 ], [ 407067.200000000011642, 3284764.0 ], [ 407067.100000000034925, 3284764.0 ], [ 407067.100000000034925, 3284764.1 ], [ 407066.800000000046566, 3284764.1 ], [ 407066.800000000046566, 3284764.300000000279397 ], [ 407066.700000000011642, 3284764.300000000279397 ], [ 407066.700000000011642, 3284764.0 ], [ 407066.600000000034925, 3284764.0 ], [ 407066.600000000034925, 3284763.900000000372529 ], [ 407066.700000000011642, 3284763.900000000372529 ], [ 407066.700000000011642, 3284763.800000000279397 ], [ 407066.500000000058208, 3284763.800000000279397 ], [ 407066.500000000058208, 3284763.5 ], [ 407066.300000000046566, 3284763.5 ], [ 407066.300000000046566, 3284763.400000000372529 ], [ 407066.200000000011642, 3284763.400000000372529 ], [ 407066.200000000011642, 3284763.300000000279397 ], [ 407066.100000000034925, 3284763.300000000279397 ], [ 407066.100000000034925, 3284763.5 ], [ 407065.900000000023283, 3284763.5 ], [ 407065.900000000023283, 3284763.6 ], [ 407066.000000000058208, 3284763.6 ], [ 407066.000000000058208, 3284764.0 ], [ 407066.100000000034925, 3284764.0 ], [ 407066.100000000034925, 3284763.900000000372529 ], [ 407066.300000000046566, 3284763.900000000372529 ], [ 407066.300000000046566, 3284764.0 ], [ 407066.200000000011642, 3284764.0 ], [ 407066.200000000011642, 3284764.1 ], [ 407065.600000000034925, 3284764.1 ], [ 407065.600000000034925, 3284764.200000000186265 ], [ 407065.700000000011642, 3284764.200000000186265 ], [ 407065.700000000011642, 3284764.300000000279397 ], [ 407065.800000000046566, 3284764.300000000279397 ], [ 407065.800000000046566, 3284764.400000000372529 ], [ 407065.700000000011642, 3284764.400000000372529 ], [ 407065.700000000011642, 3284764.5 ], [ 407065.600000000034925, 3284764.5 ], [ 407065.600000000034925, 3284764.6 ], [ 407065.500000000058208, 3284764.6 ], [ 407065.500000000058208, 3284764.300000000279397 ], [ 407065.400000000023283, 3284764.300000000279397 ], [ 407065.400000000023283, 3284764.6 ], [ 407065.300000000046566, 3284764.6 ], [ 407065.300000000046566, 3284764.700000000186265 ], [ 407065.000000000058208, 3284764.700000000186265 ], [ 407065.000000000058208, 3284764.6 ], [ 407064.900000000023283, 3284764.6 ], [ 407064.900000000023283, 3284764.800000000279397 ], [ 407064.800000000046566, 3284764.800000000279397 ], [ 407064.800000000046566, 3284765.0 ], [ 407064.700000000011642, 3284765.0 ], [ 407064.700000000011642, 3284764.800000000279397 ], [ 407064.600000000034925, 3284764.800000000279397 ], [ 407064.600000000034925, 3284765.0 ], [ 407064.500000000058208, 3284765.0 ], [ 407064.500000000058208, 3284764.900000000372529 ], [ 407064.400000000023283, 3284764.900000000372529 ], [ 407064.400000000023283, 3284764.800000000279397 ], [ 407064.300000000046566, 3284764.800000000279397 ], [ 407064.300000000046566, 3284764.900000000372529 ], [ 407064.200000000011642, 3284764.900000000372529 ], [ 407064.200000000011642, 3284765.0 ], [ 407064.100000000034925, 3284765.0 ], [ 407064.100000000034925, 3284765.1 ], [ 407064.000000000058208, 3284765.1 ], [ 407064.000000000058208, 3284765.200000000186265 ], [ 407064.100000000034925, 3284765.200000000186265 ], [ 407064.100000000034925, 3284765.300000000279397 ], [ 407064.200000000011642, 3284765.300000000279397 ], [ 407064.200000000011642, 3284765.400000000372529 ], [ 407064.000000000058208, 3284765.400000000372529 ], [ 407064.000000000058208, 3284765.5 ], [ 407064.100000000034925, 3284765.5 ], [ 407064.100000000034925, 3284765.700000000186265 ], [ 407064.000000000058208, 3284765.700000000186265 ], [ 407064.000000000058208, 3284765.6 ], [ 407063.900000000023283, 3284765.6 ], [ 407063.900000000023283, 3284765.400000000372529 ], [ 407063.700000000011642, 3284765.400000000372529 ], [ 407063.700000000011642, 3284765.6 ], [ 407063.800000000046566, 3284765.6 ], [ 407063.800000000046566, 3284765.800000000279397 ], [ 407063.500000000058208, 3284765.800000000279397 ], [ 407063.500000000058208, 3284765.700000000186265 ], [ 407063.300000000046566, 3284765.700000000186265 ], [ 407063.300000000046566, 3284765.6 ], [ 407063.400000000023283, 3284765.6 ], [ 407063.400000000023283, 3284765.5 ], [ 407063.200000000011642, 3284765.5 ], [ 407063.200000000011642, 3284765.6 ], [ 407063.000000000058208, 3284765.6 ], [ 407063.000000000058208, 3284765.700000000186265 ], [ 407062.900000000023283, 3284765.700000000186265 ], [ 407062.900000000023283, 3284765.5 ], [ 407062.800000000046566, 3284765.5 ], [ 407062.800000000046566, 3284765.6 ], [ 407062.700000000011642, 3284765.6 ], [ 407062.700000000011642, 3284765.800000000279397 ], [ 407062.600000000034925, 3284765.800000000279397 ], [ 407062.600000000034925, 3284765.6 ], [ 407062.500000000058208, 3284765.6 ], [ 407062.500000000058208, 3284765.5 ], [ 407062.300000000046566, 3284765.5 ], [ 407062.300000000046566, 3284765.6 ], [ 407062.100000000034925, 3284765.6 ], [ 407062.100000000034925, 3284765.700000000186265 ], [ 407062.200000000011642, 3284765.700000000186265 ], [ 407062.200000000011642, 3284765.900000000372529 ], [ 407062.000000000058208, 3284765.900000000372529 ], [ 407062.000000000058208, 3284765.700000000186265 ], [ 407061.800000000046566, 3284765.700000000186265 ], [ 407061.800000000046566, 3284765.800000000279397 ], [ 407061.900000000023283, 3284765.800000000279397 ], [ 407061.900000000023283, 3284766.0 ], [ 407061.800000000046566, 3284766.0 ], [ 407061.800000000046566, 3284766.1 ], [ 407061.500000000058208, 3284766.1 ] ], [ [ 407061.500000000058208, 3284766.0 ], [ 407061.700000000011642, 3284766.0 ], [ 407061.700000000011642, 3284765.800000000279397 ], [ 407061.500000000058208, 3284765.800000000279397 ], [ 407061.500000000058208, 3284766.0 ] ], [ [ 407061.400000000023283, 3284765.700000000186265 ], [ 407061.500000000058208, 3284765.700000000186265 ], [ 407061.500000000058208, 3284765.6 ], [ 407061.400000000023283, 3284765.6 ], [ 407061.400000000023283, 3284765.700000000186265 ] ], [ [ 407063.600000000034925, 3284765.700000000186265 ], [ 407063.700000000011642, 3284765.700000000186265 ], [ 407063.700000000011642, 3284765.6 ], [ 407063.600000000034925, 3284765.6 ], [ 407063.600000000034925, 3284765.700000000186265 ] ], [ [ 407061.000000000058208, 3284765.6 ], [ 407061.100000000034925, 3284765.6 ], [ 407061.100000000034925, 3284765.5 ], [ 407061.000000000058208, 3284765.5 ], [ 407061.000000000058208, 3284765.6 ] ], [ [ 407062.200000000011642, 3284765.300000000279397 ], [ 407062.500000000058208, 3284765.300000000279397 ], [ 407062.500000000058208, 3284765.200000000186265 ], [ 407062.200000000011642, 3284765.200000000186265 ], [ 407062.200000000011642, 3284765.300000000279397 ] ], [ [ 407062.700000000011642, 3284765.300000000279397 ], [ 407062.800000000046566, 3284765.300000000279397 ], [ 407062.800000000046566, 3284765.200000000186265 ], [ 407062.700000000011642, 3284765.200000000186265 ], [ 407062.700000000011642, 3284765.300000000279397 ] ], [ [ 407063.900000000023283, 3284765.300000000279397 ], [ 407064.000000000058208, 3284765.300000000279397 ], [ 407064.000000000058208, 3284765.200000000186265 ], [ 407063.900000000023283, 3284765.200000000186265 ], [ 407063.900000000023283, 3284765.300000000279397 ] ], [ [ 407063.500000000058208, 3284765.200000000186265 ], [ 407063.600000000034925, 3284765.200000000186265 ], [ 407063.600000000034925, 3284765.1 ], [ 407063.500000000058208, 3284765.1 ], [ 407063.500000000058208, 3284765.200000000186265 ] ], [ [ 407062.500000000058208, 3284765.0 ], [ 407062.600000000034925, 3284765.0 ], [ 407062.600000000034925, 3284764.900000000372529 ], [ 407062.500000000058208, 3284764.900000000372529 ], [ 407062.500000000058208, 3284765.0 ] ], [ [ 407064.000000000058208, 3284764.900000000372529 ], [ 407064.100000000034925, 3284764.900000000372529 ], [ 407064.100000000034925, 3284764.800000000279397 ], [ 407064.000000000058208, 3284764.800000000279397 ], [ 407064.000000000058208, 3284764.900000000372529 ] ], [ [ 407062.800000000046566, 3284764.800000000279397 ], [ 407062.900000000023283, 3284764.800000000279397 ], [ 407062.900000000023283, 3284764.700000000186265 ], [ 407062.800000000046566, 3284764.700000000186265 ], [ 407062.800000000046566, 3284764.800000000279397 ] ], [ [ 407063.100000000034925, 3284764.800000000279397 ], [ 407063.200000000011642, 3284764.800000000279397 ], [ 407063.200000000011642, 3284764.700000000186265 ], [ 407063.100000000034925, 3284764.700000000186265 ], [ 407063.100000000034925, 3284764.800000000279397 ] ], [ [ 407057.000000000058208, 3284764.700000000186265 ], [ 407057.100000000034925, 3284764.700000000186265 ], [ 407057.100000000034925, 3284764.5 ], [ 407057.000000000058208, 3284764.5 ], [ 407057.000000000058208, 3284764.700000000186265 ] ], [ [ 407062.500000000058208, 3284764.700000000186265 ], [ 407062.600000000034925, 3284764.700000000186265 ], [ 407062.600000000034925, 3284764.6 ], [ 407062.500000000058208, 3284764.6 ], [ 407062.500000000058208, 3284764.700000000186265 ] ], [ [ 407063.600000000034925, 3284764.700000000186265 ], [ 407063.700000000011642, 3284764.700000000186265 ], [ 407063.700000000011642, 3284764.6 ], [ 407063.600000000034925, 3284764.6 ], [ 407063.600000000034925, 3284764.700000000186265 ] ], [ [ 407064.000000000058208, 3284764.700000000186265 ], [ 407064.100000000034925, 3284764.700000000186265 ], [ 407064.100000000034925, 3284764.5 ], [ 407064.000000000058208, 3284764.5 ], [ 407064.000000000058208, 3284764.700000000186265 ] ], [ [ 407062.900000000023283, 3284764.6 ], [ 407063.100000000034925, 3284764.6 ], [ 407063.100000000034925, 3284764.5 ], [ 407062.900000000023283, 3284764.5 ], [ 407062.900000000023283, 3284764.6 ] ], [ [ 407064.600000000034925, 3284764.6 ], [ 407064.700000000011642, 3284764.6 ], [ 407064.700000000011642, 3284764.300000000279397 ], [ 407064.600000000034925, 3284764.300000000279397 ], [ 407064.600000000034925, 3284764.400000000372529 ], [ 407064.500000000058208, 3284764.400000000372529 ], [ 407064.500000000058208, 3284764.5 ], [ 407064.600000000034925, 3284764.5 ], [ 407064.600000000034925, 3284764.6 ] ], [ [ 407056.900000000023283, 3284764.5 ], [ 407057.000000000058208, 3284764.5 ], [ 407057.000000000058208, 3284764.400000000372529 ], [ 407056.900000000023283, 3284764.400000000372529 ], [ 407056.900000000023283, 3284764.5 ] ], [ [ 407065.100000000034925, 3284764.5 ], [ 407065.200000000011642, 3284764.5 ], [ 407065.200000000011642, 3284764.300000000279397 ], [ 407065.100000000034925, 3284764.300000000279397 ], [ 407065.100000000034925, 3284764.5 ] ], [ [ 407064.300000000046566, 3284764.400000000372529 ], [ 407064.400000000023283, 3284764.400000000372529 ], [ 407064.400000000023283, 3284764.300000000279397 ], [ 407064.300000000046566, 3284764.300000000279397 ], [ 407064.300000000046566, 3284764.400000000372529 ] ], [ [ 407063.500000000058208, 3284764.300000000279397 ], [ 407063.800000000046566, 3284764.300000000279397 ], [ 407063.800000000046566, 3284764.1 ], [ 407063.600000000034925, 3284764.1 ], [ 407063.600000000034925, 3284764.200000000186265 ], [ 407063.500000000058208, 3284764.200000000186265 ], [ 407063.500000000058208, 3284764.300000000279397 ] ], [ [ 407067.900000000023283, 3284764.300000000279397 ], [ 407068.000000000058208, 3284764.300000000279397 ], [ 407068.000000000058208, 3284764.200000000186265 ], [ 407067.900000000023283, 3284764.200000000186265 ], [ 407067.900000000023283, 3284764.300000000279397 ] ], [ [ 407067.700000000011642, 3284764.200000000186265 ], [ 407067.800000000046566, 3284764.200000000186265 ], [ 407067.800000000046566, 3284764.1 ], [ 407067.700000000011642, 3284764.1 ], [ 407067.700000000011642, 3284764.200000000186265 ] ], [ [ 407068.300000000046566, 3284764.200000000186265 ], [ 407068.400000000023283, 3284764.200000000186265 ], [ 407068.400000000023283, 3284764.0 ], [ 407068.300000000046566, 3284764.0 ], [ 407068.300000000046566, 3284764.200000000186265 ] ], [ [ 407056.500000000058208, 3284764.1 ], [ 407056.600000000034925, 3284764.1 ], [ 407056.600000000034925, 3284764.0 ], [ 407056.500000000058208, 3284764.0 ], [ 407056.500000000058208, 3284764.1 ] ], [ [ 407056.900000000023283, 3284764.1 ], [ 407057.000000000058208, 3284764.1 ], [ 407057.000000000058208, 3284764.0 ], [ 407056.900000000023283, 3284764.0 ], [ 407056.900000000023283, 3284764.1 ] ], [ [ 407063.800000000046566, 3284764.1 ], [ 407064.000000000058208, 3284764.1 ], [ 407064.000000000058208, 3284764.0 ], [ 407063.800000000046566, 3284764.0 ], [ 407063.800000000046566, 3284764.1 ] ], [ [ 407064.300000000046566, 3284764.1 ], [ 407064.500000000058208, 3284764.1 ], [ 407064.500000000058208, 3284764.0 ], [ 407064.300000000046566, 3284764.0 ], [ 407064.300000000046566, 3284764.1 ] ], [ [ 407065.500000000058208, 3284764.1 ], [ 407065.600000000034925, 3284764.1 ], [ 407065.600000000034925, 3284764.0 ], [ 407065.500000000058208, 3284764.0 ], [ 407065.500000000058208, 3284764.1 ] ], [ [ 407067.500000000058208, 3284764.1 ], [ 407067.600000000034925, 3284764.1 ], [ 407067.600000000034925, 3284764.0 ], [ 407067.500000000058208, 3284764.0 ], [ 407067.500000000058208, 3284764.1 ] ], [ [ 407067.800000000046566, 3284764.1 ], [ 407067.900000000023283, 3284764.1 ], [ 407067.900000000023283, 3284764.0 ], [ 407067.800000000046566, 3284764.0 ], [ 407067.800000000046566, 3284764.1 ] ], [ [ 407068.000000000058208, 3284764.1 ], [ 407068.100000000034925, 3284764.1 ], [ 407068.100000000034925, 3284764.0 ], [ 407068.000000000058208, 3284764.0 ], [ 407068.000000000058208, 3284764.1 ] ], [ [ 407056.300000000046566, 3284764.0 ], [ 407056.400000000023283, 3284764.0 ], [ 407056.400000000023283, 3284763.900000000372529 ], [ 407056.300000000046566, 3284763.900000000372529 ], [ 407056.300000000046566, 3284764.0 ] ], [ [ 407059.000000000058208, 3284764.0 ], [ 407059.100000000034925, 3284764.0 ], [ 407059.100000000034925, 3284763.900000000372529 ], [ 407059.000000000058208, 3284763.900000000372529 ], [ 407059.000000000058208, 3284764.0 ] ], [ [ 407059.800000000046566, 3284764.0 ], [ 407060.000000000058208, 3284764.0 ], [ 407060.000000000058208, 3284763.900000000372529 ], [ 407059.800000000046566, 3284763.900000000372529 ], [ 407059.800000000046566, 3284764.0 ] ], [ [ 407064.700000000011642, 3284764.0 ], [ 407064.800000000046566, 3284764.0 ], [ 407064.800000000046566, 3284763.800000000279397 ], [ 407064.700000000011642, 3284763.800000000279397 ], [ 407064.700000000011642, 3284764.0 ] ], [ [ 407065.300000000046566, 3284764.0 ], [ 407065.500000000058208, 3284764.0 ], [ 407065.500000000058208, 3284763.900000000372529 ], [ 407065.400000000023283, 3284763.900000000372529 ], [ 407065.400000000023283, 3284763.800000000279397 ], [ 407065.300000000046566, 3284763.800000000279397 ], [ 407065.300000000046566, 3284764.0 ] ], [ [ 407065.600000000034925, 3284764.0 ], [ 407065.700000000011642, 3284764.0 ], [ 407065.700000000011642, 3284763.900000000372529 ], [ 407065.600000000034925, 3284763.900000000372529 ], [ 407065.600000000034925, 3284764.0 ] ], [ [ 407067.600000000034925, 3284764.0 ], [ 407067.700000000011642, 3284764.0 ], [ 407067.700000000011642, 3284763.900000000372529 ], [ 407067.600000000034925, 3284763.900000000372529 ], [ 407067.600000000034925, 3284764.0 ] ], [ [ 407064.500000000058208, 3284763.900000000372529 ], [ 407064.600000000034925, 3284763.900000000372529 ], [ 407064.600000000034925, 3284763.6 ], [ 407064.700000000011642, 3284763.6 ], [ 407064.700000000011642, 3284763.700000000186265 ], [ 407064.800000000046566, 3284763.700000000186265 ], [ 407064.800000000046566, 3284763.300000000279397 ], [ 407065.000000000058208, 3284763.300000000279397 ], [ 407065.000000000058208, 3284763.200000000186265 ], [ 407064.800000000046566, 3284763.200000000186265 ], [ 407064.800000000046566, 3284763.1 ], [ 407064.700000000011642, 3284763.1 ], [ 407064.700000000011642, 3284762.900000000372529 ], [ 407064.500000000058208, 3284762.900000000372529 ], [ 407064.500000000058208, 3284763.0 ], [ 407064.400000000023283, 3284763.0 ], [ 407064.400000000023283, 3284763.1 ], [ 407064.200000000011642, 3284763.1 ], [ 407064.200000000011642, 3284763.200000000186265 ], [ 407064.300000000046566, 3284763.200000000186265 ], [ 407064.300000000046566, 3284763.800000000279397 ], [ 407064.400000000023283, 3284763.800000000279397 ], [ 407064.400000000023283, 3284763.5 ], [ 407064.500000000058208, 3284763.5 ], [ 407064.500000000058208, 3284763.900000000372529 ] ], [ [ 407065.700000000011642, 3284763.900000000372529 ], [ 407065.900000000023283, 3284763.900000000372529 ], [ 407065.900000000023283, 3284763.700000000186265 ], [ 407065.700000000011642, 3284763.700000000186265 ], [ 407065.700000000011642, 3284763.900000000372529 ] ], [ [ 407056.900000000023283, 3284763.800000000279397 ], [ 407057.000000000058208, 3284763.800000000279397 ], [ 407057.000000000058208, 3284763.5 ], [ 407056.800000000046566, 3284763.5 ], [ 407056.800000000046566, 3284763.700000000186265 ], [ 407056.900000000023283, 3284763.700000000186265 ], [ 407056.900000000023283, 3284763.800000000279397 ] ], [ [ 407059.100000000034925, 3284763.800000000279397 ], [ 407059.200000000011642, 3284763.800000000279397 ], [ 407059.200000000011642, 3284763.6 ], [ 407059.100000000034925, 3284763.6 ], [ 407059.100000000034925, 3284763.800000000279397 ] ], [ [ 407059.400000000023283, 3284763.800000000279397 ], [ 407059.500000000058208, 3284763.800000000279397 ], [ 407059.500000000058208, 3284763.700000000186265 ], [ 407059.400000000023283, 3284763.700000000186265 ], [ 407059.400000000023283, 3284763.800000000279397 ] ], [ [ 407059.600000000034925, 3284763.800000000279397 ], [ 407059.700000000011642, 3284763.800000000279397 ], [ 407059.700000000011642, 3284763.700000000186265 ], [ 407059.600000000034925, 3284763.700000000186265 ], [ 407059.600000000034925, 3284763.800000000279397 ] ], [ [ 407062.600000000034925, 3284763.800000000279397 ], [ 407062.800000000046566, 3284763.800000000279397 ], [ 407062.800000000046566, 3284763.6 ], [ 407062.600000000034925, 3284763.6 ], [ 407062.600000000034925, 3284763.800000000279397 ] ], [ [ 407064.900000000023283, 3284763.800000000279397 ], [ 407065.000000000058208, 3284763.800000000279397 ], [ 407065.000000000058208, 3284763.5 ], [ 407064.900000000023283, 3284763.5 ], [ 407064.900000000023283, 3284763.800000000279397 ] ], [ [ 407065.100000000034925, 3284763.800000000279397 ], [ 407065.200000000011642, 3284763.800000000279397 ], [ 407065.200000000011642, 3284763.700000000186265 ], [ 407065.100000000034925, 3284763.700000000186265 ], [ 407065.100000000034925, 3284763.800000000279397 ] ], [ [ 407067.300000000046566, 3284763.800000000279397 ], [ 407067.500000000058208, 3284763.800000000279397 ], [ 407067.500000000058208, 3284763.700000000186265 ], [ 407067.300000000046566, 3284763.700000000186265 ], [ 407067.300000000046566, 3284763.800000000279397 ] ], [ [ 407062.100000000034925, 3284763.700000000186265 ], [ 407062.300000000046566, 3284763.700000000186265 ], [ 407062.300000000046566, 3284763.6 ], [ 407062.500000000058208, 3284763.6 ], [ 407062.500000000058208, 3284763.400000000372529 ], [ 407062.400000000023283, 3284763.400000000372529 ], [ 407062.400000000023283, 3284763.5 ], [ 407062.100000000034925, 3284763.5 ], [ 407062.100000000034925, 3284763.700000000186265 ] ], [ [ 407063.100000000034925, 3284763.700000000186265 ], [ 407063.200000000011642, 3284763.700000000186265 ], [ 407063.200000000011642, 3284763.6 ], [ 407063.100000000034925, 3284763.6 ], [ 407063.100000000034925, 3284763.700000000186265 ] ], [ [ 407065.600000000034925, 3284763.700000000186265 ], [ 407065.700000000011642, 3284763.700000000186265 ], [ 407065.700000000011642, 3284763.6 ], [ 407065.600000000034925, 3284763.6 ], [ 407065.600000000034925, 3284763.700000000186265 ] ], [ [ 407066.700000000011642, 3284763.700000000186265 ], [ 407066.800000000046566, 3284763.700000000186265 ], [ 407066.800000000046566, 3284763.6 ], [ 407066.700000000011642, 3284763.6 ], [ 407066.700000000011642, 3284763.700000000186265 ] ], [ [ 407061.000000000058208, 3284763.6 ], [ 407061.200000000011642, 3284763.6 ], [ 407061.200000000011642, 3284763.5 ], [ 407061.300000000046566, 3284763.5 ], [ 407061.300000000046566, 3284763.400000000372529 ], [ 407061.400000000023283, 3284763.400000000372529 ], [ 407061.400000000023283, 3284763.300000000279397 ], [ 407061.200000000011642, 3284763.300000000279397 ], [ 407061.200000000011642, 3284763.400000000372529 ], [ 407061.000000000058208, 3284763.400000000372529 ], [ 407061.000000000058208, 3284763.6 ] ], [ [ 407062.800000000046566, 3284763.6 ], [ 407063.000000000058208, 3284763.6 ], [ 407063.000000000058208, 3284763.5 ], [ 407062.800000000046566, 3284763.5 ], [ 407062.800000000046566, 3284763.6 ] ], [ [ 407064.100000000034925, 3284763.6 ], [ 407064.200000000011642, 3284763.6 ], [ 407064.200000000011642, 3284763.400000000372529 ], [ 407064.100000000034925, 3284763.400000000372529 ], [ 407064.100000000034925, 3284763.6 ] ], [ [ 407065.500000000058208, 3284763.6 ], [ 407065.600000000034925, 3284763.6 ], [ 407065.600000000034925, 3284763.5 ], [ 407065.500000000058208, 3284763.5 ], [ 407065.500000000058208, 3284763.6 ] ], [ [ 407066.600000000034925, 3284763.6 ], [ 407066.700000000011642, 3284763.6 ], [ 407066.700000000011642, 3284763.5 ], [ 407066.600000000034925, 3284763.5 ], [ 407066.600000000034925, 3284763.6 ] ], [ [ 407067.000000000058208, 3284763.6 ], [ 407067.100000000034925, 3284763.6 ], [ 407067.100000000034925, 3284763.5 ], [ 407067.000000000058208, 3284763.5 ], [ 407067.000000000058208, 3284763.6 ] ], [ [ 407056.500000000058208, 3284763.5 ], [ 407056.800000000046566, 3284763.5 ], [ 407056.800000000046566, 3284763.400000000372529 ], [ 407056.500000000058208, 3284763.400000000372529 ], [ 407056.500000000058208, 3284763.5 ] ], [ [ 407058.400000000023283, 3284763.5 ], [ 407058.500000000058208, 3284763.5 ], [ 407058.500000000058208, 3284763.400000000372529 ], [ 407058.400000000023283, 3284763.400000000372529 ], [ 407058.400000000023283, 3284763.5 ] ], [ [ 407058.600000000034925, 3284763.5 ], [ 407058.700000000011642, 3284763.5 ], [ 407058.700000000011642, 3284763.300000000279397 ], [ 407058.600000000034925, 3284763.300000000279397 ], [ 407058.600000000034925, 3284763.5 ] ], [ [ 407058.800000000046566, 3284763.5 ], [ 407058.900000000023283, 3284763.5 ], [ 407058.900000000023283, 3284763.400000000372529 ], [ 407059.000000000058208, 3284763.400000000372529 ], [ 407059.000000000058208, 3284763.5 ], [ 407059.100000000034925, 3284763.5 ], [ 407059.100000000034925, 3284763.300000000279397 ], [ 407059.000000000058208, 3284763.300000000279397 ], [ 407059.000000000058208, 3284763.200000000186265 ], [ 407059.100000000034925, 3284763.200000000186265 ], [ 407059.100000000034925, 3284763.1 ], [ 407059.300000000046566, 3284763.1 ], [ 407059.300000000046566, 3284762.700000000186265 ], [ 407059.200000000011642, 3284762.700000000186265 ], [ 407059.200000000011642, 3284762.6 ], [ 407059.100000000034925, 3284762.6 ], [ 407059.100000000034925, 3284762.700000000186265 ], [ 407059.000000000058208, 3284762.700000000186265 ], [ 407059.000000000058208, 3284762.400000000372529 ], [ 407058.900000000023283, 3284762.400000000372529 ], [ 407058.900000000023283, 3284762.5 ], [ 407058.700000000011642, 3284762.5 ], [ 407058.700000000011642, 3284762.700000000186265 ], [ 407058.600000000034925, 3284762.700000000186265 ], [ 407058.600000000034925, 3284762.900000000372529 ], [ 407058.700000000011642, 3284762.900000000372529 ], [ 407058.700000000011642, 3284763.0 ], [ 407058.800000000046566, 3284763.0 ], [ 407058.800000000046566, 3284763.1 ], [ 407058.900000000023283, 3284763.1 ], [ 407058.900000000023283, 3284763.300000000279397 ], [ 407058.800000000046566, 3284763.300000000279397 ], [ 407058.800000000046566, 3284763.5 ] ], [ [ 407059.600000000034925, 3284763.5 ], [ 407059.700000000011642, 3284763.5 ], [ 407059.700000000011642, 3284763.400000000372529 ], [ 407059.600000000034925, 3284763.400000000372529 ], [ 407059.600000000034925, 3284763.5 ] ], [ [ 407061.800000000046566, 3284763.5 ], [ 407061.900000000023283, 3284763.5 ], [ 407061.900000000023283, 3284763.400000000372529 ], [ 407061.800000000046566, 3284763.400000000372529 ], [ 407061.800000000046566, 3284763.5 ] ], [ [ 407062.700000000011642, 3284763.5 ], [ 407062.800000000046566, 3284763.5 ], [ 407062.800000000046566, 3284763.300000000279397 ], [ 407062.600000000034925, 3284763.300000000279397 ], [ 407062.600000000034925, 3284763.400000000372529 ], [ 407062.700000000011642, 3284763.400000000372529 ], [ 407062.700000000011642, 3284763.5 ] ], [ [ 407067.400000000023283, 3284763.5 ], [ 407067.600000000034925, 3284763.5 ], [ 407067.600000000034925, 3284763.300000000279397 ], [ 407067.500000000058208, 3284763.300000000279397 ], [ 407067.500000000058208, 3284763.400000000372529 ], [ 407067.400000000023283, 3284763.400000000372529 ], [ 407067.400000000023283, 3284763.5 ] ], [ [ 407062.100000000034925, 3284763.400000000372529 ], [ 407062.200000000011642, 3284763.400000000372529 ], [ 407062.200000000011642, 3284763.300000000279397 ], [ 407062.100000000034925, 3284763.300000000279397 ], [ 407062.100000000034925, 3284763.400000000372529 ] ], [ [ 407063.100000000034925, 3284763.400000000372529 ], [ 407063.200000000011642, 3284763.400000000372529 ], [ 407063.200000000011642, 3284763.300000000279397 ], [ 407063.100000000034925, 3284763.300000000279397 ], [ 407063.100000000034925, 3284763.400000000372529 ] ], [ [ 407065.000000000058208, 3284763.400000000372529 ], [ 407065.200000000011642, 3284763.400000000372529 ], [ 407065.200000000011642, 3284763.300000000279397 ], [ 407065.000000000058208, 3284763.300000000279397 ], [ 407065.000000000058208, 3284763.400000000372529 ] ], [ [ 407065.900000000023283, 3284763.400000000372529 ], [ 407066.000000000058208, 3284763.400000000372529 ], [ 407066.000000000058208, 3284763.200000000186265 ], [ 407065.900000000023283, 3284763.200000000186265 ], [ 407065.900000000023283, 3284763.400000000372529 ] ], [ [ 407056.500000000058208, 3284763.300000000279397 ], [ 407056.600000000034925, 3284763.300000000279397 ], [ 407056.600000000034925, 3284763.200000000186265 ], [ 407056.500000000058208, 3284763.200000000186265 ], [ 407056.500000000058208, 3284763.300000000279397 ] ], [ [ 407058.700000000011642, 3284763.300000000279397 ], [ 407058.800000000046566, 3284763.300000000279397 ], [ 407058.800000000046566, 3284763.200000000186265 ], [ 407058.700000000011642, 3284763.200000000186265 ], [ 407058.700000000011642, 3284763.300000000279397 ] ], [ [ 407060.900000000023283, 3284763.300000000279397 ], [ 407061.000000000058208, 3284763.300000000279397 ], [ 407061.000000000058208, 3284763.200000000186265 ], [ 407060.900000000023283, 3284763.200000000186265 ], [ 407060.900000000023283, 3284763.300000000279397 ] ], [ [ 407061.500000000058208, 3284763.300000000279397 ], [ 407061.700000000011642, 3284763.300000000279397 ], [ 407061.700000000011642, 3284763.200000000186265 ], [ 407061.800000000046566, 3284763.200000000186265 ], [ 407061.800000000046566, 3284763.0 ], [ 407061.700000000011642, 3284763.0 ], [ 407061.700000000011642, 3284762.900000000372529 ], [ 407061.600000000034925, 3284762.900000000372529 ], [ 407061.600000000034925, 3284763.0 ], [ 407061.500000000058208, 3284763.0 ], [ 407061.500000000058208, 3284763.300000000279397 ] ], [ [ 407061.800000000046566, 3284763.300000000279397 ], [ 407061.900000000023283, 3284763.300000000279397 ], [ 407061.900000000023283, 3284763.200000000186265 ], [ 407061.800000000046566, 3284763.200000000186265 ], [ 407061.800000000046566, 3284763.300000000279397 ] ], [ [ 407066.500000000058208, 3284763.300000000279397 ], [ 407066.600000000034925, 3284763.300000000279397 ], [ 407066.600000000034925, 3284763.200000000186265 ], [ 407066.500000000058208, 3284763.200000000186265 ], [ 407066.500000000058208, 3284763.300000000279397 ] ], [ [ 407068.000000000058208, 3284763.300000000279397 ], [ 407068.100000000034925, 3284763.300000000279397 ], [ 407068.100000000034925, 3284763.200000000186265 ], [ 407068.000000000058208, 3284763.200000000186265 ], [ 407068.000000000058208, 3284763.300000000279397 ] ], [ [ 407055.300000000046566, 3284763.200000000186265 ], [ 407055.400000000023283, 3284763.200000000186265 ], [ 407055.400000000023283, 3284763.1 ], [ 407055.300000000046566, 3284763.1 ], [ 407055.300000000046566, 3284763.200000000186265 ] ], [ [ 407056.300000000046566, 3284763.200000000186265 ], [ 407056.500000000058208, 3284763.200000000186265 ], [ 407056.500000000058208, 3284763.1 ], [ 407056.700000000011642, 3284763.1 ], [ 407056.700000000011642, 3284762.900000000372529 ], [ 407056.500000000058208, 3284762.900000000372529 ], [ 407056.500000000058208, 3284763.0 ], [ 407056.400000000023283, 3284763.0 ], [ 407056.400000000023283, 3284763.1 ], [ 407056.300000000046566, 3284763.1 ], [ 407056.300000000046566, 3284763.200000000186265 ] ], [ [ 407056.700000000011642, 3284763.200000000186265 ], [ 407056.800000000046566, 3284763.200000000186265 ], [ 407056.800000000046566, 3284763.1 ], [ 407056.700000000011642, 3284763.1 ], [ 407056.700000000011642, 3284763.200000000186265 ] ], [ [ 407061.900000000023283, 3284763.200000000186265 ], [ 407062.000000000058208, 3284763.200000000186265 ], [ 407062.000000000058208, 3284763.0 ], [ 407061.900000000023283, 3284763.0 ], [ 407061.900000000023283, 3284763.200000000186265 ] ], [ [ 407065.000000000058208, 3284763.200000000186265 ], [ 407065.100000000034925, 3284763.200000000186265 ], [ 407065.100000000034925, 3284763.1 ], [ 407065.000000000058208, 3284763.1 ], [ 407065.000000000058208, 3284763.200000000186265 ] ], [ [ 407066.200000000011642, 3284763.200000000186265 ], [ 407066.300000000046566, 3284763.200000000186265 ], [ 407066.300000000046566, 3284763.1 ], [ 407066.200000000011642, 3284763.1 ], [ 407066.200000000011642, 3284763.200000000186265 ] ], [ [ 407056.200000000011642, 3284763.1 ], [ 407056.300000000046566, 3284763.1 ], [ 407056.300000000046566, 3284763.0 ], [ 407056.200000000011642, 3284763.0 ], [ 407056.200000000011642, 3284763.1 ] ], [ [ 407061.000000000058208, 3284763.1 ], [ 407061.100000000034925, 3284763.1 ], [ 407061.100000000034925, 3284763.0 ], [ 407061.000000000058208, 3284763.0 ], [ 407061.000000000058208, 3284763.1 ] ], [ [ 407061.300000000046566, 3284763.1 ], [ 407061.400000000023283, 3284763.1 ], [ 407061.400000000023283, 3284763.0 ], [ 407061.300000000046566, 3284763.0 ], [ 407061.300000000046566, 3284763.1 ] ], [ [ 407062.900000000023283, 3284763.1 ], [ 407063.000000000058208, 3284763.1 ], [ 407063.000000000058208, 3284763.0 ], [ 407062.900000000023283, 3284763.0 ], [ 407062.900000000023283, 3284763.1 ] ], [ [ 407064.000000000058208, 3284763.1 ], [ 407064.100000000034925, 3284763.1 ], [ 407064.100000000034925, 3284762.900000000372529 ], [ 407064.000000000058208, 3284762.900000000372529 ], [ 407064.000000000058208, 3284763.1 ] ], [ [ 407064.900000000023283, 3284763.1 ], [ 407065.000000000058208, 3284763.1 ], [ 407065.000000000058208, 3284762.900000000372529 ], [ 407064.900000000023283, 3284762.900000000372529 ], [ 407064.900000000023283, 3284763.1 ] ], [ [ 407066.000000000058208, 3284763.1 ], [ 407066.100000000034925, 3284763.1 ], [ 407066.100000000034925, 3284763.0 ], [ 407066.000000000058208, 3284763.0 ], [ 407066.000000000058208, 3284763.1 ] ], [ [ 407065.500000000058208, 3284763.0 ], [ 407065.600000000034925, 3284763.0 ], [ 407065.600000000034925, 3284762.900000000372529 ], [ 407065.500000000058208, 3284762.900000000372529 ], [ 407065.500000000058208, 3284763.0 ] ], [ [ 407055.000000000058208, 3284762.900000000372529 ], [ 407055.100000000034925, 3284762.900000000372529 ], [ 407055.100000000034925, 3284762.800000000279397 ], [ 407055.000000000058208, 3284762.800000000279397 ], [ 407055.000000000058208, 3284762.900000000372529 ] ], [ [ 407055.200000000011642, 3284762.900000000372529 ], [ 407055.300000000046566, 3284762.900000000372529 ], [ 407055.300000000046566, 3284762.700000000186265 ], [ 407055.200000000011642, 3284762.700000000186265 ], [ 407055.200000000011642, 3284762.900000000372529 ] ], [ [ 407061.500000000058208, 3284762.900000000372529 ], [ 407061.600000000034925, 3284762.900000000372529 ], [ 407061.600000000034925, 3284762.700000000186265 ], [ 407061.500000000058208, 3284762.700000000186265 ], [ 407061.500000000058208, 3284762.900000000372529 ] ], [ [ 407064.700000000011642, 3284762.900000000372529 ], [ 407064.800000000046566, 3284762.900000000372529 ], [ 407064.800000000046566, 3284762.800000000279397 ], [ 407064.700000000011642, 3284762.800000000279397 ], [ 407064.700000000011642, 3284762.900000000372529 ] ], [ [ 407066.200000000011642, 3284762.900000000372529 ], [ 407066.300000000046566, 3284762.900000000372529 ], [ 407066.300000000046566, 3284762.800000000279397 ], [ 407066.200000000011642, 3284762.800000000279397 ], [ 407066.200000000011642, 3284762.900000000372529 ] ], [ [ 407066.700000000011642, 3284762.900000000372529 ], [ 407066.900000000023283, 3284762.900000000372529 ], [ 407066.900000000023283, 3284762.700000000186265 ], [ 407066.800000000046566, 3284762.700000000186265 ], [ 407066.800000000046566, 3284762.6 ], [ 407066.700000000011642, 3284762.6 ], [ 407066.700000000011642, 3284762.900000000372529 ] ], [ [ 407067.000000000058208, 3284762.900000000372529 ], [ 407067.100000000034925, 3284762.900000000372529 ], [ 407067.100000000034925, 3284762.800000000279397 ], [ 407067.000000000058208, 3284762.800000000279397 ], [ 407067.000000000058208, 3284762.900000000372529 ] ], [ [ 407065.600000000034925, 3284762.800000000279397 ], [ 407065.700000000011642, 3284762.800000000279397 ], [ 407065.700000000011642, 3284762.700000000186265 ], [ 407065.600000000034925, 3284762.700000000186265 ], [ 407065.600000000034925, 3284762.800000000279397 ] ], [ [ 407065.900000000023283, 3284762.800000000279397 ], [ 407066.000000000058208, 3284762.800000000279397 ], [ 407066.000000000058208, 3284762.700000000186265 ], [ 407065.900000000023283, 3284762.700000000186265 ], [ 407065.900000000023283, 3284762.800000000279397 ] ], [ [ 407062.800000000046566, 3284762.700000000186265 ], [ 407063.000000000058208, 3284762.700000000186265 ], [ 407063.000000000058208, 3284762.5 ], [ 407062.800000000046566, 3284762.5 ], [ 407062.800000000046566, 3284762.700000000186265 ] ], [ [ 407065.700000000011642, 3284762.700000000186265 ], [ 407065.800000000046566, 3284762.700000000186265 ], [ 407065.800000000046566, 3284762.5 ], [ 407065.700000000011642, 3284762.5 ], [ 407065.700000000011642, 3284762.700000000186265 ] ], [ [ 407059.600000000034925, 3284762.6 ], [ 407059.700000000011642, 3284762.6 ], [ 407059.700000000011642, 3284762.5 ], [ 407059.600000000034925, 3284762.5 ], [ 407059.600000000034925, 3284762.6 ] ], [ [ 407061.500000000058208, 3284762.6 ], [ 407061.600000000034925, 3284762.6 ], [ 407061.600000000034925, 3284762.400000000372529 ], [ 407061.500000000058208, 3284762.400000000372529 ], [ 407061.500000000058208, 3284762.6 ] ], [ [ 407062.400000000023283, 3284762.6 ], [ 407062.500000000058208, 3284762.6 ], [ 407062.500000000058208, 3284762.5 ], [ 407062.400000000023283, 3284762.5 ], [ 407062.400000000023283, 3284762.6 ] ], [ [ 407066.100000000034925, 3284762.6 ], [ 407066.200000000011642, 3284762.6 ], [ 407066.200000000011642, 3284762.5 ], [ 407066.100000000034925, 3284762.5 ], [ 407066.100000000034925, 3284762.6 ] ], [ [ 407066.400000000023283, 3284762.6 ], [ 407066.500000000058208, 3284762.6 ], [ 407066.500000000058208, 3284762.5 ], [ 407066.400000000023283, 3284762.5 ], [ 407066.400000000023283, 3284762.6 ] ], [ [ 407055.300000000046566, 3284762.5 ], [ 407055.400000000023283, 3284762.5 ], [ 407055.400000000023283, 3284762.400000000372529 ], [ 407055.300000000046566, 3284762.400000000372529 ], [ 407055.300000000046566, 3284762.5 ] ], [ [ 407062.600000000034925, 3284762.5 ], [ 407062.700000000011642, 3284762.5 ], [ 407062.700000000011642, 3284762.400000000372529 ], [ 407062.600000000034925, 3284762.400000000372529 ], [ 407062.600000000034925, 3284762.5 ] ], [ [ 407065.400000000023283, 3284762.5 ], [ 407065.500000000058208, 3284762.5 ], [ 407065.500000000058208, 3284762.1 ], [ 407065.400000000023283, 3284762.1 ], [ 407065.400000000023283, 3284761.900000000372529 ], [ 407065.300000000046566, 3284761.900000000372529 ], [ 407065.300000000046566, 3284762.200000000186265 ], [ 407065.400000000023283, 3284762.200000000186265 ], [ 407065.400000000023283, 3284762.5 ] ], [ [ 407065.600000000034925, 3284762.5 ], [ 407065.700000000011642, 3284762.5 ], [ 407065.700000000011642, 3284762.400000000372529 ], [ 407065.600000000034925, 3284762.400000000372529 ], [ 407065.600000000034925, 3284762.5 ] ], [ [ 407065.900000000023283, 3284762.5 ], [ 407066.000000000058208, 3284762.5 ], [ 407066.000000000058208, 3284762.400000000372529 ], [ 407065.900000000023283, 3284762.400000000372529 ], [ 407065.900000000023283, 3284762.5 ] ], [ [ 407066.200000000011642, 3284762.5 ], [ 407066.300000000046566, 3284762.5 ], [ 407066.300000000046566, 3284762.400000000372529 ], [ 407066.200000000011642, 3284762.400000000372529 ], [ 407066.200000000011642, 3284762.5 ] ], [ [ 407062.200000000011642, 3284762.400000000372529 ], [ 407062.300000000046566, 3284762.400000000372529 ], [ 407062.300000000046566, 3284762.300000000279397 ], [ 407062.200000000011642, 3284762.300000000279397 ], [ 407062.200000000011642, 3284762.400000000372529 ] ], [ [ 407064.000000000058208, 3284762.400000000372529 ], [ 407064.100000000034925, 3284762.400000000372529 ], [ 407064.100000000034925, 3284762.200000000186265 ], [ 407063.900000000023283, 3284762.200000000186265 ], [ 407063.900000000023283, 3284762.300000000279397 ], [ 407064.000000000058208, 3284762.300000000279397 ], [ 407064.000000000058208, 3284762.400000000372529 ] ], [ [ 407065.700000000011642, 3284762.400000000372529 ], [ 407065.800000000046566, 3284762.400000000372529 ], [ 407065.800000000046566, 3284762.300000000279397 ], [ 407065.700000000011642, 3284762.300000000279397 ], [ 407065.700000000011642, 3284762.400000000372529 ] ], [ [ 407063.400000000023283, 3284762.300000000279397 ], [ 407063.600000000034925, 3284762.300000000279397 ], [ 407063.600000000034925, 3284762.200000000186265 ], [ 407063.400000000023283, 3284762.200000000186265 ], [ 407063.400000000023283, 3284762.300000000279397 ] ], [ [ 407056.700000000011642, 3284762.200000000186265 ], [ 407056.800000000046566, 3284762.200000000186265 ], [ 407056.800000000046566, 3284762.0 ], [ 407056.700000000011642, 3284762.0 ], [ 407056.700000000011642, 3284762.200000000186265 ] ], [ [ 407062.100000000034925, 3284762.200000000186265 ], [ 407062.200000000011642, 3284762.200000000186265 ], [ 407062.200000000011642, 3284762.1 ], [ 407062.100000000034925, 3284762.1 ], [ 407062.100000000034925, 3284762.200000000186265 ] ], [ [ 407065.600000000034925, 3284762.200000000186265 ], [ 407065.700000000011642, 3284762.200000000186265 ], [ 407065.700000000011642, 3284762.0 ], [ 407065.600000000034925, 3284762.0 ], [ 407065.600000000034925, 3284762.200000000186265 ] ], [ [ 407061.300000000046566, 3284762.0 ], [ 407061.800000000046566, 3284762.0 ], [ 407061.800000000046566, 3284761.900000000372529 ], [ 407061.600000000034925, 3284761.900000000372529 ], [ 407061.600000000034925, 3284761.700000000186265 ], [ 407061.500000000058208, 3284761.700000000186265 ], [ 407061.500000000058208, 3284761.800000000279397 ], [ 407061.400000000023283, 3284761.800000000279397 ], [ 407061.400000000023283, 3284761.900000000372529 ], [ 407061.300000000046566, 3284761.900000000372529 ], [ 407061.300000000046566, 3284762.0 ] ], [ [ 407056.500000000058208, 3284761.900000000372529 ], [ 407056.600000000034925, 3284761.900000000372529 ], [ 407056.600000000034925, 3284761.800000000279397 ], [ 407056.500000000058208, 3284761.800000000279397 ], [ 407056.500000000058208, 3284761.900000000372529 ] ], [ [ 407062.200000000011642, 3284761.900000000372529 ], [ 407062.400000000023283, 3284761.900000000372529 ], [ 407062.400000000023283, 3284761.800000000279397 ], [ 407062.200000000011642, 3284761.800000000279397 ], [ 407062.200000000011642, 3284761.900000000372529 ] ], [ [ 407061.700000000011642, 3284761.800000000279397 ], [ 407062.100000000034925, 3284761.800000000279397 ], [ 407062.100000000034925, 3284761.700000000186265 ], [ 407061.700000000011642, 3284761.700000000186265 ], [ 407061.700000000011642, 3284761.800000000279397 ] ], [ [ 407062.400000000023283, 3284761.800000000279397 ], [ 407062.600000000034925, 3284761.800000000279397 ], [ 407062.600000000034925, 3284761.700000000186265 ], [ 407062.400000000023283, 3284761.700000000186265 ], [ 407062.400000000023283, 3284761.800000000279397 ] ], [ [ 407061.300000000046566, 3284761.700000000186265 ], [ 407061.400000000023283, 3284761.700000000186265 ], [ 407061.400000000023283, 3284761.6 ], [ 407061.300000000046566, 3284761.6 ], [ 407061.300000000046566, 3284761.700000000186265 ] ], [ [ 407058.100000000034925, 3284761.6 ], [ 407058.200000000011642, 3284761.6 ], [ 407058.200000000011642, 3284761.400000000372529 ], [ 407058.100000000034925, 3284761.400000000372529 ], [ 407058.100000000034925, 3284761.6 ] ], [ [ 407063.300000000046566, 3284761.6 ], [ 407063.400000000023283, 3284761.6 ], [ 407063.400000000023283, 3284761.5 ], [ 407063.300000000046566, 3284761.5 ], [ 407063.300000000046566, 3284761.6 ] ], [ [ 407060.200000000011642, 3284761.5 ], [ 407060.300000000046566, 3284761.5 ], [ 407060.300000000046566, 3284761.300000000279397 ], [ 407060.200000000011642, 3284761.300000000279397 ], [ 407060.200000000011642, 3284761.5 ] ], [ [ 407062.300000000046566, 3284761.300000000279397 ], [ 407062.400000000023283, 3284761.300000000279397 ], [ 407062.400000000023283, 3284761.200000000186265 ], [ 407062.300000000046566, 3284761.200000000186265 ], [ 407062.300000000046566, 3284761.300000000279397 ] ], [ [ 407058.100000000034925, 3284761.200000000186265 ], [ 407058.200000000011642, 3284761.200000000186265 ], [ 407058.200000000011642, 3284761.1 ], [ 407058.100000000034925, 3284761.1 ], [ 407058.100000000034925, 3284761.200000000186265 ] ], [ [ 407061.900000000023283, 3284761.1 ], [ 407062.100000000034925, 3284761.1 ], [ 407062.100000000034925, 3284760.900000000372529 ], [ 407061.900000000023283, 3284760.900000000372529 ], [ 407061.900000000023283, 3284761.1 ] ], [ [ 407062.400000000023283, 3284761.0 ], [ 407062.600000000034925, 3284761.0 ], [ 407062.600000000034925, 3284760.900000000372529 ], [ 407062.400000000023283, 3284760.900000000372529 ], [ 407062.400000000023283, 3284761.0 ] ], [ [ 407060.900000000023283, 3284760.900000000372529 ], [ 407061.000000000058208, 3284760.900000000372529 ], [ 407061.000000000058208, 3284760.800000000279397 ], [ 407060.900000000023283, 3284760.800000000279397 ], [ 407060.900000000023283, 3284760.900000000372529 ] ], [ [ 407058.500000000058208, 3284760.800000000279397 ], [ 407058.600000000034925, 3284760.800000000279397 ], [ 407058.600000000034925, 3284760.700000000186265 ], [ 407058.500000000058208, 3284760.700000000186265 ], [ 407058.500000000058208, 3284760.800000000279397 ] ], [ [ 407062.400000000023283, 3284760.700000000186265 ], [ 407062.500000000058208, 3284760.700000000186265 ], [ 407062.500000000058208, 3284760.6 ], [ 407062.400000000023283, 3284760.6 ], [ 407062.400000000023283, 3284760.700000000186265 ] ], [ [ 407058.500000000058208, 3284760.6 ], [ 407058.600000000034925, 3284760.6 ], [ 407058.600000000034925, 3284760.5 ], [ 407058.800000000046566, 3284760.5 ], [ 407058.800000000046566, 3284760.400000000372529 ], [ 407058.400000000023283, 3284760.400000000372529 ], [ 407058.400000000023283, 3284760.5 ], [ 407058.500000000058208, 3284760.5 ], [ 407058.500000000058208, 3284760.6 ] ] ] } },
{ "type": "Feature", "properties": { "zone_id": 9, "change_class": "Significant Loss", "threshold": "<= -0.15 Delta ExG", "area_sq_m": 1.7 }, "geometry": { "type": "Polygon", "coordinates": [ [ [ 407053.200000000011642, 3284762.6 ], [ 407053.200000000011642, 3284762.400000000372529 ], [ 407053.100000000034925, 3284762.400000000372529 ], [ 407053.100000000034925, 3284762.200000000186265 ], [ 407053.000000000058208, 3284762.200000000186265 ], [ 407053.000000000058208, 3284762.1 ], [ 407052.900000000023283, 3284762.1 ], [ 407052.900000000023283, 3284762.0 ], [ 407053.000000000058208, 3284762.0 ], [ 407053.000000000058208, 3284761.800000000279397 ], [ 407053.200000000011642, 3284761.800000000279397 ], [ 407053.200000000011642, 3284761.700000000186265 ], [ 407053.100000000034925, 3284761.700000000186265 ], [ 407053.100000000034925, 3284761.6 ], [ 407053.200000000011642, 3284761.6 ], [ 407053.200000000011642, 3284761.5 ], [ 407053.300000000046566, 3284761.5 ], [ 407053.300000000046566, 3284761.6 ], [ 407053.400000000023283, 3284761.6 ], [ 407053.400000000023283, 3284761.300000000279397 ], [ 407053.500000000058208, 3284761.300000000279397 ], [ 407053.500000000058208, 3284761.1 ], [ 407053.600000000034925, 3284761.1 ], [ 407053.600000000034925, 3284760.900000000372529 ], [ 407054.000000000058208, 3284760.900000000372529 ], [ 407054.000000000058208, 3284760.800000000279397 ], [ 407054.100000000034925, 3284760.800000000279397 ], [ 407054.100000000034925, 3284760.700000000186265 ], [ 407054.000000000058208, 3284760.700000000186265 ], [ 407054.000000000058208, 3284760.6 ], [ 407053.900000000023283, 3284760.6 ], [ 407053.900000000023283, 3284760.300000000279397 ], [ 407053.800000000046566, 3284760.300000000279397 ], [ 407053.800000000046566, 3284760.200000000186265 ], [ 407054.000000000058208, 3284760.200000000186265 ], [ 407054.000000000058208, 3284760.1 ], [ 407054.100000000034925, 3284760.1 ], [ 407054.100000000034925, 3284759.700000000186265 ], [ 407054.200000000011642, 3284759.700000000186265 ], [ 407054.200000000011642, 3284759.800000000279397 ], [ 407054.400000000023283, 3284759.800000000279397 ], [ 407054.400000000023283, 3284760.0 ], [ 407054.500000000058208, 3284760.0 ], [ 407054.500000000058208, 3284760.1 ], [ 407054.300000000046566, 3284760.1 ], [ 407054.300000000046566, 3284760.200000000186265 ], [ 407054.100000000034925, 3284760.200000000186265 ], [ 407054.100000000034925, 3284760.300000000279397 ], [ 407054.200000000011642, 3284760.300000000279397 ], [ 407054.200000000011642, 3284760.400000000372529 ], [ 407054.100000000034925, 3284760.400000000372529 ], [ 407054.100000000034925, 3284760.5 ], [ 407054.200000000011642, 3284760.5 ], [ 407054.200000000011642, 3284760.6 ], [ 407054.400000000023283, 3284760.6 ], [ 407054.400000000023283, 3284760.900000000372529 ], [ 407054.500000000058208, 3284760.900000000372529 ], [ 407054.500000000058208, 3284760.700000000186265 ], [ 407054.600000000034925, 3284760.700000000186265 ], [ 407054.600000000034925, 3284760.900000000372529 ], [ 407054.900000000023283, 3284760.900000000372529 ], [ 407054.900000000023283, 3284760.800000000279397 ], [ 407054.800000000046566, 3284760.800000000279397 ], [ 407054.800000000046566, 3284760.700000000186265 ], [ 407054.700000000011642, 3284760.700000000186265 ], [ 407054.700000000011642, 3284760.6 ], [ 407054.900000000023283, 3284760.6 ], [ 407054.900000000023283, 3284760.700000000186265 ], [ 407055.000000000058208, 3284760.700000000186265 ], [ 407055.000000000058208, 3284760.5 ], [ 407054.800000000046566, 3284760.5 ], [ 407054.800000000046566, 3284760.300000000279397 ], [ 407055.100000000034925, 3284760.300000000279397 ], [ 407055.100000000034925, 3284760.400000000372529 ], [ 407055.200000000011642, 3284760.400000000372529 ], [ 407055.200000000011642, 3284760.6 ], [ 407055.100000000034925, 3284760.6 ], [ 407055.100000000034925, 3284760.800000000279397 ], [ 407055.000000000058208, 3284760.800000000279397 ], [ 407055.000000000058208, 3284760.900000000372529 ], [ 407055.300000000046566, 3284760.900000000372529 ], [ 407055.300000000046566, 3284761.200000000186265 ], [ 407055.200000000011642, 3284761.200000000186265 ], [ 407055.200000000011642, 3284761.300000000279397 ], [ 407055.100000000034925, 3284761.300000000279397 ], [ 407055.100000000034925, 3284761.5 ], [ 407055.000000000058208, 3284761.5 ], [ 407055.000000000058208, 3284761.6 ], [ 407054.900000000023283, 3284761.6 ], [ 407054.900000000023283, 3284761.5 ], [ 407054.800000000046566, 3284761.5 ], [ 407054.800000000046566, 3284761.400000000372529 ], [ 407055.000000000058208, 3284761.400000000372529 ], [ 407055.000000000058208, 3284761.300000000279397 ], [ 407054.800000000046566, 3284761.300000000279397 ], [ 407054.800000000046566, 3284761.1 ], [ 407054.700000000011642, 3284761.1 ], [ 407054.700000000011642, 3284761.0 ], [ 407054.500000000058208, 3284761.0 ], [ 407054.500000000058208, 3284761.1 ], [ 407054.600000000034925, 3284761.1 ], [ 407054.600000000034925, 3284761.200000000186265 ], [ 407054.700000000011642, 3284761.200000000186265 ], [ 407054.700000000011642, 3284761.300000000279397 ], [ 407054.500000000058208, 3284761.300000000279397 ], [ 407054.500000000058208, 3284761.5 ], [ 407054.400000000023283, 3284761.5 ], [ 407054.400000000023283, 3284761.400000000372529 ], [ 407054.300000000046566, 3284761.400000000372529 ], [ 407054.300000000046566, 3284761.5 ], [ 407054.000000000058208, 3284761.5 ], [ 407054.000000000058208, 3284761.400000000372529 ], [ 407053.800000000046566, 3284761.400000000372529 ], [ 407053.800000000046566, 3284761.5 ], [ 407053.700000000011642, 3284761.5 ], [ 407053.700000000011642, 3284761.6 ], [ 407053.500000000058208, 3284761.6 ], [ 407053.500000000058208, 3284761.700000000186265 ], [ 407053.400000000023283, 3284761.700000000186265 ], [ 407053.400000000023283, 3284761.900000000372529 ], [ 407053.200000000011642, 3284761.900000000372529 ], [ 407053.200000000011642, 3284762.0 ], [ 407053.300000000046566, 3284762.0 ], [ 407053.300000000046566, 3284762.1 ], [ 407053.400000000023283, 3284762.1 ], [ 407053.400000000023283, 3284762.200000000186265 ], [ 407053.500000000058208, 3284762.200000000186265 ], [ 407053.500000000058208, 3284762.300000000279397 ], [ 407053.400000000023283, 3284762.300000000279397 ], [ 407053.400000000023283, 3284762.400000000372529 ], [ 407053.300000000046566, 3284762.400000000372529 ], [ 407053.300000000046566, 3284762.5 ], [ 407053.400000000023283, 3284762.5 ], [ 407053.400000000023283, 3284762.6 ], [ 407053.200000000011642, 3284762.6 ] ], [ [ 407053.200000000011642, 3284762.300000000279397 ], [ 407053.300000000046566, 3284762.300000000279397 ], [ 407053.300000000046566, 3284762.200000000186265 ], [ 407053.200000000011642, 3284762.200000000186265 ], [ 407053.200000000011642, 3284762.300000000279397 ] ], [ [ 407053.100000000034925, 3284762.1 ], [ 407053.200000000011642, 3284762.1 ], [ 407053.200000000011642, 3284762.0 ], [ 407053.100000000034925, 3284762.0 ], [ 407053.100000000034925, 3284762.1 ] ], [ [ 407054.300000000046566, 3284761.300000000279397 ], [ 407054.500000000058208, 3284761.300000000279397 ], [ 407054.500000000058208, 3284761.200000000186265 ], [ 407054.400000000023283, 3284761.200000000186265 ], [ 407054.400000000023283, 3284761.1 ], [ 407054.300000000046566, 3284761.1 ], [ 407054.300000000046566, 3284761.300000000279397 ] ], [ [ 407054.900000000023283, 3284761.1 ], [ 407055.000000000058208, 3284761.1 ], [ 407055.000000000058208, 3284761.0 ], [ 407054.900000000023283, 3284761.0 ], [ 407054.900000000023283, 3284761.1 ] ] ] } },
{ "type": "Feature", "properties": { "zone_id": 10, "change_class": "Significant Loss", "threshold": "<= -0.15 Delta ExG", "area_sq_m": 0.85 }, "geometry": { "type": "Polygon", "coordinates": [ [ [ 407061.000000000058208, 3284760.5 ], [ 407061.000000000058208, 3284760.400000000372529 ], [ 407060.900000000023283, 3284760.400000000372529 ], [ 407060.900000000023283, 3284760.300000000279397 ], [ 407060.800000000046566, 3284760.300000000279397 ], [ 407060.800000000046566, 3284760.400000000372529 ], [ 407060.500000000058208, 3284760.400000000372529 ], [ 407060.500000000058208, 3284760.300000000279397 ], [ 407060.300000000046566, 3284760.300000000279397 ], [ 407060.300000000046566, 3284760.200000000186265 ], [ 407060.200000000011642, 3284760.200000000186265 ], [ 407060.200000000011642, 3284760.300000000279397 ], [ 407060.100000000034925, 3284760.300000000279397 ], [ 407060.100000000034925, 3284760.200000000186265 ], [ 407060.000000000058208, 3284760.200000000186265 ], [ 407060.000000000058208, 3284760.300000000279397 ], [ 407059.900000000023283, 3284760.300000000279397 ], [ 407059.900000000023283, 3284759.900000000372529 ], [ 407059.800000000046566, 3284759.900000000372529 ], [ 407059.800000000046566, 3284760.300000000279397 ], [ 407059.700000000011642, 3284760.300000000279397 ], [ 407059.700000000011642, 3284759.700000000186265 ], [ 407060.000000000058208, 3284759.700000000186265 ], [ 407060.000000000058208, 3284759.6 ], [ 407060.100000000034925, 3284759.6 ], [ 407060.100000000034925, 3284759.900000000372529 ], [ 407060.200000000011642, 3284759.900000000372529 ], [ 407060.200000000011642, 3284759.700000000186265 ], [ 407060.400000000023283, 3284759.700000000186265 ], [ 407060.400000000023283, 3284759.800000000279397 ], [ 407060.600000000034925, 3284759.800000000279397 ], [ 407060.600000000034925, 3284759.700000000186265 ], [ 407060.500000000058208, 3284759.700000000186265 ], [ 407060.500000000058208, 3284759.6 ], [ 407060.800000000046566, 3284759.6 ], [ 407060.800000000046566, 3284759.700000000186265 ], [ 407060.900000000023283, 3284759.700000000186265 ], [ 407060.900000000023283, 3284759.900000000372529 ], [ 407061.000000000058208, 3284759.900000000372529 ], [ 407061.000000000058208, 3284759.700000000186265 ], [ 407061.100000000034925, 3284759.700000000186265 ], [ 407061.100000000034925, 3284760.0 ], [ 407061.200000000011642, 3284760.0 ], [ 407061.200000000011642, 3284759.800000000279397 ], [ 407061.300000000046566, 3284759.800000000279397 ], [ 407061.300000000046566, 3284760.1 ], [ 407061.400000000023283, 3284760.1 ], [ 407061.400000000023283, 3284760.200000000186265 ], [ 407061.200000000011642, 3284760.200000000186265 ], [ 407061.200000000011642, 3284760.400000000372529 ], [ 407061.100000000034925, 3284760.400000000372529 ], [ 407061.100000000034925, 3284760.5 ], [ 407061.000000000058208, 3284760.5 ] ], [ [ 407060.600000000034925, 3284760.300000000279397 ], [ 407060.800000000046566, 3284760.300000000279397 ], [ 407060.800000000046566, 3284760.200000000186265 ], [ 407060.700000000011642, 3284760.200000000186265 ], [ 407060.700000000011642, 3284760.1 ], [ 407060.600000000034925, 3284760.1 ], [ 407060.600000000034925, 3284760.300000000279397 ] ], [ [ 407061.000000000058208, 3284760.300000000279397 ], [ 407061.100000000034925, 3284760.300000000279397 ], [ 407061.100000000034925, 3284760.200000000186265 ], [ 407061.000000000058208, 3284760.200000000186265 ], [ 407061.000000000058208, 3284760.300000000279397 ] ], [ [ 407060.300000000046566, 3284760.200000000186265 ], [ 407060.500000000058208, 3284760.200000000186265 ], [ 407060.500000000058208, 3284760.1 ], [ 407060.300000000046566, 3284760.1 ], [ 407060.300000000046566, 3284760.200000000186265 ] ] ] } },
{ "type": "Feature", "properties": { "zone_id": 11, "change_class": "Significant Loss", "threshold": "<= -0.15 Delta ExG", "area_sq_m": 16.72 }, "geometry": { "type": "Polygon", "coordinates": [ [ [ 407064.600000000034925, 3284761.900000000372529 ], [ 407064.600000000034925, 3284761.700000000186265 ], [ 407064.500000000058208, 3284761.700000000186265 ], [ 407064.500000000058208, 3284761.6 ], [ 407064.400000000023283, 3284761.6 ], [ 407064.400000000023283, 3284761.5 ], [ 407064.300000000046566, 3284761.5 ], [ 407064.300000000046566, 3284761.300000000279397 ], [ 407064.200000000011642, 3284761.300000000279397 ], [ 407064.200000000011642, 3284761.200000000186265 ], [ 407064.100000000034925, 3284761.200000000186265 ], [ 407064.100000000034925, 3284761.1 ], [ 407064.000000000058208, 3284761.1 ], [ 407064.000000000058208, 3284761.0 ], [ 407063.900000000023283, 3284761.0 ], [ 407063.900000000023283, 3284761.200000000186265 ], [ 407063.800000000046566, 3284761.200000000186265 ], [ 407063.800000000046566, 3284761.0 ], [ 407063.700000000011642, 3284761.0 ], [ 407063.700000000011642, 3284760.800000000279397 ], [ 407063.500000000058208, 3284760.800000000279397 ], [ 407063.500000000058208, 3284760.6 ], [ 407063.300000000046566, 3284760.6 ], [ 407063.300000000046566, 3284760.400000000372529 ], [ 407063.600000000034925, 3284760.400000000372529 ], [ 407063.600000000034925, 3284760.5 ], [ 407063.700000000011642, 3284760.5 ], [ 407063.700000000011642, 3284760.300000000279397 ], [ 407063.800000000046566, 3284760.300000000279397 ], [ 407063.800000000046566, 3284760.1 ], [ 407063.600000000034925, 3284760.1 ], [ 407063.600000000034925, 3284760.0 ], [ 407063.500000000058208, 3284760.0 ], [ 407063.500000000058208, 3284760.300000000279397 ], [ 407063.400000000023283, 3284760.300000000279397 ], [ 407063.400000000023283, 3284760.200000000186265 ], [ 407063.300000000046566, 3284760.200000000186265 ], [ 407063.300000000046566, 3284760.1 ], [ 407063.200000000011642, 3284760.1 ], [ 407063.200000000011642, 3284760.200000000186265 ], [ 407063.100000000034925, 3284760.200000000186265 ], [ 407063.100000000034925, 3284760.1 ], [ 407063.000000000058208, 3284760.1 ], [ 407063.000000000058208, 3284760.0 ], [ 407062.800000000046566, 3284760.0 ], [ 407062.800000000046566, 3284759.800000000279397 ], [ 407062.700000000011642, 3284759.800000000279397 ], [ 407062.700000000011642, 3284759.900000000372529 ], [ 407062.600000000034925, 3284759.900000000372529 ], [ 407062.600000000034925, 3284759.700000000186265 ], [ 407062.500000000058208, 3284759.700000000186265 ], [ 407062.500000000058208, 3284759.800000000279397 ], [ 407062.400000000023283, 3284759.800000000279397 ], [ 407062.400000000023283, 3284759.900000000372529 ], [ 407062.300000000046566, 3284759.900000000372529 ], [ 407062.300000000046566, 3284760.0 ], [ 407062.400000000023283, 3284760.0 ], [ 407062.400000000023283, 3284760.1 ], [ 407062.200000000011642, 3284760.1 ], [ 407062.200000000011642, 3284760.200000000186265 ], [ 407062.000000000058208, 3284760.200000000186265 ], [ 407062.000000000058208, 3284760.1 ], [ 407062.100000000034925, 3284760.1 ], [ 407062.100000000034925, 3284760.0 ], [ 407061.700000000011642, 3284760.0 ], [ 407061.700000000011642, 3284760.1 ], [ 407061.600000000034925, 3284760.1 ], [ 407061.600000000034925, 3284759.900000000372529 ], [ 407061.800000000046566, 3284759.900000000372529 ], [ 407061.800000000046566, 3284759.800000000279397 ], [ 407061.500000000058208, 3284759.800000000279397 ], [ 407061.500000000058208, 3284760.1 ], [ 407061.400000000023283, 3284760.1 ], [ 407061.400000000023283, 3284759.6 ], [ 407061.300000000046566, 3284759.6 ], [ 407061.300000000046566, 3284759.200000000186265 ], [ 407061.200000000011642, 3284759.200000000186265 ], [ 407061.200000000011642, 3284759.400000000372529 ], [ 407061.100000000034925, 3284759.400000000372529 ], [ 407061.100000000034925, 3284759.300000000279397 ], [ 407061.000000000058208, 3284759.300000000279397 ], [ 407061.000000000058208, 3284758.900000000372529 ], [ 407061.600000000034925, 3284758.900000000372529 ], [ 407061.600000000034925, 3284758.800000000279397 ], [ 407060.800000000046566, 3284758.800000000279397 ], [ 407060.800000000046566, 3284758.700000000186265 ], [ 407061.100000000034925, 3284758.700000000186265 ], [ 407061.100000000034925, 3284758.6 ], [ 407061.000000000058208, 3284758.6 ], [ 407061.000000000058208, 3284758.5 ], [ 407060.900000000023283, 3284758.5 ], [ 407060.900000000023283, 3284758.300000000279397 ], [ 407061.000000000058208, 3284758.300000000279397 ], [ 407061.000000000058208, 3284758.1 ], [ 407060.900000000023283, 3284758.1 ], [ 407060.900000000023283, 3284758.200000000186265 ], [ 407060.700000000011642, 3284758.200000000186265 ], [ 407060.700000000011642, 3284758.0 ], [ 407060.600000000034925, 3284758.0 ], [ 407060.600000000034925, 3284758.1 ], [ 407060.500000000058208, 3284758.1 ], [ 407060.500000000058208, 3284758.200000000186265 ], [ 407060.400000000023283, 3284758.200000000186265 ], [ 407060.400000000023283, 3284758.0 ], [ 407060.200000000011642, 3284758.0 ], [ 407060.200000000011642, 3284758.200000000186265 ], [ 407060.100000000034925, 3284758.200000000186265 ], [ 407060.100000000034925, 3284758.1 ], [ 407060.000000000058208, 3284758.1 ], [ 407060.000000000058208, 3284758.400000000372529 ], [ 407059.700000000011642, 3284758.400000000372529 ], [ 407059.700000000011642, 3284758.300000000279397 ], [ 407059.600000000034925, 3284758.300000000279397 ], [ 407059.600000000034925, 3284758.1 ], [ 407059.500000000058208, 3284758.1 ], [ 407059.500000000058208, 3284757.800000000279397 ], [ 407059.600000000034925, 3284757.800000000279397 ], [ 407059.600000000034925, 3284757.700000000186265 ], [ 407060.000000000058208, 3284757.700000000186265 ], [ 407060.000000000058208, 3284757.6 ], [ 407060.300000000046566, 3284757.6 ], [ 407060.300000000046566, 3284757.5 ], [ 407060.500000000058208, 3284757.5 ], [ 407060.500000000058208, 3284757.400000000372529 ], [ 407060.800000000046566, 3284757.400000000372529 ], [ 407060.800000000046566, 3284757.300000000279397 ], [ 407061.100000000034925, 3284757.300000000279397 ], [ 407061.100000000034925, 3284757.200000000186265 ], [ 407061.000000000058208, 3284757.200000000186265 ], [ 407061.000000000058208, 3284757.0 ], [ 407061.100000000034925, 3284757.0 ], [ 407061.100000000034925, 3284757.1 ], [ 407061.200000000011642, 3284757.1 ], [ 407061.200000000011642, 3284757.200000000186265 ], [ 407061.400000000023283, 3284757.200000000186265 ], [ 407061.400000000023283, 3284757.1 ], [ 407061.700000000011642, 3284757.1 ], [ 407061.700000000011642, 3284757.0 ], [ 407061.200000000011642, 3284757.0 ], [ 407061.200000000011642, 3284756.900000000372529 ], [ 407061.800000000046566, 3284756.900000000372529 ], [ 407061.800000000046566, 3284756.800000000279397 ], [ 407061.900000000023283, 3284756.800000000279397 ], [ 407061.900000000023283, 3284756.900000000372529 ], [ 407062.000000000058208, 3284756.900000000372529 ], [ 407062.000000000058208, 3284756.800000000279397 ], [ 407062.100000000034925, 3284756.800000000279397 ], [ 407062.100000000034925, 3284756.700000000186265 ], [ 407062.200000000011642, 3284756.700000000186265 ], [ 407062.200000000011642, 3284756.6 ], [ 407062.300000000046566, 3284756.6 ], [ 407062.300000000046566, 3284756.5 ], [ 407062.400000000023283, 3284756.5 ], [ 407062.400000000023283, 3284756.300000000279397 ], [ 407062.800000000046566, 3284756.300000000279397 ], [ 407062.800000000046566, 3284756.400000000372529 ], [ 407062.900000000023283, 3284756.400000000372529 ], [ 407062.900000000023283, 3284756.0 ], [ 407063.000000000058208, 3284756.0 ], [ 407063.000000000058208, 3284755.900000000372529 ], [ 407063.100000000034925, 3284755.900000000372529 ], [ 407063.100000000034925, 3284756.0 ], [ 407063.300000000046566, 3284756.0 ], [ 407063.300000000046566, 3284756.1 ], [ 407063.200000000011642, 3284756.1 ], [ 407063.200000000011642, 3284756.400000000372529 ], [ 407063.400000000023283, 3284756.400000000372529 ], [ 407063.400000000023283, 3284756.6 ], [ 407063.300000000046566, 3284756.6 ], [ 407063.300000000046566, 3284756.5 ], [ 407063.100000000034925, 3284756.5 ], [ 407063.100000000034925, 3284756.700000000186265 ], [ 407063.000000000058208, 3284756.700000000186265 ], [ 407063.000000000058208, 3284756.900000000372529 ], [ 407063.100000000034925, 3284756.900000000372529 ], [ 407063.100000000034925, 3284756.800000000279397 ], [ 407063.200000000011642, 3284756.800000000279397 ], [ 407063.200000000011642, 3284756.900000000372529 ], [ 407063.600000000034925, 3284756.900000000372529 ], [ 407063.600000000034925, 3284757.0 ], [ 407063.700000000011642, 3284757.0 ], [ 407063.700000000011642, 3284757.300000000279397 ], [ 407063.800000000046566, 3284757.300000000279397 ], [ 407063.800000000046566, 3284757.1 ], [ 407063.900000000023283, 3284757.1 ], [ 407063.900000000023283, 3284757.400000000372529 ], [ 407064.000000000058208, 3284757.400000000372529 ], [ 407064.000000000058208, 3284757.5 ], [ 407064.100000000034925, 3284757.5 ], [ 407064.100000000034925, 3284757.6 ], [ 407064.400000000023283, 3284757.6 ], [ 407064.400000000023283, 3284757.900000000372529 ], [ 407064.500000000058208, 3284757.900000000372529 ], [ 407064.500000000058208, 3284757.800000000279397 ], [ 407064.600000000034925, 3284757.800000000279397 ], [ 407064.600000000034925, 3284757.700000000186265 ], [ 407064.700000000011642, 3284757.700000000186265 ], [ 407064.700000000011642, 3284757.6 ], [ 407065.000000000058208, 3284757.6 ], [ 407065.000000000058208, 3284757.700000000186265 ], [ 407065.100000000034925, 3284757.700000000186265 ], [ 407065.100000000034925, 3284757.800000000279397 ], [ 407065.200000000011642, 3284757.800000000279397 ], [ 407065.200000000011642, 3284757.900000000372529 ], [ 407065.300000000046566, 3284757.900000000372529 ], [ 407065.300000000046566, 3284758.0 ], [ 407065.200000000011642, 3284758.0 ], [ 407065.200000000011642, 3284758.200000000186265 ], [ 407065.400000000023283, 3284758.200000000186265 ], [ 407065.400000000023283, 3284758.0 ], [ 407065.500000000058208, 3284758.0 ], [ 407065.500000000058208, 3284757.900000000372529 ], [ 407065.600000000034925, 3284757.900000000372529 ], [ 407065.600000000034925, 3284757.800000000279397 ], [ 407065.700000000011642, 3284757.800000000279397 ], [ 407065.700000000011642, 3284758.1 ], [ 407065.800000000046566, 3284758.1 ], [ 407065.800000000046566, 3284758.0 ], [ 407065.900000000023283, 3284758.0 ], [ 407065.900000000023283, 3284758.1 ], [ 407066.000000000058208, 3284758.1 ], [ 407066.000000000058208, 3284758.0 ], [ 407066.100000000034925, 3284758.0 ], [ 407066.100000000034925, 3284757.900000000372529 ], [ 407066.300000000046566, 3284757.900000000372529 ], [ 407066.300000000046566, 3284757.800000000279397 ], [ 407066.400000000023283, 3284757.800000000279397 ], [ 407066.400000000023283, 3284757.6 ], [ 407066.500000000058208, 3284757.6 ], [ 407066.500000000058208, 3284757.700000000186265 ], [ 407066.600000000034925, 3284757.700000000186265 ], [ 407066.600000000034925, 3284757.6 ], [ 407066.700000000011642, 3284757.6 ], [ 407066.700000000011642, 3284757.5 ], [ 407066.900000000023283, 3284757.5 ], [ 407066.900000000023283, 3284757.200000000186265 ], [ 407067.100000000034925, 3284757.200000000186265 ], [ 407067.100000000034925, 3284757.300000000279397 ], [ 407067.300000000046566, 3284757.300000000279397 ], [ 407067.300000000046566, 3284757.400000000372529 ], [ 407067.400000000023283, 3284757.400000000372529 ], [ 407067.400000000023283, 3284757.6 ], [ 407067.300000000046566, 3284757.6 ], [ 407067.300000000046566, 3284757.700000000186265 ], [ 407067.100000000034925, 3284757.700000000186265 ], [ 407067.100000000034925, 3284757.800000000279397 ], [ 407067.200000000011642, 3284757.800000000279397 ], [ 407067.200000000011642, 3284758.1 ], [ 407067.400000000023283, 3284758.1 ], [ 407067.400000000023283, 3284758.200000000186265 ], [ 407067.300000000046566, 3284758.200000000186265 ], [ 407067.300000000046566, 3284758.300000000279397 ], [ 407067.200000000011642, 3284758.300000000279397 ], [ 407067.200000000011642, 3284758.200000000186265 ], [ 407066.800000000046566, 3284758.200000000186265 ], [ 407066.800000000046566, 3284758.400000000372529 ], [ 407067.000000000058208, 3284758.400000000372529 ], [ 407067.000000000058208, 3284758.300000000279397 ], [ 407067.100000000034925, 3284758.300000000279397 ], [ 407067.100000000034925, 3284758.400000000372529 ], [ 407067.200000000011642, 3284758.400000000372529 ], [ 407067.200000000011642, 3284758.5 ], [ 407066.700000000011642, 3284758.5 ], [ 407066.700000000011642, 3284758.400000000372529 ], [ 407066.600000000034925, 3284758.400000000372529 ], [ 407066.600000000034925, 3284758.300000000279397 ], [ 407066.300000000046566, 3284758.300000000279397 ], [ 407066.300000000046566, 3284758.400000000372529 ], [ 407066.500000000058208, 3284758.400000000372529 ], [ 407066.500000000058208, 3284758.5 ], [ 407066.400000000023283, 3284758.5 ], [ 407066.400000000023283, 3284758.6 ], [ 407066.100000000034925, 3284758.6 ], [ 407066.100000000034925, 3284758.5 ], [ 407065.800000000046566, 3284758.5 ], [ 407065.800000000046566, 3284758.700000000186265 ], [ 407065.600000000034925, 3284758.700000000186265 ], [ 407065.600000000034925, 3284758.800000000279397 ], [ 407065.800000000046566, 3284758.800000000279397 ], [ 407065.800000000046566, 3284759.0 ], [ 407066.000000000058208, 3284759.0 ], [ 407066.000000000058208, 3284759.1 ], [ 407065.800000000046566, 3284759.1 ], [ 407065.800000000046566, 3284759.200000000186265 ], [ 407065.700000000011642, 3284759.200000000186265 ], [ 407065.700000000011642, 3284759.300000000279397 ], [ 407065.600000000034925, 3284759.300000000279397 ], [ 407065.600000000034925, 3284759.400000000372529 ], [ 407065.700000000011642, 3284759.400000000372529 ], [ 407065.700000000011642, 3284759.6 ], [ 407065.500000000058208, 3284759.6 ], [ 407065.500000000058208, 3284759.700000000186265 ], [ 407065.400000000023283, 3284759.700000000186265 ], [ 407065.400000000023283, 3284759.6 ], [ 407065.300000000046566, 3284759.6 ], [ 407065.300000000046566, 3284759.5 ], [ 407065.200000000011642, 3284759.5 ], [ 407065.200000000011642, 3284759.6 ], [ 407065.100000000034925, 3284759.6 ], [ 407065.100000000034925, 3284759.800000000279397 ], [ 407065.200000000011642, 3284759.800000000279397 ], [ 407065.200000000011642, 3284760.0 ], [ 407065.100000000034925, 3284760.0 ], [ 407065.100000000034925, 3284760.1 ], [ 407064.800000000046566, 3284760.1 ], [ 407064.800000000046566, 3284760.200000000186265 ], [ 407064.700000000011642, 3284760.200000000186265 ], [ 407064.700000000011642, 3284760.300000000279397 ], [ 407064.600000000034925, 3284760.300000000279397 ], [ 407064.600000000034925, 3284760.200000000186265 ], [ 407064.400000000023283, 3284760.200000000186265 ], [ 407064.400000000023283, 3284760.1 ], [ 407064.200000000011642, 3284760.1 ], [ 407064.200000000011642, 3284760.200000000186265 ], [ 407064.100000000034925, 3284760.200000000186265 ], [ 407064.100000000034925, 3284760.300000000279397 ], [ 407063.900000000023283, 3284760.300000000279397 ], [ 407063.900000000023283, 3284760.5 ], [ 407064.100000000034925, 3284760.5 ], [ 407064.100000000034925, 3284760.6 ], [ 407064.200000000011642, 3284760.6 ], [ 407064.200000000011642, 3284760.700000000186265 ], [ 407064.300000000046566, 3284760.700000000186265 ], [ 407064.300000000046566, 3284760.5 ], [ 407064.600000000034925, 3284760.5 ], [ 407064.600000000034925, 3284760.400000000372529 ], [ 407064.800000000046566, 3284760.400000000372529 ], [ 407064.800000000046566, 3284760.300000000279397 ], [ 407065.100000000034925, 3284760.300000000279397 ], [ 407065.100000000034925, 3284760.400000000372529 ], [ 407065.300000000046566, 3284760.400000000372529 ], [ 407065.300000000046566, 3284760.300000000279397 ], [ 407065.600000000034925, 3284760.300000000279397 ], [ 407065.600000000034925, 3284760.5 ], [ 407065.700000000011642, 3284760.5 ], [ 407065.700000000011642, 3284760.900000000372529 ], [ 407065.900000000023283, 3284760.900000000372529 ], [ 407065.900000000023283, 3284761.1 ], [ 407065.700000000011642, 3284761.1 ], [ 407065.700000000011642, 3284761.200000000186265 ], [ 407065.400000000023283, 3284761.200000000186265 ], [ 407065.400000000023283, 3284761.1 ], [ 407065.200000000011642, 3284761.1 ], [ 407065.200000000011642, 3284761.400000000372529 ], [ 407065.100000000034925, 3284761.400000000372529 ], [ 407065.100000000034925, 3284761.5 ], [ 407065.000000000058208, 3284761.5 ], [ 407065.000000000058208, 3284761.6 ], [ 407064.800000000046566, 3284761.6 ], [ 407064.800000000046566, 3284761.800000000279397 ], [ 407064.700000000011642, 3284761.800000000279397 ], [ 407064.700000000011642, 3284761.900000000372529 ], [ 407064.600000000034925, 3284761.900000000372529 ] ], [ [ 407064.800000000046566, 3284761.300000000279397 ], [ 407064.900000000023283, 3284761.300000000279397 ], [ 407064.900000000023283, 3284761.0 ], [ 407065.000000000058208, 3284761.0 ], [ 407065.000000000058208, 3284760.900000000372529 ], [ 407064.800000000046566, 3284760.900000000372529 ], [ 407064.800000000046566, 3284760.800000000279397 ], [ 407064.700000000011642, 3284760.800000000279397 ], [ 407064.700000000011642, 3284761.0 ], [ 407064.600000000034925, 3284761.0 ], [ 407064.600000000034925, 3284761.1 ], [ 407064.700000000011642, 3284761.1 ], [ 407064.700000000011642, 3284761.200000000186265 ], [ 407064.800000000046566, 3284761.200000000186265 ], [ 407064.800000000046566, 3284761.300000000279397 ] ], [ [ 407065.500000000058208, 3284761.0 ], [ 407065.700000000011642, 3284761.0 ], [ 407065.700000000011642, 3284760.900000000372529 ], [ 407065.500000000058208, 3284760.900000000372529 ], [ 407065.500000000058208, 3284761.0 ] ], [ [ 407065.100000000034925, 3284760.800000000279397 ], [ 407065.200000000011642, 3284760.800000000279397 ], [ 407065.200000000011642, 3284760.700000000186265 ], [ 407065.300000000046566, 3284760.700000000186265 ], [ 407065.300000000046566, 3284760.6 ], [ 407065.400000000023283, 3284760.6 ], [ 407065.400000000023283, 3284760.5 ], [ 407065.100000000034925, 3284760.5 ], [ 407065.100000000034925, 3284760.800000000279397 ] ], [ [ 407064.700000000011642, 3284760.700000000186265 ], [ 407064.800000000046566, 3284760.700000000186265 ], [ 407064.800000000046566, 3284760.6 ], [ 407064.700000000011642, 3284760.6 ], [ 407064.700000000011642, 3284760.700000000186265 ] ], [ [ 407063.900000000023283, 3284760.1 ], [ 407064.000000000058208, 3284760.1 ], [ 407064.000000000058208, 3284759.800000000279397 ], [ 407063.800000000046566, 3284759.800000000279397 ], [ 407063.800000000046566, 3284760.0 ], [ 407063.900000000023283, 3284760.0 ], [ 407063.900000000023283, 3284760.1 ] ], [ [ 407062.100000000034925, 3284760.0 ], [ 407062.200000000011642, 3284760.0 ], [ 407062.200000000011642, 3284759.900000000372529 ], [ 407062.100000000034925, 3284759.900000000372529 ], [ 407062.100000000034925, 3284760.0 ] ], [ [ 407063.000000000058208, 3284760.0 ], [ 407063.100000000034925, 3284760.0 ], [ 407063.100000000034925, 3284759.900000000372529 ], [ 407063.000000000058208, 3284759.900000000372529 ], [ 407063.000000000058208, 3284760.0 ] ], [ [ 407064.900000000023283, 3284760.0 ], [ 407065.000000000058208, 3284760.0 ], [ 407065.000000000058208, 3284759.900000000372529 ], [ 407064.900000000023283, 3284759.900000000372529 ], [ 407064.900000000023283, 3284760.0 ] ], [ [ 407063.600000000034925, 3284759.900000000372529 ], [ 407063.700000000011642, 3284759.900000000372529 ], [ 407063.700000000011642, 3284759.800000000279397 ], [ 407063.600000000034925, 3284759.800000000279397 ], [ 407063.600000000034925, 3284759.900000000372529 ] ], [ [ 407062.900000000023283, 3284759.400000000372529 ], [ 407063.000000000058208, 3284759.400000000372529 ], [ 407063.000000000058208, 3284759.300000000279397 ], [ 407062.900000000023283, 3284759.300000000279397 ], [ 407062.900000000023283, 3284759.400000000372529 ] ], [ [ 407065.400000000023283, 3284759.400000000372529 ], [ 407065.500000000058208, 3284759.400000000372529 ], [ 407065.500000000058208, 3284759.300000000279397 ], [ 407065.400000000023283, 3284759.300000000279397 ], [ 407065.400000000023283, 3284759.400000000372529 ] ], [ [ 407061.700000000011642, 3284759.300000000279397 ], [ 407062.000000000058208, 3284759.300000000279397 ], [ 407062.000000000058208, 3284759.200000000186265 ], [ 407061.900000000023283, 3284759.200000000186265 ], [ 407061.900000000023283, 3284759.1 ], [ 407061.700000000011642, 3284759.1 ], [ 407061.700000000011642, 3284759.300000000279397 ] ], [ [ 407064.300000000046566, 3284759.300000000279397 ], [ 407064.400000000023283, 3284759.300000000279397 ], [ 407064.400000000023283, 3284759.200000000186265 ], [ 407064.300000000046566, 3284759.200000000186265 ], [ 407064.300000000046566, 3284759.300000000279397 ] ], [ [ 407064.000000000058208, 3284759.200000000186265 ], [ 407064.100000000034925, 3284759.200000000186265 ], [ 407064.100000000034925, 3284759.1 ], [ 407064.000000000058208, 3284759.1 ], [ 407064.000000000058208, 3284759.200000000186265 ] ], [ [ 407061.300000000046566, 3284759.1 ], [ 407061.400000000023283, 3284759.1 ], [ 407061.400000000023283, 3284759.0 ], [ 407061.300000000046566, 3284759.0 ], [ 407061.300000000046566, 3284759.1 ] ], [ [ 407061.500000000058208, 3284759.1 ], [ 407061.600000000034925, 3284759.1 ], [ 407061.600000000034925, 3284759.0 ], [ 407061.500000000058208, 3284759.0 ], [ 407061.500000000058208, 3284759.1 ] ], [ [ 407063.000000000058208, 3284758.700000000186265 ], [ 407063.100000000034925, 3284758.700000000186265 ], [ 407063.100000000034925, 3284758.6 ], [ 407063.000000000058208, 3284758.6 ], [ 407063.000000000058208, 3284758.700000000186265 ] ], [ [ 407062.700000000011642, 3284758.5 ], [ 407062.800000000046566, 3284758.5 ], [ 407062.800000000046566, 3284758.400000000372529 ], [ 407062.700000000011642, 3284758.400000000372529 ], [ 407062.700000000011642, 3284758.5 ] ], [ [ 407061.200000000011642, 3284758.400000000372529 ], [ 407061.300000000046566, 3284758.400000000372529 ], [ 407061.300000000046566, 3284758.300000000279397 ], [ 407061.200000000011642, 3284758.300000000279397 ], [ 407061.200000000011642, 3284758.400000000372529 ] ], [ [ 407063.800000000046566, 3284758.300000000279397 ], [ 407063.900000000023283, 3284758.300000000279397 ], [ 407063.900000000023283, 3284758.1 ], [ 407063.700000000011642, 3284758.1 ], [ 407063.700000000011642, 3284758.200000000186265 ], [ 407063.800000000046566, 3284758.200000000186265 ], [ 407063.800000000046566, 3284758.300000000279397 ] ], [ [ 407061.100000000034925, 3284758.200000000186265 ], [ 407061.200000000011642, 3284758.200000000186265 ], [ 407061.200000000011642, 3284758.1 ], [ 407061.100000000034925, 3284758.1 ], [ 407061.100000000034925, 3284758.200000000186265 ] ], [ [ 407061.000000000058208, 3284758.1 ], [ 407061.100000000034925, 3284758.1 ], [ 407061.100000000034925, 3284758.0 ], [ 407061.000000000058208, 3284758.0 ], [ 407061.000000000058208, 3284758.1 ] ], [ [ 407060.700000000011642, 3284758.0 ], [ 407060.900000000023283, 3284758.0 ], [ 407060.900000000023283, 3284757.900000000372529 ], [ 407060.800000000046566, 3284757.900000000372529 ], [ 407060.800000000046566, 3284757.800000000279397 ], [ 407060.700000000011642, 3284757.800000000279397 ], [ 407060.700000000011642, 3284758.0 ] ], [ [ 407061.600000000034925, 3284758.0 ], [ 407061.700000000011642, 3284758.0 ], [ 407061.700000000011642, 3284757.900000000372529 ], [ 407061.600000000034925, 3284757.900000000372529 ], [ 407061.600000000034925, 3284758.0 ] ], [ [ 407063.500000000058208, 3284758.0 ], [ 407063.600000000034925, 3284758.0 ], [ 407063.600000000034925, 3284757.900000000372529 ], [ 407063.500000000058208, 3284757.900000000372529 ], [ 407063.500000000058208, 3284758.0 ] ], [ [ 407064.900000000023283, 3284758.0 ], [ 407065.000000000058208, 3284758.0 ], [ 407065.000000000058208, 3284757.900000000372529 ], [ 407065.100000000034925, 3284757.900000000372529 ], [ 407065.100000000034925, 3284757.800000000279397 ], [ 407064.900000000023283, 3284757.800000000279397 ], [ 407064.900000000023283, 3284758.0 ] ], [ [ 407060.100000000034925, 3284757.900000000372529 ], [ 407060.200000000011642, 3284757.900000000372529 ], [ 407060.200000000011642, 3284757.700000000186265 ], [ 407060.100000000034925, 3284757.700000000186265 ], [ 407060.100000000034925, 3284757.900000000372529 ] ], [ [ 407060.900000000023283, 3284757.900000000372529 ], [ 407061.000000000058208, 3284757.900000000372529 ], [ 407061.000000000058208, 3284757.800000000279397 ], [ 407060.900000000023283, 3284757.800000000279397 ], [ 407060.900000000023283, 3284757.900000000372529 ] ], [ [ 407061.100000000034925, 3284757.900000000372529 ], [ 407061.200000000011642, 3284757.900000000372529 ], [ 407061.200000000011642, 3284757.800000000279397 ], [ 407061.100000000034925, 3284757.800000000279397 ], [ 407061.100000000034925, 3284757.900000000372529 ] ], [ [ 407061.300000000046566, 3284757.900000000372529 ], [ 407061.400000000023283, 3284757.900000000372529 ], [ 407061.400000000023283, 3284757.800000000279397 ], [ 407061.300000000046566, 3284757.800000000279397 ], [ 407061.300000000046566, 3284757.900000000372529 ] ], [ [ 407064.700000000011642, 3284757.900000000372529 ], [ 407064.800000000046566, 3284757.900000000372529 ], [ 407064.800000000046566, 3284757.800000000279397 ], [ 407064.700000000011642, 3284757.800000000279397 ], [ 407064.700000000011642, 3284757.900000000372529 ] ], [ [ 407067.000000000058208, 3284757.6 ], [ 407067.100000000034925, 3284757.6 ], [ 407067.100000000034925, 3284757.300000000279397 ], [ 407067.000000000058208, 3284757.300000000279397 ], [ 407067.000000000058208, 3284757.6 ] ], [ [ 407060.800000000046566, 3284757.5 ], [ 407060.900000000023283, 3284757.5 ], [ 407060.900000000023283, 3284757.400000000372529 ], [ 407060.800000000046566, 3284757.400000000372529 ], [ 407060.800000000046566, 3284757.5 ] ], [ [ 407062.900000000023283, 3284757.5 ], [ 407063.200000000011642, 3284757.5 ], [ 407063.200000000011642, 3284757.400000000372529 ], [ 407062.900000000023283, 3284757.400000000372529 ], [ 407062.900000000023283, 3284757.5 ] ], [ [ 407063.200000000011642, 3284757.400000000372529 ], [ 407063.300000000046566, 3284757.400000000372529 ], [ 407063.300000000046566, 3284757.300000000279397 ], [ 407063.200000000011642, 3284757.300000000279397 ], [ 407063.200000000011642, 3284757.400000000372529 ] ], [ [ 407062.400000000023283, 3284757.300000000279397 ], [ 407062.500000000058208, 3284757.300000000279397 ], [ 407062.500000000058208, 3284756.900000000372529 ], [ 407062.400000000023283, 3284756.900000000372529 ], [ 407062.400000000023283, 3284757.0 ], [ 407062.100000000034925, 3284757.0 ], [ 407062.100000000034925, 3284757.1 ], [ 407062.400000000023283, 3284757.1 ], [ 407062.400000000023283, 3284757.300000000279397 ] ], [ [ 407062.800000000046566, 3284757.200000000186265 ], [ 407063.100000000034925, 3284757.200000000186265 ], [ 407063.100000000034925, 3284757.0 ], [ 407063.000000000058208, 3284757.0 ], [ 407063.000000000058208, 3284756.900000000372529 ], [ 407062.900000000023283, 3284756.900000000372529 ], [ 407062.900000000023283, 3284757.1 ], [ 407062.800000000046566, 3284757.1 ], [ 407062.800000000046566, 3284757.200000000186265 ] ], [ [ 407063.400000000023283, 3284757.200000000186265 ], [ 407063.500000000058208, 3284757.200000000186265 ], [ 407063.500000000058208, 3284757.0 ], [ 407063.400000000023283, 3284757.0 ], [ 407063.400000000023283, 3284757.200000000186265 ] ], [ [ 407062.100000000034925, 3284756.900000000372529 ], [ 407062.200000000011642, 3284756.900000000372529 ], [ 407062.200000000011642, 3284756.800000000279397 ], [ 407062.100000000034925, 3284756.800000000279397 ], [ 407062.100000000034925, 3284756.900000000372529 ] ], [ [ 407062.600000000034925, 3284756.900000000372529 ], [ 407062.800000000046566, 3284756.900000000372529 ], [ 407062.800000000046566, 3284756.800000000279397 ], [ 407062.600000000034925, 3284756.800000000279397 ], [ 407062.600000000034925, 3284756.900000000372529 ] ] ] } },
{ "type": "Feature", "properties": { "zone_id": 12, "change_class": "Significant Loss", "threshold": "<= -0.15 Delta ExG", "area_sq_m": 0.67 }, "geometry": { "type": "Polygon", "coordinates": [ [ [ 407058.700000000011642, 3284757.0 ], [ 407058.700000000011642, 3284756.5 ], [ 407058.600000000034925, 3284756.5 ], [ 407058.600000000034925, 3284756.200000000186265 ], [ 407058.700000000011642, 3284756.200000000186265 ], [ 407058.700000000011642, 3284756.400000000372529 ], [ 407058.800000000046566, 3284756.400000000372529 ], [ 407058.800000000046566, 3284756.0 ], [ 407058.900000000023283, 3284756.0 ], [ 407058.900000000023283, 3284756.200000000186265 ], [ 407059.000000000058208, 3284756.200000000186265 ], [ 407059.000000000058208, 3284755.6 ], [ 407059.200000000011642, 3284755.6 ], [ 407059.200000000011642, 3284755.400000000372529 ], [ 407059.400000000023283, 3284755.400000000372529 ], [ 407059.400000000023283, 3284755.5 ], [ 407059.300000000046566, 3284755.5 ], [ 407059.300000000046566, 3284755.6 ], [ 407059.500000000058208, 3284755.6 ], [ 407059.500000000058208, 3284755.700000000186265 ], [ 407059.400000000023283, 3284755.700000000186265 ], [ 407059.400000000023283, 3284755.900000000372529 ], [ 407059.500000000058208, 3284755.900000000372529 ], [ 407059.500000000058208, 3284756.0 ], [ 407059.400000000023283, 3284756.0 ], [ 407059.400000000023283, 3284756.200000000186265 ], [ 407059.300000000046566, 3284756.200000000186265 ], [ 407059.300000000046566, 3284756.300000000279397 ], [ 407059.500000000058208, 3284756.300000000279397 ], [ 407059.500000000058208, 3284756.6 ], [ 407059.400000000023283, 3284756.6 ], [ 407059.400000000023283, 3284756.700000000186265 ], [ 407059.300000000046566, 3284756.700000000186265 ], [ 407059.300000000046566, 3284756.5 ], [ 407059.200000000011642, 3284756.5 ], [ 407059.200000000011642, 3284756.6 ], [ 407059.100000000034925, 3284756.6 ], [ 407059.100000000034925, 3284756.300000000279397 ], [ 407059.000000000058208, 3284756.300000000279397 ], [ 407059.000000000058208, 3284756.800000000279397 ], [ 407058.800000000046566, 3284756.800000000279397 ], [ 407058.800000000046566, 3284757.0 ], [ 407058.700000000011642, 3284757.0 ] ] ] } },
{ "type": "Feature", "properties": { "zone_id": 13, "change_class": "Significant Loss", "threshold": "<= -0.15 Delta ExG", "area_sq_m": 0.63 }, "geometry": { "type": "Polygon", "coordinates": [ [ [ 407066.700000000011642, 3284756.400000000372529 ], [ 407066.700000000011642, 3284756.200000000186265 ], [ 407066.500000000058208, 3284756.200000000186265 ], [ 407066.500000000058208, 3284756.1 ], [ 407066.400000000023283, 3284756.1 ], [ 407066.400000000023283, 3284755.900000000372529 ], [ 407066.300000000046566, 3284755.900000000372529 ], [ 407066.300000000046566, 3284756.0 ], [ 407066.200000000011642, 3284756.0 ], [ 407066.200000000011642, 3284755.900000000372529 ], [ 407065.900000000023283, 3284755.900000000372529 ], [ 407065.900000000023283, 3284756.0 ], [ 407065.800000000046566, 3284756.0 ], [ 407065.800000000046566, 3284756.200000000186265 ], [ 407065.700000000011642, 3284756.200000000186265 ], [ 407065.700000000011642, 3284756.300000000279397 ], [ 407065.600000000034925, 3284756.300000000279397 ], [ 407065.600000000034925, 3284756.1 ], [ 407065.700000000011642, 3284756.1 ], [ 407065.700000000011642, 3284755.900000000372529 ], [ 407065.600000000034925, 3284755.900000000372529 ], [ 407065.600000000034925, 3284755.700000000186265 ], [ 407065.700000000011642, 3284755.700000000186265 ], [ 407065.700000000011642, 3284755.800000000279397 ], [ 407065.800000000046566, 3284755.800000000279397 ], [ 407065.800000000046566, 3284755.5 ], [ 407066.000000000058208, 3284755.5 ], [ 407066.000000000058208, 3284755.400000000372529 ], [ 407065.600000000034925, 3284755.400000000372529 ], [ 407065.600000000034925, 3284755.300000000279397 ], [ 407066.100000000034925, 3284755.300000000279397 ], [ 407066.100000000034925, 3284755.5 ], [ 407066.300000000046566, 3284755.5 ], [ 407066.300000000046566, 3284755.400000000372529 ], [ 407066.400000000023283, 3284755.400000000372529 ], [ 407066.400000000023283, 3284755.5 ], [ 407066.500000000058208, 3284755.5 ], [ 407066.500000000058208, 3284755.700000000186265 ], [ 407066.600000000034925, 3284755.700000000186265 ], [ 407066.600000000034925, 3284755.900000000372529 ], [ 407066.700000000011642, 3284755.900000000372529 ], [ 407066.700000000011642, 3284755.800000000279397 ], [ 407066.900000000023283, 3284755.800000000279397 ], [ 407066.900000000023283, 3284755.900000000372529 ], [ 407066.800000000046566, 3284755.900000000372529 ], [ 407066.800000000046566, 3284756.0 ], [ 407066.900000000023283, 3284756.0 ], [ 407066.900000000023283, 3284756.1 ], [ 407066.800000000046566, 3284756.1 ], [ 407066.800000000046566, 3284756.400000000372529 ], [ 407066.700000000011642, 3284756.400000000372529 ] ] ] } },
{ "type": "Feature", "properties": { "zone_id": 14, "change_class": "Significant Loss", "threshold": "<= -0.15 Delta ExG", "area_sq_m": 0.89 }, "geometry": { "type": "Polygon", "coordinates": [ [ [ 407062.800000000046566, 3284755.700000000186265 ], [ 407062.800000000046566, 3284755.200000000186265 ], [ 407062.700000000011642, 3284755.200000000186265 ], [ 407062.700000000011642, 3284755.300000000279397 ], [ 407062.600000000034925, 3284755.300000000279397 ], [ 407062.600000000034925, 3284755.400000000372529 ], [ 407062.700000000011642, 3284755.400000000372529 ], [ 407062.700000000011642, 3284755.5 ], [ 407062.600000000034925, 3284755.5 ], [ 407062.600000000034925, 3284755.6 ], [ 407062.400000000023283, 3284755.6 ], [ 407062.400000000023283, 3284755.5 ], [ 407062.300000000046566, 3284755.5 ], [ 407062.300000000046566, 3284755.200000000186265 ], [ 407062.200000000011642, 3284755.200000000186265 ], [ 407062.200000000011642, 3284755.300000000279397 ], [ 407062.100000000034925, 3284755.300000000279397 ], [ 407062.100000000034925, 3284755.400000000372529 ], [ 407062.000000000058208, 3284755.400000000372529 ], [ 407062.000000000058208, 3284755.200000000186265 ], [ 407061.900000000023283, 3284755.200000000186265 ], [ 407061.900000000023283, 3284755.5 ], [ 407061.800000000046566, 3284755.5 ], [ 407061.800000000046566, 3284755.400000000372529 ], [ 407061.700000000011642, 3284755.400000000372529 ], [ 407061.700000000011642, 3284755.300000000279397 ], [ 407061.800000000046566, 3284755.300000000279397 ], [ 407061.800000000046566, 3284755.200000000186265 ], [ 407061.600000000034925, 3284755.200000000186265 ], [ 407061.600000000034925, 3284755.1 ], [ 407061.500000000058208, 3284755.1 ], [ 407061.500000000058208, 3284755.200000000186265 ], [ 407061.400000000023283, 3284755.200000000186265 ], [ 407061.400000000023283, 3284754.900000000372529 ], [ 407062.200000000011642, 3284754.900000000372529 ], [ 407062.200000000011642, 3284754.800000000279397 ], [ 407062.400000000023283, 3284754.800000000279397 ], [ 407062.400000000023283, 3284754.700000000186265 ], [ 407062.500000000058208, 3284754.700000000186265 ], [ 407062.500000000058208, 3284754.6 ], [ 407062.400000000023283, 3284754.6 ], [ 407062.400000000023283, 3284754.5 ], [ 407062.500000000058208, 3284754.5 ], [ 407062.500000000058208, 3284754.400000000372529 ], [ 407062.600000000034925, 3284754.400000000372529 ], [ 407062.600000000034925, 3284754.6 ], [ 407062.700000000011642, 3284754.6 ], [ 407062.700000000011642, 3284754.700000000186265 ], [ 407062.600000000034925, 3284754.700000000186265 ], [ 407062.600000000034925, 3284754.800000000279397 ], [ 407062.800000000046566, 3284754.800000000279397 ], [ 407062.800000000046566, 3284754.700000000186265 ], [ 407063.100000000034925, 3284754.700000000186265 ], [ 407063.100000000034925, 3284754.800000000279397 ], [ 407063.200000000011642, 3284754.800000000279397 ], [ 407063.200000000011642, 3284754.900000000372529 ], [ 407063.600000000034925, 3284754.900000000372529 ], [ 407063.600000000034925, 3284755.200000000186265 ], [ 407063.500000000058208, 3284755.200000000186265 ], [ 407063.500000000058208, 3284755.0 ], [ 407063.300000000046566, 3284755.0 ], [ 407063.300000000046566, 3284755.200000000186265 ], [ 407063.200000000011642, 3284755.200000000186265 ], [ 407063.200000000011642, 3284755.300000000279397 ], [ 407063.300000000046566, 3284755.300000000279397 ], [ 407063.300000000046566, 3284755.400000000372529 ], [ 407063.100000000034925, 3284755.400000000372529 ], [ 407063.100000000034925, 3284755.300000000279397 ], [ 407062.900000000023283, 3284755.300000000279397 ], [ 407062.900000000023283, 3284755.400000000372529 ], [ 407063.000000000058208, 3284755.400000000372529 ], [ 407063.000000000058208, 3284755.5 ], [ 407062.900000000023283, 3284755.5 ], [ 407062.900000000023283, 3284755.700000000186265 ], [ 407062.800000000046566, 3284755.700000000186265 ] ], [ [ 407062.400000000023283, 3284755.5 ], [ 407062.500000000058208, 3284755.5 ], [ 407062.500000000058208, 3284755.400000000372529 ], [ 407062.400000000023283, 3284755.400000000372529 ], [ 407062.400000000023283, 3284755.5 ] ], [ [ 407062.400000000023283, 3284755.300000000279397 ], [ 407062.500000000058208, 3284755.300000000279397 ], [ 407062.500000000058208, 3284755.200000000186265 ], [ 407062.600000000034925, 3284755.200000000186265 ], [ 407062.600000000034925, 3284755.1 ], [ 407062.500000000058208, 3284755.1 ], [ 407062.500000000058208, 3284755.0 ], [ 407061.600000000034925, 3284755.0 ], [ 407061.600000000034925, 3284755.1 ], [ 407062.400000000023283, 3284755.1 ], [ 407062.400000000023283, 3284755.300000000279397 ] ], [ [ 407063.100000000034925, 3284755.200000000186265 ], [ 407063.200000000011642, 3284755.200000000186265 ], [ 407063.200000000011642, 3284755.1 ], [ 407063.100000000034925, 3284755.1 ], [ 407063.100000000034925, 3284755.200000000186265 ] ], [ [ 407062.800000000046566, 3284755.1 ], [ 407063.000000000058208, 3284755.1 ], [ 407063.000000000058208, 3284755.0 ], [ 407062.900000000023283, 3284755.0 ], [ 407062.900000000023283, 3284754.900000000372529 ], [ 407063.000000000058208, 3284754.900000000372529 ], [ 407063.000000000058208, 3284754.800000000279397 ], [ 407062.800000000046566, 3284754.800000000279397 ], [ 407062.800000000046566, 3284754.900000000372529 ], [ 407062.600000000034925, 3284754.900000000372529 ], [ 407062.600000000034925, 3284755.0 ], [ 407062.800000000046566, 3284755.0 ], [ 407062.800000000046566, 3284755.1 ] ], [ [ 407063.100000000034925, 3284755.0 ], [ 407063.200000000011642, 3284755.0 ], [ 407063.200000000011642, 3284754.900000000372529 ], [ 407063.100000000034925, 3284754.900000000372529 ], [ 407063.100000000034925, 3284755.0 ] ], [ [ 407062.400000000023283, 3284754.900000000372529 ], [ 407062.500000000058208, 3284754.900000000372529 ], [ 407062.500000000058208, 3284754.800000000279397 ], [ 407062.400000000023283, 3284754.800000000279397 ], [ 407062.400000000023283, 3284754.900000000372529 ] ] ] } },
{ "type": "Feature", "properties": { "zone_id": 15, "change_class": "Significant Loss", "threshold": "<= -0.15 Delta ExG", "area_sq_m": 0.66 }, "geometry": { "type": "Polygon", "coordinates": [ [ [ 407068.300000000046566, 3284750.6 ], [ 407068.300000000046566, 3284750.300000000279397 ], [ 407067.700000000011642, 3284750.300000000279397 ], [ 407067.700000000011642, 3284750.400000000372529 ], [ 407067.600000000034925, 3284750.400000000372529 ], [ 407067.600000000034925, 3284750.300000000279397 ], [ 407067.400000000023283, 3284750.300000000279397 ], [ 407067.400000000023283, 3284750.200000000186265 ], [ 407067.500000000058208, 3284750.200000000186265 ], [ 407067.500000000058208, 3284750.1 ], [ 407067.600000000034925, 3284750.1 ], [ 407067.600000000034925, 3284750.200000000186265 ], [ 407067.800000000046566, 3284750.200000000186265 ], [ 407067.800000000046566, 3284750.1 ], [ 407067.700000000011642, 3284750.1 ], [ 407067.700000000011642, 3284749.900000000372529 ], [ 407068.000000000058208, 3284749.900000000372529 ], [ 407068.000000000058208, 3284749.800000000279397 ], [ 407068.100000000034925, 3284749.800000000279397 ], [ 407068.100000000034925, 3284749.700000000186265 ], [ 407068.200000000011642, 3284749.700000000186265 ], [ 407068.200000000011642, 3284749.6 ], [ 407068.300000000046566, 3284749.6 ], [ 407068.300000000046566, 3284749.5 ], [ 407068.500000000058208, 3284749.5 ], [ 407068.500000000058208, 3284749.400000000372529 ], [ 407068.700000000011642, 3284749.400000000372529 ], [ 407068.700000000011642, 3284749.5 ], [ 407068.800000000046566, 3284749.5 ], [ 407068.800000000046566, 3284749.6 ], [ 407068.900000000023283, 3284749.6 ], [ 407068.900000000023283, 3284749.700000000186265 ], [ 407069.000000000058208, 3284749.700000000186265 ], [ 407069.000000000058208, 3284749.900000000372529 ], [ 407068.900000000023283, 3284749.900000000372529 ], [ 407068.900000000023283, 3284750.0 ], [ 407068.800000000046566, 3284750.0 ], [ 407068.800000000046566, 3284750.1 ], [ 407068.100000000034925, 3284750.1 ], [ 407068.100000000034925, 3284750.200000000186265 ], [ 407068.400000000023283, 3284750.200000000186265 ], [ 407068.400000000023283, 3284750.5 ], [ 407068.500000000058208, 3284750.5 ], [ 407068.500000000058208, 3284750.6 ], [ 407068.300000000046566, 3284750.6 ] ], [ [ 407067.900000000023283, 3284750.200000000186265 ], [ 407068.000000000058208, 3284750.200000000186265 ], [ 407068.000000000058208, 3284750.1 ], [ 407067.900000000023283, 3284750.1 ], [ 407067.900000000023283, 3284750.200000000186265 ] ], [ [ 407068.000000000058208, 3284750.0 ], [ 407068.200000000011642, 3284750.0 ], [ 407068.200000000011642, 3284749.900000000372529 ], [ 407068.000000000058208, 3284749.900000000372529 ], [ 407068.000000000058208, 3284750.0 ] ], [ [ 407068.500000000058208, 3284750.0 ], [ 407068.800000000046566, 3284750.0 ], [ 407068.800000000046566, 3284749.900000000372529 ], [ 407068.500000000058208, 3284749.900000000372529 ], [ 407068.500000000058208, 3284750.0 ] ], [ [ 407068.200000000011642, 3284749.800000000279397 ], [ 407068.300000000046566, 3284749.800000000279397 ], [ 407068.300000000046566, 3284749.700000000186265 ], [ 407068.200000000011642, 3284749.700000000186265 ], [ 407068.200000000011642, 3284749.800000000279397 ] ], [ [ 407068.400000000023283, 3284749.800000000279397 ], [ 407068.500000000058208, 3284749.800000000279397 ], [ 407068.500000000058208, 3284749.700000000186265 ], [ 407068.400000000023283, 3284749.700000000186265 ], [ 407068.400000000023283, 3284749.800000000279397 ] ], [ [ 407068.500000000058208, 3284749.6 ], [ 407068.600000000034925, 3284749.6 ], [ 407068.600000000034925, 3284749.5 ], [ 407068.500000000058208, 3284749.5 ], [ 407068.500000000058208, 3284749.6 ] ] ] } },
{ "type": "Feature", "properties": { "zone_id": 16, "change_class": "Significant Loss", "threshold": "<= -0.15 Delta ExG", "area_sq_m": 3.9 }, "geometry": { "type": "Polygon", "coordinates": [ [ [ 407069.300000000046566, 3284749.5 ], [ 407069.300000000046566, 3284749.400000000372529 ], [ 407069.400000000023283, 3284749.400000000372529 ], [ 407069.400000000023283, 3284749.0 ], [ 407069.300000000046566, 3284749.0 ], [ 407069.300000000046566, 3284748.900000000372529 ], [ 407069.200000000011642, 3284748.900000000372529 ], [ 407069.200000000011642, 3284749.0 ], [ 407069.100000000034925, 3284749.0 ], [ 407069.100000000034925, 3284748.6 ], [ 407069.300000000046566, 3284748.6 ], [ 407069.300000000046566, 3284748.5 ], [ 407069.000000000058208, 3284748.5 ], [ 407069.000000000058208, 3284748.300000000279397 ], [ 407069.400000000023283, 3284748.300000000279397 ], [ 407069.400000000023283, 3284748.200000000186265 ], [ 407069.100000000034925, 3284748.200000000186265 ], [ 407069.100000000034925, 3284748.1 ], [ 407069.200000000011642, 3284748.1 ], [ 407069.200000000011642, 3284748.0 ], [ 407069.100000000034925, 3284748.0 ], [ 407069.100000000034925, 3284747.900000000372529 ], [ 407069.000000000058208, 3284747.900000000372529 ], [ 407069.000000000058208, 3284747.800000000279397 ], [ 407069.300000000046566, 3284747.800000000279397 ], [ 407069.300000000046566, 3284747.700000000186265 ], [ 407069.000000000058208, 3284747.700000000186265 ], [ 407069.000000000058208, 3284747.6 ], [ 407068.800000000046566, 3284747.6 ], [ 407068.800000000046566, 3284747.700000000186265 ], [ 407068.700000000011642, 3284747.700000000186265 ], [ 407068.700000000011642, 3284747.5 ], [ 407069.000000000058208, 3284747.5 ], [ 407069.000000000058208, 3284747.400000000372529 ], [ 407069.400000000023283, 3284747.400000000372529 ], [ 407069.400000000023283, 3284747.5 ], [ 407069.100000000034925, 3284747.5 ], [ 407069.100000000034925, 3284747.6 ], [ 407069.400000000023283, 3284747.6 ], [ 407069.400000000023283, 3284747.700000000186265 ], [ 407069.700000000011642, 3284747.700000000186265 ], [ 407069.700000000011642, 3284747.800000000279397 ], [ 407069.500000000058208, 3284747.800000000279397 ], [ 407069.500000000058208, 3284747.900000000372529 ], [ 407069.800000000046566, 3284747.900000000372529 ], [ 407069.800000000046566, 3284747.800000000279397 ], [ 407070.000000000058208, 3284747.800000000279397 ], [ 407070.000000000058208, 3284747.700000000186265 ], [ 407069.900000000023283, 3284747.700000000186265 ], [ 407069.900000000023283, 3284747.5 ], [ 407070.100000000034925, 3284747.5 ], [ 407070.100000000034925, 3284747.400000000372529 ], [ 407069.800000000046566, 3284747.400000000372529 ], [ 407069.800000000046566, 3284747.5 ], [ 407069.600000000034925, 3284747.5 ], [ 407069.600000000034925, 3284747.400000000372529 ], [ 407069.700000000011642, 3284747.400000000372529 ], [ 407069.700000000011642, 3284747.300000000279397 ], [ 407069.600000000034925, 3284747.300000000279397 ], [ 407069.600000000034925, 3284747.0 ], [ 407069.500000000058208, 3284747.0 ], [ 407069.500000000058208, 3284746.5 ], [ 407069.300000000046566, 3284746.5 ], [ 407069.300000000046566, 3284746.400000000372529 ], [ 407069.500000000058208, 3284746.400000000372529 ], [ 407069.500000000058208, 3284746.300000000279397 ], [ 407069.300000000046566, 3284746.300000000279397 ], [ 407069.300000000046566, 3284746.200000000186265 ], [ 407069.700000000011642, 3284746.200000000186265 ], [ 407069.700000000011642, 3284746.400000000372529 ], [ 407069.800000000046566, 3284746.400000000372529 ], [ 407069.800000000046566, 3284746.5 ], [ 407069.600000000034925, 3284746.5 ], [ 407069.600000000034925, 3284746.6 ], [ 407069.900000000023283, 3284746.6 ], [ 407069.900000000023283, 3284746.5 ], [ 407070.200000000011642, 3284746.5 ], [ 407070.200000000011642, 3284746.400000000372529 ], [ 407070.300000000046566, 3284746.400000000372529 ], [ 407070.300000000046566, 3284746.800000000279397 ], [ 407070.400000000023283, 3284746.800000000279397 ], [ 407070.400000000023283, 3284746.900000000372529 ], [ 407070.500000000058208, 3284746.900000000372529 ], [ 407070.500000000058208, 3284747.200000000186265 ], [ 407070.600000000034925, 3284747.200000000186265 ], [ 407070.600000000034925, 3284747.300000000279397 ], [ 407070.500000000058208, 3284747.300000000279397 ], [ 407070.500000000058208, 3284747.400000000372529 ], [ 407070.700000000011642, 3284747.400000000372529 ], [ 407070.700000000011642, 3284747.5 ], [ 407070.900000000023283, 3284747.5 ], [ 407070.900000000023283, 3284747.700000000186265 ], [ 407071.300000000046566, 3284747.700000000186265 ], [ 407071.300000000046566, 3284747.6 ], [ 407071.600000000034925, 3284747.6 ], [ 407071.600000000034925, 3284747.700000000186265 ], [ 407071.700000000011642, 3284747.700000000186265 ], [ 407071.700000000011642, 3284747.900000000372529 ], [ 407071.500000000058208, 3284747.900000000372529 ], [ 407071.500000000058208, 3284748.0 ], [ 407071.400000000023283, 3284748.0 ], [ 407071.400000000023283, 3284748.1 ], [ 407071.200000000011642, 3284748.1 ], [ 407071.200000000011642, 3284748.200000000186265 ], [ 407071.300000000046566, 3284748.200000000186265 ], [ 407071.300000000046566, 3284748.300000000279397 ], [ 407071.400000000023283, 3284748.300000000279397 ], [ 407071.400000000023283, 3284748.200000000186265 ], [ 407071.500000000058208, 3284748.200000000186265 ], [ 407071.500000000058208, 3284748.400000000372529 ], [ 407071.400000000023283, 3284748.400000000372529 ], [ 407071.400000000023283, 3284748.6 ], [ 407071.300000000046566, 3284748.6 ], [ 407071.300000000046566, 3284748.900000000372529 ], [ 407071.200000000011642, 3284748.900000000372529 ], [ 407071.200000000011642, 3284749.0 ], [ 407070.900000000023283, 3284749.0 ], [ 407070.900000000023283, 3284748.900000000372529 ], [ 407071.100000000034925, 3284748.900000000372529 ], [ 407071.100000000034925, 3284748.800000000279397 ], [ 407071.000000000058208, 3284748.800000000279397 ], [ 407071.000000000058208, 3284748.6 ], [ 407070.700000000011642, 3284748.6 ], [ 407070.700000000011642, 3284748.400000000372529 ], [ 407070.600000000034925, 3284748.400000000372529 ], [ 407070.600000000034925, 3284748.5 ], [ 407070.300000000046566, 3284748.5 ], [ 407070.300000000046566, 3284748.200000000186265 ], [ 407070.200000000011642, 3284748.200000000186265 ], [ 407070.200000000011642, 3284748.800000000279397 ], [ 407070.100000000034925, 3284748.800000000279397 ], [ 407070.100000000034925, 3284749.300000000279397 ], [ 407069.900000000023283, 3284749.300000000279397 ], [ 407069.900000000023283, 3284749.400000000372529 ], [ 407070.000000000058208, 3284749.400000000372529 ], [ 407070.000000000058208, 3284749.5 ], [ 407069.800000000046566, 3284749.5 ], [ 407069.800000000046566, 3284749.400000000372529 ], [ 407069.600000000034925, 3284749.400000000372529 ], [ 407069.600000000034925, 3284749.5 ], [ 407069.300000000046566, 3284749.5 ] ], [ [ 407069.500000000058208, 3284749.400000000372529 ], [ 407069.600000000034925, 3284749.400000000372529 ], [ 407069.600000000034925, 3284749.300000000279397 ], [ 407069.500000000058208, 3284749.300000000279397 ], [ 407069.500000000058208, 3284749.400000000372529 ] ], [ [ 407069.500000000058208, 3284749.1 ], [ 407069.600000000034925, 3284749.1 ], [ 407069.600000000034925, 3284749.0 ], [ 407069.500000000058208, 3284749.0 ], [ 407069.500000000058208, 3284749.1 ] ], [ [ 407069.300000000046566, 3284748.900000000372529 ], [ 407069.500000000058208, 3284748.900000000372529 ], [ 407069.500000000058208, 3284748.800000000279397 ], [ 407069.300000000046566, 3284748.800000000279397 ], [ 407069.300000000046566, 3284748.900000000372529 ] ], [ [ 407069.500000000058208, 3284748.700000000186265 ], [ 407069.600000000034925, 3284748.700000000186265 ], [ 407069.600000000034925, 3284748.6 ], [ 407069.500000000058208, 3284748.6 ], [ 407069.500000000058208, 3284748.700000000186265 ] ], [ [ 407071.100000000034925, 3284748.6 ], [ 407071.200000000011642, 3284748.6 ], [ 407071.200000000011642, 3284748.300000000279397 ], [ 407071.100000000034925, 3284748.300000000279397 ], [ 407071.100000000034925, 3284748.6 ] ], [ [ 407069.400000000023283, 3284748.5 ], [ 407069.600000000034925, 3284748.5 ], [ 407069.600000000034925, 3284748.400000000372529 ], [ 407069.500000000058208, 3284748.400000000372529 ], [ 407069.500000000058208, 3284748.300000000279397 ], [ 407069.400000000023283, 3284748.300000000279397 ], [ 407069.400000000023283, 3284748.5 ] ], [ [ 407069.200000000011642, 3284748.0 ], [ 407069.300000000046566, 3284748.0 ], [ 407069.300000000046566, 3284747.900000000372529 ], [ 407069.200000000011642, 3284747.900000000372529 ], [ 407069.200000000011642, 3284748.0 ] ], [ [ 407071.300000000046566, 3284747.900000000372529 ], [ 407071.400000000023283, 3284747.900000000372529 ], [ 407071.400000000023283, 3284747.800000000279397 ], [ 407071.300000000046566, 3284747.800000000279397 ], [ 407071.300000000046566, 3284747.900000000372529 ] ], [ [ 407071.400000000023283, 3284747.800000000279397 ], [ 407071.500000000058208, 3284747.800000000279397 ], [ 407071.500000000058208, 3284747.700000000186265 ], [ 407071.400000000023283, 3284747.700000000186265 ], [ 407071.400000000023283, 3284747.800000000279397 ] ], [ [ 407069.700000000011642, 3284747.1 ], [ 407069.800000000046566, 3284747.1 ], [ 407069.800000000046566, 3284747.0 ], [ 407069.700000000011642, 3284747.0 ], [ 407069.700000000011642, 3284747.1 ] ], [ [ 407070.300000000046566, 3284747.0 ], [ 407070.400000000023283, 3284747.0 ], [ 407070.400000000023283, 3284746.900000000372529 ], [ 407070.300000000046566, 3284746.900000000372529 ], [ 407070.300000000046566, 3284747.0 ] ], [ [ 407069.600000000034925, 3284746.800000000279397 ], [ 407069.800000000046566, 3284746.800000000279397 ], [ 407069.800000000046566, 3284746.700000000186265 ], [ 407069.600000000034925, 3284746.700000000186265 ], [ 407069.600000000034925, 3284746.800000000279397 ] ] ] } },
{ "type": "Feature", "properties": { "zone_id": 17, "change_class": "Significant Loss", "threshold": "<= -0.15 Delta ExG", "area_sq_m": 0.68 }, "geometry": { "type": "Polygon", "coordinates": [ [ [ 407066.000000000058208, 3284747.900000000372529 ], [ 407066.000000000058208, 3284747.800000000279397 ], [ 407065.900000000023283, 3284747.800000000279397 ], [ 407065.900000000023283, 3284747.6 ], [ 407066.000000000058208, 3284747.6 ], [ 407066.000000000058208, 3284747.5 ], [ 407066.100000000034925, 3284747.5 ], [ 407066.100000000034925, 3284747.400000000372529 ], [ 407066.000000000058208, 3284747.400000000372529 ], [ 407066.000000000058208, 3284747.300000000279397 ], [ 407065.900000000023283, 3284747.300000000279397 ], [ 407065.900000000023283, 3284747.200000000186265 ], [ 407065.800000000046566, 3284747.200000000186265 ], [ 407065.800000000046566, 3284746.900000000372529 ], [ 407065.600000000034925, 3284746.900000000372529 ], [ 407065.600000000034925, 3284746.800000000279397 ], [ 407065.800000000046566, 3284746.800000000279397 ], [ 407065.800000000046566, 3284746.5 ], [ 407065.900000000023283, 3284746.5 ], [ 407065.900000000023283, 3284746.800000000279397 ], [ 407066.000000000058208, 3284746.800000000279397 ], [ 407066.000000000058208, 3284746.400000000372529 ], [ 407066.100000000034925, 3284746.400000000372529 ], [ 407066.100000000034925, 3284746.800000000279397 ], [ 407066.200000000011642, 3284746.800000000279397 ], [ 407066.200000000011642, 3284746.300000000279397 ], [ 407066.100000000034925, 3284746.300000000279397 ], [ 407066.100000000034925, 3284746.0 ], [ 407066.000000000058208, 3284746.0 ], [ 407066.000000000058208, 3284745.800000000279397 ], [ 407066.200000000011642, 3284745.800000000279397 ], [ 407066.200000000011642, 3284746.1 ], [ 407066.300000000046566, 3284746.1 ], [ 407066.300000000046566, 3284746.0 ], [ 407066.400000000023283, 3284746.0 ], [ 407066.400000000023283, 3284746.300000000279397 ], [ 407066.500000000058208, 3284746.300000000279397 ], [ 407066.500000000058208, 3284746.5 ], [ 407066.400000000023283, 3284746.5 ], [ 407066.400000000023283, 3284747.0 ], [ 407066.500000000058208, 3284747.0 ], [ 407066.500000000058208, 3284747.200000000186265 ], [ 407066.400000000023283, 3284747.200000000186265 ], [ 407066.400000000023283, 3284747.300000000279397 ], [ 407066.200000000011642, 3284747.300000000279397 ], [ 407066.200000000011642, 3284747.6 ], [ 407066.100000000034925, 3284747.6 ], [ 407066.100000000034925, 3284747.900000000372529 ], [ 407066.000000000058208, 3284747.900000000372529 ] ], [ [ 407066.100000000034925, 3284747.300000000279397 ], [ 407066.200000000011642, 3284747.300000000279397 ], [ 407066.200000000011642, 3284746.900000000372529 ], [ 407066.100000000034925, 3284746.900000000372529 ], [ 407066.100000000034925, 3284747.300000000279397 ] ], [ [ 407065.900000000023283, 3284747.1 ], [ 407066.000000000058208, 3284747.1 ], [ 407066.000000000058208, 3284747.0 ], [ 407065.900000000023283, 3284747.0 ], [ 407065.900000000023283, 3284747.1 ] ], [ [ 407066.300000000046566, 3284746.5 ], [ 407066.400000000023283, 3284746.5 ], [ 407066.400000000023283, 3284746.400000000372529 ], [ 407066.300000000046566, 3284746.400000000372529 ], [ 407066.300000000046566, 3284746.5 ] ] ] } }
]
}
