{
"type": "FeatureCollection",
"name": "OSBS_large_2019_verification_priority",
"crs": { "type": "name", "properties": { "name": "urn:ogc:def:crs:EPSG::32617" } },
"features": [
{ "type": "Feature", "properties": { "tree_id": 1, "label": "Tree", "confidence": 0.8866, "pixel_xmin": 887.0, "pixel_ymin": 2110.0, "pixel_xmax": 968.0, "pixel_ymax": 2192.0, "pixel_center_x": 927.5, "pixel_center_y": 2151.0, "geo_easting": 407792.8, "geo_northing": 3283784.85, "inside_boundary": false, "verification_priority": "LOW", "priority_reason": "Outside corridor with high confidence (safe canopy) [Conf: 88.7%]", "priority_rank": 3 }, "geometry": { "type": "Point", "coordinates": [ 407792.799999999988358, 3283784.85 ] } },
{ "type": "Feature", "properties": { "tree_id": 2, "label": "Tree", "confidence": 0.8679, "pixel_xmin": 251.0, "pixel_ymin": 2082.0, "pixel_xmax": 323.0, "pixel_ymax": 2157.0, "pixel_center_x": 287.0, "pixel_center_y": 2119.5, "geo_easting": 407728.75, "geo_northing": 3283788.0, "inside_boundary": false, "verification_priority": "LOW", "priority_reason": "Outside corridor with high confidence (safe canopy) [Conf: 86.8%]", "priority_rank": 3 }, "geometry": { "type": "Point", "coordinates": [ 407728.75, 3283788.0 ] } },
{ "type": "Feature", "properties": { "tree_id": 3, "label": "Tree", "confidence": 0.8654, "pixel_xmin": 352.0, "pixel_ymin": 1803.0, "pixel_xmax": 409.0, "pixel_ymax": 1859.0, "pixel_center_x": 380.5, "pixel_center_y": 1831.0, "geo_easting": 407738.1, "geo_northing": 3283816.85, "inside_boundary": true, "verification_priority": "MEDIUM", "priority_reason": "Inside project corridor (corridor impact, statutory check) [Conf: 86.5%]", "priority_rank": 2 }, "geometry": { "type": "Point", "coordinates": [ 407738.099999999976717, 3283816.85 ] } },
{ "type": "Feature", "properties": { "tree_id": 4, "label": "Tree", "confidence": 0.8622, "pixel_xmin": 741.0, "pixel_ymin": 2005.0, "pixel_xmax": 802.0, "pixel_ymax": 2069.0, "pixel_center_x": 771.5, "pixel_center_y": 2037.0, "geo_easting": 407777.2, "geo_northing": 3283796.25, "inside_boundary": false, "verification_priority": "LOW", "priority_reason": "Outside corridor with high confidence (safe canopy) [Conf: 86.2%]", "priority_rank": 3 }, "geometry": { "type": "Point", "coordinates": [ 407777.200000000011642, 3283796.25 ] } },
{ "type": "Feature", "properties": { "tree_id": 5, "label": "Tree", "confidence": 0.862, "pixel_xmin": 1044.0, "pixel_ymin": 2341.0, "pixel_xmax": 1117.0, "pixel_ymax": 2419.0, "pixel_center_x": 1080.5, "pixel_center_y": 2380.0, "geo_easting": 407808.1, "geo_northing": 3283761.95, "inside_boundary": false, "verification_priority": "LOW", "priority_reason": "Outside corridor with high confidence (safe canopy) [Conf: 86.2%]", "priority_rank": 3 }, "geometry": { "type": "Point", "coordinates": [ 407808.099999999976717, 3283761.950000000186265 ] } },
{ "type": "Feature", "properties": { "tree_id": 6, "label": "Tree", "confidence": 0.8561, "pixel_xmin": 1105.0, "pixel_ymin": 2429.0, "pixel_xmax": 1180.0, "pixel_ymax": 2500.0, "pixel_center_x": 1142.5, "pixel_center_y": 2464.5, "geo_easting": 407814.3, "geo_northing": 3283753.5, "inside_boundary": false, "verification_priority": "LOW", "priority_reason": "Outside corridor with high confidence (safe canopy) [Conf: 85.6%]", "priority_rank": 3 }, "geometry": { "type": "Point", "coordinates": [ 407814.299999999988358, 3283753.5 ] } },
{ "type": "Feature", "properties": { "tree_id": 7, "label": "Tree", "confidence": 0.835, "pixel_xmin": 261.0, "pixel_ymin": 1838.0, "pixel_xmax": 309.0, "pixel_ymax": 1890.0, "pixel_center_x": 285.0, "pixel_center_y": 1864.0, "geo_easting": 407728.55, "geo_northing": 3283813.55, "inside_boundary": true, "verification_priority": "MEDIUM", "priority_reason": "Inside project corridor (corridor impact, statutory check) [Conf: 83.5%]", "priority_rank": 2 }, "geometry": { "type": "Point", "coordinates": [ 407728.549999999988358, 3283813.549999999813735 ] } },
{ "type": "Feature", "properties": { "tree_id": 8, "label": "Tree", "confidence": 0.8312, "pixel_xmin": 2105.0, "pixel_ymin": 107.0, "pixel_xmax": 2154.0, "pixel_ymax": 155.0, "pixel_center_x": 2129.5, "pixel_center_y": 131.0, "geo_easting": 407913.0, "geo_northing": 3283986.85, "inside_boundary": false, "verification_priority": "LOW", "priority_reason": "Outside corridor with high confidence (safe canopy) [Conf: 83.1%]", "priority_rank": 3 }, "geometry": { "type": "Point", "coordinates": [ 407913.0, 3283986.85 ] } },
{ "type": "Feature", "properties": { "tree_id": 9, "label": "Tree", "confidence": 0.8305, "pixel_xmin": 2160.0, "pixel_ymin": 129.0, "pixel_xmax": 2212.0, "pixel_ymax": 185.0, "pixel_center_x": 2186.0, "pixel_center_y": 157.0, "geo_easting": 407918.65, "geo_northing": 3283984.25, "inside_boundary": false, "verification_priority": "LOW", "priority_reason": "Outside corridor with high confidence (safe canopy) [Conf: 83.0%]", "priority_rank": 3 }, "geometry": { "type": "Point", "coordinates": [ 407918.650000000023283, 3283984.25 ] } },
{ "type": "Feature", "properties": { "tree_id": 10, "label": "Tree", "confidence": 0.8294, "pixel_xmin": 407.0, "pixel_ymin": 2092.0, "pixel_xmax": 473.0, "pixel_ymax": 2152.0, "pixel_center_x": 440.0, "pixel_center_y": 2122.0, "geo_easting": 407744.05, "geo_northing": 3283787.75, "inside_boundary": false, "verification_priority": "LOW", "priority_reason": "Outside corridor with high confidence (safe canopy) [Conf: 82.9%]", "priority_rank": 3 }, "geometry": { "type": "Point", "coordinates": [ 407744.049999999988358, 3283787.75 ] } },
{ "type": "Feature", "properties": { "tree_id": 11, "label": "Tree", "confidence": 0.8288, "pixel_xmin": 252.0, "pixel_ymin": 532.0, "pixel_xmax": 333.0, "pixel_ymax": 624.0, "pixel_center_x": 292.5, "pixel_center_y": 578.0, "geo_easting": 407729.3, "geo_northing": 3283942.15, "inside_boundary": false, "verification_priority": "LOW", "priority_reason": "Outside corridor with high confidence (safe canopy) [Conf: 82.9%]", "priority_rank": 3 }, "geometry": { "type": "Point", "coordinates": [ 407729.299999999988358, 3283942.15 ] } },
{ "type": "Feature", "properties": { "tree_id": 12, "label": "Tree", "confidence": 0.8218, "pixel_xmin": 1500.0, "pixel_ymin": 1680.0, "pixel_xmax": 1530.0, "pixel_ymax": 1726.0, "pixel_center_x": 1515.0, "pixel_center_y": 1703.0, "geo_easting": 407851.55, "geo_northing": 3283829.65, "inside_boundary": false, "verification_priority": "LOW", "priority_reason": "Outside corridor with high confidence (safe canopy) [Conf: 82.2%]", "priority_rank": 3 }, "geometry": { "type": "Point", "coordinates": [ 407851.549999999988358, 3283829.65 ] } },
{ "type": "Feature", "properties": { "tree_id": 13, "label": "Tree", "confidence": 0.8182, "pixel_xmin": 648.0, "pixel_ymin": 573.0, "pixel_xmax": 705.0, "pixel_ymax": 632.0, "pixel_center_x": 676.5, "pixel_center_y": 602.5, "geo_easting": 407767.7, "geo_northing": 3283939.7, "inside_boundary": false, "verification_priority": "LOW", "priority_reason": "Outside corridor with high confidence (safe canopy) [Conf: 81.8%]", "priority_rank": 3 }, "geometry": { "type": "Point", "coordinates": [ 407767.700000000011642, 3283939.700000000186265 ] } },
{ "type": "Feature", "properties": { "tree_id": 14, "label": "Tree", "confidence": 0.8139, "pixel_xmin": 2315.0, "pixel_ymin": 1061.0, "pixel_xmax": 2359.0, "pixel_ymax": 1103.0, "pixel_center_x": 2337.0, "pixel_center_y": 1082.0, "geo_easting": 407933.75, "geo_northing": 3283891.75, "inside_boundary": false, "verification_priority": "LOW", "priority_reason": "Outside corridor with high confidence (safe canopy) [Conf: 81.4%]", "priority_rank": 3 }, "geometry": { "type": "Point", "coordinates": [ 407933.75, 3283891.75 ] } },
{ "type": "Feature", "properties": { "tree_id": 15, "label": "Tree", "confidence": 0.8137, "pixel_xmin": 2378.0, "pixel_ymin": 1078.0, "pixel_xmax": 2462.0, "pixel_ymax": 1171.0, "pixel_center_x": 2420.0, "pixel_center_y": 1124.5, "geo_easting": 407942.05, "geo_northing": 3283887.5, "inside_boundary": false, "verification_priority": "LOW", "priority_reason": "Outside corridor with high confidence (safe canopy) [Conf: 81.4%]", "priority_rank": 3 }, "geometry": { "type": "Point", "coordinates": [ 407942.049999999988358, 3283887.5 ] } },
{ "type": "Feature", "properties": { "tree_id": 16, "label": "Tree", "confidence": 0.8136, "pixel_xmin": 156.0, "pixel_ymin": 1699.0, "pixel_xmax": 208.0, "pixel_ymax": 1751.0, "pixel_center_x": 182.0, "pixel_center_y": 1725.0, "geo_easting": 407718.25, "geo_northing": 3283827.45, "inside_boundary": true, "verification_priority": "MEDIUM", "priority_reason": "Inside project corridor (corridor impact, statutory check) [Conf: 81.4%]", "priority_rank": 2 }, "geometry": { "type": "Point", "coordinates": [ 407718.25, 3283827.450000000186265 ] } },
{ "type": "Feature", "properties": { "tree_id": 17, "label": "Tree", "confidence": 0.8112, "pixel_xmin": 1042.0, "pixel_ymin": 333.0, "pixel_xmax": 1093.0, "pixel_ymax": 381.0, "pixel_center_x": 1067.5, "pixel_center_y": 357.0, "geo_easting": 407806.8, "geo_northing": 3283964.25, "inside_boundary": false, "verification_priority": "LOW", "priority_reason": "Outside corridor with high confidence (safe canopy) [Conf: 81.1%]", "priority_rank": 3 }, "geometry": { "type": "Point", "coordinates": [ 407806.799999999988358, 3283964.25 ] } },
{ "type": "Feature", "properties": { "tree_id": 18, "label": "Tree", "confidence": 0.8089, "pixel_xmin": 2304.0, "pixel_ymin": 1237.0, "pixel_xmax": 2347.0, "pixel_ymax": 1281.0, "pixel_center_x": 2325.5, "pixel_center_y": 1259.0, "geo_easting": 407932.6, "geo_northing": 3283874.05, "inside_boundary": false, "verification_priority": "LOW", "priority_reason": "Outside corridor with high confidence (safe canopy) [Conf: 80.9%]", "priority_rank": 3 }, "geometry": { "type": "Point", "coordinates": [ 407932.599999999976717, 3283874.049999999813735 ] } },
{ "type": "Feature", "properties": { "tree_id": 19, "label": "Tree", "confidence": 0.8085, "pixel_xmin": 1233.0, "pixel_ymin": 2229.0, "pixel_xmax": 1290.0, "pixel_ymax": 2289.0, "pixel_center_x": 1261.5, "pixel_center_y": 2259.0, "geo_easting": 407826.2, "geo_northing": 3283774.05, "inside_boundary": false, "verification_priority": "LOW", "priority_reason": "Outside corridor with high confidence (safe canopy) [Conf: 80.8%]", "priority_rank": 3 }, "geometry": { "type": "Point", "coordinates": [ 407826.200000000011642, 3283774.049999999813735 ] } },
{ "type": "Feature", "properties": { "tree_id": 20, "label": "Tree", "confidence": 0.8072, "pixel_xmin": 2105.0, "pixel_ymin": 1917.0, "pixel_xmax": 2157.0, "pixel_ymax": 1971.0, "pixel_center_x": 2131.0, "pixel_center_y": 1944.0, "geo_easting": 407913.15, "geo_northing": 3283805.55, "inside_boundary": false, "verification_priority": "LOW", "priority_reason": "Outside corridor with high confidence (safe canopy) [Conf: 80.7%]", "priority_rank": 3 }, "geometry": { "type": "Point", "coordinates": [ 407913.150000000023283, 3283805.549999999813735 ] } },
{ "type": "Feature", "properties": { "tree_id": 21, "label": "Tree", "confidence": 0.8047, "pixel_xmin": 1504.0, "pixel_ymin": 2099.0, "pixel_xmax": 1570.0, "pixel_ymax": 2162.0, "pixel_center_x": 1537.0, "pixel_center_y": 2130.5, "geo_easting": 407853.75, "geo_northing": 3283786.9, "inside_boundary": false, "verification_priority": "LOW", "priority_reason": "Outside corridor with high confidence (safe canopy) [Conf: 80.5%]", "priority_rank": 3 }, "geometry": { "type": "Point", "coordinates": [ 407853.75, 3283786.9 ] } },
{ "type": "Feature", "properties": { "tree_id": 22, "label": "Tree", "confidence": 0.8001, "pixel_xmin": 1889.0, "pixel_ymin": 2188.0, "pixel_xmax": 1957.0, "pixel_ymax": 2260.0, "pixel_center_x": 1923.0, "pixel_center_y": 2224.0, "geo_easting": 407892.35, "geo_northing": 3283777.55, "inside_boundary": false, "verification_priority": "LOW", "priority_reason": "Outside corridor with high confidence (safe canopy) [Conf: 80.0%]", "priority_rank": 3 }, "geometry": { "type": "Point", "coordinates": [ 407892.349999999976717, 3283777.549999999813735 ] } },
{ "type": "Feature", "properties": { "tree_id": 23, "label": "Tree", "confidence": 0.7957, "pixel_xmin": 856.0, "pixel_ymin": 942.0, "pixel_xmax": 921.0, "pixel_ymax": 1012.0, "pixel_center_x": 888.5, "pixel_center_y": 977.0, "geo_easting": 407788.9, "geo_northing": 3283902.25, "inside_boundary": false, "verification_priority": "LOW", "priority_reason": "Outside corridor with high confidence (safe canopy) [Conf: 79.6%]", "priority_rank": 3 }, "geometry": { "type": "Point", "coordinates": [ 407788.900000000023283, 3283902.25 ] } },
{ "type": "Feature", "properties": { "tree_id": 24, "label": "Tree", "confidence": 0.7913, "pixel_xmin": 1203.0, "pixel_ymin": 224.0, "pixel_xmax": 1249.0, "pixel_ymax": 274.0, "pixel_center_x": 1226.0, "pixel_center_y": 249.0, "geo_easting": 407822.65, "geo_northing": 3283975.05, "inside_boundary": false, "verification_priority": "LOW", "priority_reason": "Outside corridor with high confidence (safe canopy) [Conf: 79.1%]", "priority_rank": 3 }, "geometry": { "type": "Point", "coordinates": [ 407822.650000000023283, 3283975.049999999813735 ] } },
{ "type": "Feature", "properties": { "tree_id": 25, "label": "Tree", "confidence": 0.7907, "pixel_xmin": 217.0, "pixel_ymin": 1929.0, "pixel_xmax": 274.0, "pixel_ymax": 1989.0, "pixel_center_x": 245.5, "pixel_center_y": 1959.0, "geo_easting": 407724.6, "geo_northing": 3283804.05, "inside_boundary": false, "verification_priority": "LOW", "priority_reason": "Outside corridor with high confidence (safe canopy) [Conf: 79.1%]", "priority_rank": 3 }, "geometry": { "type": "Point", "coordinates": [ 407724.599999999976717, 3283804.049999999813735 ] } },
{ "type": "Feature", "properties": { "tree_id": 26, "label": "Tree", "confidence": 0.7897, "pixel_xmin": 795.0, "pixel_ymin": 36.0, "pixel_xmax": 857.0, "pixel_ymax": 101.0, "pixel_center_x": 826.0, "pixel_center_y": 68.5, "geo_easting": 407782.65, "geo_northing": 3283993.1, "inside_boundary": false, "verification_priority": "LOW", "priority_reason": "Outside corridor with high confidence (safe canopy) [Conf: 79.0%]", "priority_rank": 3 }, "geometry": { "type": "Point", "coordinates": [ 407782.650000000023283, 3283993.1 ] } },
{ "type": "Feature", "properties": { "tree_id": 27, "label": "Tree", "confidence": 0.789, "pixel_xmin": 204.0, "pixel_ymin": 691.0, "pixel_xmax": 271.0, "pixel_ymax": 761.0, "pixel_center_x": 237.5, "pixel_center_y": 726.0, "geo_easting": 407723.8, "geo_northing": 3283927.35, "inside_boundary": false, "verification_priority": "LOW", "priority_reason": "Outside corridor with high confidence (safe canopy) [Conf: 78.9%]", "priority_rank": 3 }, "geometry": { "type": "Point", "coordinates": [ 407723.799999999988358, 3283927.35 ] } },
{ "type": "Feature", "properties": { "tree_id": 28, "label": "Tree", "confidence": 0.7846, "pixel_xmin": 587.0, "pixel_ymin": 1146.0, "pixel_xmax": 697.0, "pixel_ymax": 1245.0, "pixel_center_x": 642.0, "pixel_center_y": 1195.5, "geo_easting": 407764.25, "geo_northing": 3283880.4, "inside_boundary": true, "verification_priority": "MEDIUM", "priority_reason": "Inside project corridor (corridor impact, statutory check) [Conf: 78.5%]", "priority_rank": 2 }, "geometry": { "type": "Point", "coordinates": [ 407764.25, 3283880.4 ] } },
{ "type": "Feature", "properties": { "tree_id": 29, "label": "Tree", "confidence": 0.7811, "pixel_xmin": 798.0, "pixel_ymin": 2256.0, "pixel_xmax": 861.0, "pixel_ymax": 2315.0, "pixel_center_x": 829.5, "pixel_center_y": 2285.5, "geo_easting": 407783.0, "geo_northing": 3283771.4, "inside_boundary": false, "verification_priority": "LOW", "priority_reason": "Outside corridor with high confidence (safe canopy) [Conf: 78.1%]", "priority_rank": 3 }, "geometry": { "type": "Point", "coordinates": [ 407783.0, 3283771.4 ] } },
{ "type": "Feature", "properties": { "tree_id": 30, "label": "Tree", "confidence": 0.7788, "pixel_xmin": 99.0, "pixel_ymin": 2218.0, "pixel_xmax": 151.0, "pixel_ymax": 2273.0, "pixel_center_x": 125.0, "pixel_center_y": 2245.5, "geo_easting": 407712.55, "geo_northing": 3283775.4, "inside_boundary": false, "verification_priority": "LOW", "priority_reason": "Outside corridor with high confidence (safe canopy) [Conf: 77.9%]", "priority_rank": 3 }, "geometry": { "type": "Point", "coordinates": [ 407712.549999999988358, 3283775.4 ] } },
{ "type": "Feature", "properties": { "tree_id": 31, "label": "Tree", "confidence": 0.7785, "pixel_xmin": 174.0, "pixel_ymin": 1865.0, "pixel_xmax": 226.0, "pixel_ymax": 1900.0, "pixel_center_x": 200.0, "pixel_center_y": 1882.5, "geo_easting": 407720.05, "geo_northing": 3283811.7, "inside_boundary": true, "verification_priority": "MEDIUM", "priority_reason": "Inside project corridor (corridor impact, statutory check) [Conf: 77.8%]", "priority_rank": 2 }, "geometry": { "type": "Point", "coordinates": [ 407720.049999999988358, 3283811.700000000186265 ] } },
{ "type": "Feature", "properties": { "tree_id": 32, "label": "Tree", "confidence": 0.7782, "pixel_xmin": 1113.0, "pixel_ymin": 1999.0, "pixel_xmax": 1171.0, "pixel_ymax": 2067.0, "pixel_center_x": 1142.0, "pixel_center_y": 2033.0, "geo_easting": 407814.25, "geo_northing": 3283796.65, "inside_boundary": false, "verification_priority": "LOW", "priority_reason": "Outside corridor with high confidence (safe canopy) [Conf: 77.8%]", "priority_rank": 3 }, "geometry": { "type": "Point", "coordinates": [ 407814.25, 3283796.65 ] } },
{ "type": "Feature", "properties": { "tree_id": 33, "label": "Tree", "confidence": 0.7768, "pixel_xmin": 28.0, "pixel_ymin": 1904.0, "pixel_xmax": 84.0, "pixel_ymax": 1961.0, "pixel_center_x": 56.0, "pixel_center_y": 1932.5, "geo_easting": 407705.65, "geo_northing": 3283806.7, "inside_boundary": true, "verification_priority": "MEDIUM", "priority_reason": "Inside project corridor (corridor impact, statutory check) [Conf: 77.7%]", "priority_rank": 2 }, "geometry": { "type": "Point", "coordinates": [ 407705.650000000023283, 3283806.700000000186265 ] } },
{ "type": "Feature", "properties": { "tree_id": 34, "label": "Tree", "confidence": 0.7752, "pixel_xmin": 861.0, "pixel_ymin": 2020.0, "pixel_xmax": 912.0, "pixel_ymax": 2071.0, "pixel_center_x": 886.5, "pixel_center_y": 2045.5, "geo_easting": 407788.7, "geo_northing": 3283795.4, "inside_boundary": false, "verification_priority": "LOW", "priority_reason": "Outside corridor with high confidence (safe canopy) [Conf: 77.5%]", "priority_rank": 3 }, "geometry": { "type": "Point", "coordinates": [ 407788.700000000011642, 3283795.4 ] } },
{ "type": "Feature", "properties": { "tree_id": 35, "label": "Tree", "confidence": 0.7706, "pixel_xmin": 215.0, "pixel_ymin": 1290.0, "pixel_xmax": 262.0, "pixel_ymax": 1339.0, "pixel_center_x": 238.5, "pixel_center_y": 1314.5, "geo_easting": 407723.9, "geo_northing": 3283868.5, "inside_boundary": true, "verification_priority": "MEDIUM", "priority_reason": "Inside project corridor (corridor impact, statutory check) [Conf: 77.1%]", "priority_rank": 2 }, "geometry": { "type": "Point", "coordinates": [ 407723.900000000023283, 3283868.5 ] } },
{ "type": "Feature", "properties": { "tree_id": 36, "label": "Tree", "confidence": 0.7686, "pixel_xmin": 233.0, "pixel_ymin": 303.0, "pixel_xmax": 275.0, "pixel_ymax": 346.0, "pixel_center_x": 254.0, "pixel_center_y": 324.5, "geo_easting": 407725.45, "geo_northing": 3283967.5, "inside_boundary": false, "verification_priority": "LOW", "priority_reason": "Outside corridor with high confidence (safe canopy) [Conf: 76.9%]", "priority_rank": 3 }, "geometry": { "type": "Point", "coordinates": [ 407725.450000000011642, 3283967.5 ] } },
{ "type": "Feature", "properties": { "tree_id": 37, "label": "Tree", "confidence": 0.7674, "pixel_xmin": 948.0, "pixel_ymin": 1764.0, "pixel_xmax": 983.0, "pixel_ymax": 1799.0, "pixel_center_x": 965.5, "pixel_center_y": 1781.5, "geo_easting": 407796.6, "geo_northing": 3283821.8, "inside_boundary": false, "verification_priority": "LOW", "priority_reason": "Outside corridor with high confidence (safe canopy) [Conf: 76.7%]", "priority_rank": 3 }, "geometry": { "type": "Point", "coordinates": [ 407796.599999999976717, 3283821.799999999813735 ] } },
{ "type": "Feature", "properties": { "tree_id": 38, "label": "Tree", "confidence": 0.766, "pixel_xmin": 209.0, "pixel_ymin": 2376.0, "pixel_xmax": 255.0, "pixel_ymax": 2422.0, "pixel_center_x": 232.0, "pixel_center_y": 2399.0, "geo_easting": 407723.25, "geo_northing": 3283760.05, "inside_boundary": false, "verification_priority": "LOW", "priority_reason": "Outside corridor with high confidence (safe canopy) [Conf: 76.6%]", "priority_rank": 3 }, "geometry": { "type": "Point", "coordinates": [ 407723.25, 3283760.049999999813735 ] } },
{ "type": "Feature", "properties": { "tree_id": 39, "label": "Tree", "confidence": 0.7654, "pixel_xmin": 1234.0, "pixel_ymin": 1544.0, "pixel_xmax": 1297.0, "pixel_ymax": 1620.0, "pixel_center_x": 1265.5, "pixel_center_y": 1582.0, "geo_easting": 407826.6, "geo_northing": 3283841.75, "inside_boundary": false, "verification_priority": "LOW", "priority_reason": "Outside corridor with high confidence (safe canopy) [Conf: 76.5%]", "priority_rank": 3 }, "geometry": { "type": "Point", "coordinates": [ 407826.599999999976717, 3283841.75 ] } },
{ "type": "Feature", "properties": { "tree_id": 40, "label": "Tree", "confidence": 0.7641, "pixel_xmin": 2195.0, "pixel_ymin": 604.0, "pixel_xmax": 2238.0, "pixel_ymax": 648.0, "pixel_center_x": 2216.5, "pixel_center_y": 626.0, "geo_easting": 407921.7, "geo_northing": 3283937.35, "inside_boundary": true, "verification_priority": "MEDIUM", "priority_reason": "Inside project corridor (corridor impact, statutory check) [Conf: 76.4%]", "priority_rank": 2 }, "geometry": { "type": "Point", "coordinates": [ 407921.700000000011642, 3283937.35 ] } },
{ "type": "Feature", "properties": { "tree_id": 41, "label": "Tree", "confidence": 0.7635, "pixel_xmin": 1234.0, "pixel_ymin": 1050.0, "pixel_xmax": 1292.0, "pixel_ymax": 1101.0, "pixel_center_x": 1263.0, "pixel_center_y": 1075.5, "geo_easting": 407826.35, "geo_northing": 3283892.4, "inside_boundary": true, "verification_priority": "MEDIUM", "priority_reason": "Inside project corridor (corridor impact, statutory check) [Conf: 76.3%]", "priority_rank": 2 }, "geometry": { "type": "Point", "coordinates": [ 407826.349999999976717, 3283892.4 ] } },
{ "type": "Feature", "properties": { "tree_id": 42, "label": "Tree", "confidence": 0.7622, "pixel_xmin": 1620.0, "pixel_ymin": 2200.0, "pixel_xmax": 1665.0, "pixel_ymax": 2247.0, "pixel_center_x": 1642.5, "pixel_center_y": 2223.5, "geo_easting": 407864.3, "geo_northing": 3283777.6, "inside_boundary": false, "verification_priority": "LOW", "priority_reason": "Outside corridor with high confidence (safe canopy) [Conf: 76.2%]", "priority_rank": 3 }, "geometry": { "type": "Point", "coordinates": [ 407864.299999999988358, 3283777.6 ] } },
{ "type": "Feature", "properties": { "tree_id": 43, "label": "Tree", "confidence": 0.76, "pixel_xmin": 631.0, "pixel_ymin": 310.0, "pixel_xmax": 699.0, "pixel_ymax": 395.0, "pixel_center_x": 665.0, "pixel_center_y": 352.5, "geo_easting": 407766.55, "geo_northing": 3283964.7, "inside_boundary": false, "verification_priority": "LOW", "priority_reason": "Outside corridor with high confidence (safe canopy) [Conf: 76.0%]", "priority_rank": 3 }, "geometry": { "type": "Point", "coordinates": [ 407766.549999999988358, 3283964.700000000186265 ] } },
{ "type": "Feature", "properties": { "tree_id": 44, "label": "Tree", "confidence": 0.7596, "pixel_xmin": 46.0, "pixel_ymin": 2335.0, "pixel_xmax": 99.0, "pixel_ymax": 2390.0, "pixel_center_x": 72.5, "pixel_center_y": 2362.5, "geo_easting": 407707.3, "geo_northing": 3283763.7, "inside_boundary": false, "verification_priority": "LOW", "priority_reason": "Outside corridor with high confidence (safe canopy) [Conf: 76.0%]", "priority_rank": 3 }, "geometry": { "type": "Point", "coordinates": [ 407707.299999999988358, 3283763.700000000186265 ] } },
{ "type": "Feature", "properties": { "tree_id": 45, "label": "Tree", "confidence": 0.7595, "pixel_xmin": 153.0, "pixel_ymin": 1803.0, "pixel_xmax": 206.0, "pixel_ymax": 1853.0, "pixel_center_x": 179.5, "pixel_center_y": 1828.0, "geo_easting": 407718.0, "geo_northing": 3283817.15, "inside_boundary": true, "verification_priority": "MEDIUM", "priority_reason": "Inside project corridor (corridor impact, statutory check) [Conf: 75.9%]", "priority_rank": 2 }, "geometry": { "type": "Point", "coordinates": [ 407718.0, 3283817.15 ] } },
{ "type": "Feature", "properties": { "tree_id": 46, "label": "Tree", "confidence": 0.7575, "pixel_xmin": 186.0, "pixel_ymin": 1361.0, "pixel_xmax": 250.0, "pixel_ymax": 1429.0, "pixel_center_x": 218.0, "pixel_center_y": 1395.0, "geo_easting": 407721.85, "geo_northing": 3283860.45, "inside_boundary": true, "verification_priority": "MEDIUM", "priority_reason": "Inside project corridor (corridor impact, statutory check) [Conf: 75.8%]", "priority_rank": 2 }, "geometry": { "type": "Point", "coordinates": [ 407721.849999999976717, 3283860.450000000186265 ] } },
{ "type": "Feature", "properties": { "tree_id": 47, "label": "Tree", "confidence": 0.7562, "pixel_xmin": 995.0, "pixel_ymin": 2168.0, "pixel_xmax": 1029.0, "pixel_ymax": 2207.0, "pixel_center_x": 1012.0, "pixel_center_y": 2187.5, "geo_easting": 407801.25, "geo_northing": 3283781.2, "inside_boundary": false, "verification_priority": "LOW", "priority_reason": "Outside corridor with high confidence (safe canopy) [Conf: 75.6%]", "priority_rank": 3 }, "geometry": { "type": "Point", "coordinates": [ 407801.25, 3283781.200000000186265 ] } },
{ "type": "Feature", "properties": { "tree_id": 48, "label": "Tree", "confidence": 0.7543, "pixel_xmin": 303.0, "pixel_ymin": 122.0, "pixel_xmax": 368.0, "pixel_ymax": 196.0, "pixel_center_x": 335.5, "pixel_center_y": 159.0, "geo_easting": 407733.6, "geo_northing": 3283984.05, "inside_boundary": false, "verification_priority": "LOW", "priority_reason": "Outside corridor with high confidence (safe canopy) [Conf: 75.4%]", "priority_rank": 3 }, "geometry": { "type": "Point", "coordinates": [ 407733.599999999976717, 3283984.049999999813735 ] } },
{ "type": "Feature", "properties": { "tree_id": 49, "label": "Tree", "confidence": 0.7543, "pixel_xmin": 3.0, "pixel_ymin": 1704.0, "pixel_xmax": 41.0, "pixel_ymax": 1748.0, "pixel_center_x": 22.0, "pixel_center_y": 1726.0, "geo_easting": 407702.25, "geo_northing": 3283827.35, "inside_boundary": true, "verification_priority": "MEDIUM", "priority_reason": "Inside project corridor (corridor impact, statutory check) [Conf: 75.4%]", "priority_rank": 2 }, "geometry": { "type": "Point", "coordinates": [ 407702.25, 3283827.35 ] } },
{ "type": "Feature", "properties": { "tree_id": 50, "label": "Tree", "confidence": 0.7542, "pixel_xmin": 317.0, "pixel_ymin": 2154.0, "pixel_xmax": 366.0, "pixel_ymax": 2200.0, "pixel_center_x": 341.5, "pixel_center_y": 2177.0, "geo_easting": 407734.2, "geo_northing": 3283782.25, "inside_boundary": false, "verification_priority": "LOW", "priority_reason": "Outside corridor with high confidence (safe canopy) [Conf: 75.4%]", "priority_rank": 3 }, "geometry": { "type": "Point", "coordinates": [ 407734.200000000011642, 3283782.25 ] } },
{ "type": "Feature", "properties": { "tree_id": 51, "label": "Tree", "confidence": 0.7536, "pixel_xmin": 117.0, "pixel_ymin": 1200.0, "pixel_xmax": 162.0, "pixel_ymax": 1231.0, "pixel_center_x": 139.5, "pixel_center_y": 1215.5, "geo_easting": 407714.0, "geo_northing": 3283878.4, "inside_boundary": false, "verification_priority": "LOW", "priority_reason": "Outside corridor with high confidence (safe canopy) [Conf: 75.4%]", "priority_rank": 3 }, "geometry": { "type": "Point", "coordinates": [ 407714.0, 3283878.4 ] } },
{ "type": "Feature", "properties": { "tree_id": 52, "label": "Tree", "confidence": 0.7523, "pixel_xmin": 1431.0, "pixel_ymin": 1866.0, "pixel_xmax": 1482.0, "pixel_ymax": 1920.0, "pixel_center_x": 1456.5, "pixel_center_y": 1893.0, "geo_easting": 407845.7, "geo_northing": 3283810.65, "inside_boundary": false, "verification_priority": "LOW", "priority_reason": "Outside corridor with high confidence (safe canopy) [Conf: 75.2%]", "priority_rank": 3 }, "geometry": { "type": "Point", "coordinates": [ 407845.700000000011642, 3283810.65 ] } },
{ "type": "Feature", "properties": { "tree_id": 53, "label": "Tree", "confidence": 0.7509, "pixel_xmin": 167.0, "pixel_ymin": 2064.0, "pixel_xmax": 235.0, "pixel_ymax": 2137.0, "pixel_center_x": 201.0, "pixel_center_y": 2100.5, "geo_easting": 407720.15, "geo_northing": 3283789.9, "inside_boundary": false, "verification_priority": "LOW", "priority_reason": "Outside corridor with high confidence (safe canopy) [Conf: 75.1%]", "priority_rank": 3 }, "geometry": { "type": "Point", "coordinates": [ 407720.150000000023283, 3283789.9 ] } },
{ "type": "Feature", "properties": { "tree_id": 54, "label": "Tree", "confidence": 0.7494, "pixel_xmin": 1240.0, "pixel_ymin": 2051.0, "pixel_xmax": 1285.0, "pixel_ymax": 2094.0, "pixel_center_x": 1262.5, "pixel_center_y": 2072.5, "geo_easting": 407826.3, "geo_northing": 3283792.7, "inside_boundary": false, "verification_priority": "LOW", "priority_reason": "Outside corridor with high confidence (safe canopy) [Conf: 74.9%]", "priority_rank": 3 }, "geometry": { "type": "Point", "coordinates": [ 407826.299999999988358, 3283792.700000000186265 ] } },
{ "type": "Feature", "properties": { "tree_id": 55, "label": "Tree", "confidence": 0.749, "pixel_xmin": 144.0, "pixel_ymin": 2186.0, "pixel_xmax": 194.0, "pixel_ymax": 2235.0, "pixel_center_x": 169.0, "pixel_center_y": 2210.5, "geo_easting": 407716.95, "geo_northing": 3283778.9, "inside_boundary": false, "verification_priority": "LOW", "priority_reason": "Outside corridor with high confidence (safe canopy) [Conf: 74.9%]", "priority_rank": 3 }, "geometry": { "type": "Point", "coordinates": [ 407716.950000000011642, 3283778.9 ] } },
{ "type": "Feature", "properties": { "tree_id": 56, "label": "Tree", "confidence": 0.7486, "pixel_xmin": 858.0, "pixel_ymin": 2212.0, "pixel_xmax": 909.0, "pixel_ymax": 2264.0, "pixel_center_x": 883.5, "pixel_center_y": 2238.0, "geo_easting": 407788.4, "geo_northing": 3283776.15, "inside_boundary": false, "verification_priority": "LOW", "priority_reason": "Outside corridor with high confidence (safe canopy) [Conf: 74.9%]", "priority_rank": 3 }, "geometry": { "type": "Point", "coordinates": [ 407788.400000000023283, 3283776.15 ] } },
{ "type": "Feature", "properties": { "tree_id": 57, "label": "Tree", "confidence": 0.7471, "pixel_xmin": 47.0, "pixel_ymin": 1530.0, "pixel_xmax": 131.0, "pixel_ymax": 1625.0, "pixel_center_x": 89.0, "pixel_center_y": 1577.5, "geo_easting": 407708.95, "geo_northing": 3283842.2, "inside_boundary": true, "verification_priority": "MEDIUM", "priority_reason": "Inside project corridor (corridor impact, statutory check) [Conf: 74.7%]", "priority_rank": 2 }, "geometry": { "type": "Point", "coordinates": [ 407708.950000000011642, 3283842.200000000186265 ] } },
{ "type": "Feature", "properties": { "tree_id": 58, "label": "Tree", "confidence": 0.7461, "pixel_xmin": 1548.0, "pixel_ymin": 2264.0, "pixel_xmax": 1616.0, "pixel_ymax": 2335.0, "pixel_center_x": 1582.0, "pixel_center_y": 2299.5, "geo_easting": 407858.25, "geo_northing": 3283770.0, "inside_boundary": false, "verification_priority": "LOW", "priority_reason": "Outside corridor with high confidence (safe canopy) [Conf: 74.6%]", "priority_rank": 3 }, "geometry": { "type": "Point", "coordinates": [ 407858.25, 3283770.0 ] } },
{ "type": "Feature", "properties": { "tree_id": 59, "label": "Tree", "confidence": 0.7451, "pixel_xmin": 85.0, "pixel_ymin": 1691.0, "pixel_xmax": 116.0, "pixel_ymax": 1721.0, "pixel_center_x": 100.5, "pixel_center_y": 1706.0, "geo_easting": 407710.1, "geo_northing": 3283829.35, "inside_boundary": true, "verification_priority": "MEDIUM", "priority_reason": "Inside project corridor (corridor impact, statutory check) [Conf: 74.5%]", "priority_rank": 2 }, "geometry": { "type": "Point", "coordinates": [ 407710.099999999976717, 3283829.35 ] } },
{ "type": "Feature", "properties": { "tree_id": 60, "label": "Tree", "confidence": 0.7429, "pixel_xmin": 1729.0, "pixel_ymin": 2324.0, "pixel_xmax": 1880.0, "pixel_ymax": 2486.0, "pixel_center_x": 1804.5, "pixel_center_y": 2405.0, "geo_easting": 407880.5, "geo_northing": 3283759.45, "inside_boundary": false, "verification_priority": "LOW", "priority_reason": "Outside corridor with high confidence (safe canopy) [Conf: 74.3%]", "priority_rank": 3 }, "geometry": { "type": "Point", "coordinates": [ 407880.5, 3283759.450000000186265 ] } },
{ "type": "Feature", "properties": { "tree_id": 61, "label": "Tree", "confidence": 0.741, "pixel_xmin": 1021.0, "pixel_ymin": 1031.0, "pixel_xmax": 1097.0, "pixel_ymax": 1110.0, "pixel_center_x": 1059.0, "pixel_center_y": 1070.5, "geo_easting": 407805.95, "geo_northing": 3283892.9, "inside_boundary": true, "verification_priority": "MEDIUM", "priority_reason": "Inside project corridor (corridor impact, statutory check) [Conf: 74.1%]", "priority_rank": 2 }, "geometry": { "type": "Point", "coordinates": [ 407805.950000000011642, 3283892.9 ] } },
{ "type": "Feature", "properties": { "tree_id": 62, "label": "Tree", "confidence": 0.7406, "pixel_xmin": 341.0, "pixel_ymin": 1702.0, "pixel_xmax": 386.0, "pixel_ymax": 1748.0, "pixel_center_x": 363.5, "pixel_center_y": 1725.0, "geo_easting": 407736.4, "geo_northing": 3283827.45, "inside_boundary": true, "verification_priority": "MEDIUM", "priority_reason": "Inside project corridor (corridor impact, statutory check) [Conf: 74.1%]", "priority_rank": 2 }, "geometry": { "type": "Point", "coordinates": [ 407736.400000000023283, 3283827.450000000186265 ] } },
{ "type": "Feature", "properties": { "tree_id": 63, "label": "Tree", "confidence": 0.7406, "pixel_xmin": 288.0, "pixel_ymin": 2443.0, "pixel_xmax": 318.0, "pixel_ymax": 2474.0, "pixel_center_x": 303.0, "pixel_center_y": 2458.5, "geo_easting": 407730.35, "geo_northing": 3283754.1, "inside_boundary": false, "verification_priority": "LOW", "priority_reason": "Outside corridor with high confidence (safe canopy) [Conf: 74.1%]", "priority_rank": 3 }, "geometry": { "type": "Point", "coordinates": [ 407730.349999999976717, 3283754.1 ] } },
{ "type": "Feature", "properties": { "tree_id": 64, "label": "Tree", "confidence": 0.7404, "pixel_xmin": 978.0, "pixel_ymin": 2293.0, "pixel_xmax": 1019.0, "pixel_ymax": 2336.0, "pixel_center_x": 998.5, "pixel_center_y": 2314.5, "geo_easting": 407799.9, "geo_northing": 3283768.5, "inside_boundary": false, "verification_priority": "LOW", "priority_reason": "Outside corridor with high confidence (safe canopy) [Conf: 74.0%]", "priority_rank": 3 }, "geometry": { "type": "Point", "coordinates": [ 407799.900000000023283, 3283768.5 ] } },
{ "type": "Feature", "properties": { "tree_id": 65, "label": "Tree", "confidence": 0.7398, "pixel_xmin": 937.0, "pixel_ymin": 1620.0, "pixel_xmax": 1026.0, "pixel_ymax": 1709.0, "pixel_center_x": 981.5, "pixel_center_y": 1664.5, "geo_easting": 407798.2, "geo_northing": 3283833.5, "inside_boundary": false, "verification_priority": "LOW", "priority_reason": "Outside corridor with high confidence (safe canopy) [Conf: 74.0%]", "priority_rank": 3 }, "geometry": { "type": "Point", "coordinates": [ 407798.200000000011642, 3283833.5 ] } },
{ "type": "Feature", "properties": { "tree_id": 66, "label": "Tree", "confidence": 0.7396, "pixel_xmin": 193.0, "pixel_ymin": 1624.0, "pixel_xmax": 248.0, "pixel_ymax": 1679.0, "pixel_center_x": 220.5, "pixel_center_y": 1651.5, "geo_easting": 407722.1, "geo_northing": 3283834.8, "inside_boundary": true, "verification_priority": "MEDIUM", "priority_reason": "Inside project corridor (corridor impact, statutory check) [Conf: 74.0%]", "priority_rank": 2 }, "geometry": { "type": "Point", "coordinates": [ 407722.099999999976717, 3283834.799999999813735 ] } },
{ "type": "Feature", "properties": { "tree_id": 67, "label": "Tree", "confidence": 0.7392, "pixel_xmin": 1455.0, "pixel_ymin": 1781.0, "pixel_xmax": 1511.0, "pixel_ymax": 1847.0, "pixel_center_x": 1483.0, "pixel_center_y": 1814.0, "geo_easting": 407848.35, "geo_northing": 3283818.55, "inside_boundary": false, "verification_priority": "LOW", "priority_reason": "Outside corridor with high confidence (safe canopy) [Conf: 73.9%]", "priority_rank": 3 }, "geometry": { "type": "Point", "coordinates": [ 407848.349999999976717, 3283818.549999999813735 ] } },
{ "type": "Feature", "properties": { "tree_id": 68, "label": "Tree", "confidence": 0.7391, "pixel_xmin": 1378.0, "pixel_ymin": 1800.0, "pixel_xmax": 1433.0, "pixel_ymax": 1828.0, "pixel_center_x": 1405.5, "pixel_center_y": 1814.0, "geo_easting": 407840.6, "geo_northing": 3283818.55, "inside_boundary": false, "verification_priority": "LOW", "priority_reason": "Outside corridor with high confidence (safe canopy) [Conf: 73.9%]", "priority_rank": 3 }, "geometry": { "type": "Point", "coordinates": [ 407840.599999999976717, 3283818.549999999813735 ] } },
{ "type": "Feature", "properties": { "tree_id": 69, "label": "Tree", "confidence": 0.7386, "pixel_xmin": 1773.0, "pixel_ymin": 614.0, "pixel_xmax": 1820.0, "pixel_ymax": 656.0, "pixel_center_x": 1796.5, "pixel_center_y": 635.0, "geo_easting": 407879.7, "geo_northing": 3283936.45, "inside_boundary": false, "verification_priority": "LOW", "priority_reason": "Outside corridor with high confidence (safe canopy) [Conf: 73.9%]", "priority_rank": 3 }, "geometry": { "type": "Point", "coordinates": [ 407879.700000000011642, 3283936.450000000186265 ] } },
{ "type": "Feature", "properties": { "tree_id": 70, "label": "Tree", "confidence": 0.7376, "pixel_xmin": 1401.0, "pixel_ymin": 2239.0, "pixel_xmax": 1482.0, "pixel_ymax": 2334.0, "pixel_center_x": 1441.5, "pixel_center_y": 2286.5, "geo_easting": 407844.2, "geo_northing": 3283771.3, "inside_boundary": false, "verification_priority": "LOW", "priority_reason": "Outside corridor with high confidence (safe canopy) [Conf: 73.8%]", "priority_rank": 3 }, "geometry": { "type": "Point", "coordinates": [ 407844.200000000011642, 3283771.299999999813735 ] } },
{ "type": "Feature", "properties": { "tree_id": 71, "label": "Tree", "confidence": 0.7369, "pixel_xmin": 213.0, "pixel_ymin": 133.0, "pixel_xmax": 297.0, "pixel_ymax": 221.0, "pixel_center_x": 255.0, "pixel_center_y": 177.0, "geo_easting": 407725.55, "geo_northing": 3283982.25, "inside_boundary": false, "verification_priority": "LOW", "priority_reason": "Outside corridor with high confidence (safe canopy) [Conf: 73.7%]", "priority_rank": 3 }, "geometry": { "type": "Point", "coordinates": [ 407725.549999999988358, 3283982.25 ] } },
{ "type": "Feature", "properties": { "tree_id": 72, "label": "Tree", "confidence": 0.7368, "pixel_xmin": 947.0, "pixel_ymin": 1857.0, "pixel_xmax": 999.0, "pixel_ymax": 1912.0, "pixel_center_x": 973.0, "pixel_center_y": 1884.5, "geo_easting": 407797.35, "geo_northing": 3283811.5, "inside_boundary": false, "verification_priority": "LOW", "priority_reason": "Outside corridor with high confidence (safe canopy) [Conf: 73.7%]", "priority_rank": 3 }, "geometry": { "type": "Point", "coordinates": [ 407797.349999999976717, 3283811.5 ] } },
{ "type": "Feature", "properties": { "tree_id": 73, "label": "Tree", "confidence": 0.7345, "pixel_xmin": 309.0, "pixel_ymin": 2313.0, "pixel_xmax": 343.0, "pixel_ymax": 2351.0, "pixel_center_x": 326.0, "pixel_center_y": 2332.0, "geo_easting": 407732.65, "geo_northing": 3283766.75, "inside_boundary": false, "verification_priority": "LOW", "priority_reason": "Outside corridor with high confidence (safe canopy) [Conf: 73.5%]", "priority_rank": 3 }, "geometry": { "type": "Point", "coordinates": [ 407732.650000000023283, 3283766.75 ] } },
{ "type": "Feature", "properties": { "tree_id": 74, "label": "Tree", "confidence": 0.733, "pixel_xmin": 0.0, "pixel_ymin": 600.0, "pixel_xmax": 43.0, "pixel_ymax": 645.0, "pixel_center_x": 21.5, "pixel_center_y": 622.5, "geo_easting": 407702.2, "geo_northing": 3283937.7, "inside_boundary": false, "verification_priority": "LOW", "priority_reason": "Outside corridor with high confidence (safe canopy) [Conf: 73.3%]", "priority_rank": 3 }, "geometry": { "type": "Point", "coordinates": [ 407702.200000000011642, 3283937.700000000186265 ] } },
{ "type": "Feature", "properties": { "tree_id": 75, "label": "Tree", "confidence": 0.7317, "pixel_xmin": 2339.0, "pixel_ymin": 1993.0, "pixel_xmax": 2394.0, "pixel_ymax": 2053.0, "pixel_center_x": 2366.5, "pixel_center_y": 2023.0, "geo_easting": 407936.7, "geo_northing": 3283797.65, "inside_boundary": false, "verification_priority": "LOW", "priority_reason": "Outside corridor with high confidence (safe canopy) [Conf: 73.2%]", "priority_rank": 3 }, "geometry": { "type": "Point", "coordinates": [ 407936.700000000011642, 3283797.65 ] } },
{ "type": "Feature", "properties": { "tree_id": 76, "label": "Tree", "confidence": 0.7312, "pixel_xmin": 602.0, "pixel_ymin": 1251.0, "pixel_xmax": 669.0, "pixel_ymax": 1317.0, "pixel_center_x": 635.5, "pixel_center_y": 1284.0, "geo_easting": 407763.6, "geo_northing": 3283871.55, "inside_boundary": true, "verification_priority": "MEDIUM", "priority_reason": "Inside project corridor (corridor impact, statutory check) [Conf: 73.1%]", "priority_rank": 2 }, "geometry": { "type": "Point", "coordinates": [ 407763.599999999976717, 3283871.549999999813735 ] } },
{ "type": "Feature", "properties": { "tree_id": 77, "label": "Tree", "confidence": 0.7294, "pixel_xmin": 368.0, "pixel_ymin": 2264.0, "pixel_xmax": 399.0, "pixel_ymax": 2299.0, "pixel_center_x": 383.5, "pixel_center_y": 2281.5, "geo_easting": 407738.4, "geo_northing": 3283771.8, "inside_boundary": false, "verification_priority": "LOW", "priority_reason": "Outside corridor with high confidence (safe canopy) [Conf: 72.9%]", "priority_rank": 3 }, "geometry": { "type": "Point", "coordinates": [ 407738.400000000023283, 3283771.799999999813735 ] } },
{ "type": "Feature", "properties": { "tree_id": 78, "label": "Tree", "confidence": 0.7287, "pixel_xmin": 2301.0, "pixel_ymin": 1302.0, "pixel_xmax": 2339.0, "pixel_ymax": 1345.0, "pixel_center_x": 2320.0, "pixel_center_y": 1323.5, "geo_easting": 407932.05, "geo_northing": 3283867.6, "inside_boundary": false, "verification_priority": "LOW", "priority_reason": "Outside corridor with high confidence (safe canopy) [Conf: 72.9%]", "priority_rank": 3 }, "geometry": { "type": "Point", "coordinates": [ 407932.049999999988358, 3283867.6 ] } },
{ "type": "Feature", "properties": { "tree_id": 79, "label": "Tree", "confidence": 0.7281, "pixel_xmin": 1403.0, "pixel_ymin": 2100.0, "pixel_xmax": 1457.0, "pixel_ymax": 2150.0, "pixel_center_x": 1430.0, "pixel_center_y": 2125.0, "geo_easting": 407843.05, "geo_northing": 3283787.45, "inside_boundary": false, "verification_priority": "LOW", "priority_reason": "Outside corridor with high confidence (safe canopy) [Conf: 72.8%]", "priority_rank": 3 }, "geometry": { "type": "Point", "coordinates": [ 407843.049999999988358, 3283787.450000000186265 ] } },
{ "type": "Feature", "properties": { "tree_id": 80, "label": "Tree", "confidence": 0.7276, "pixel_xmin": 805.0, "pixel_ymin": 2384.0, "pixel_xmax": 873.0, "pixel_ymax": 2458.0, "pixel_center_x": 839.0, "pixel_center_y": 2421.0, "geo_easting": 407783.95, "geo_northing": 3283757.85, "inside_boundary": false, "verification_priority": "LOW", "priority_reason": "Outside corridor with high confidence (safe canopy) [Conf: 72.8%]", "priority_rank": 3 }, "geometry": { "type": "Point", "coordinates": [ 407783.950000000011642, 3283757.85 ] } },
{ "type": "Feature", "properties": { "tree_id": 81, "label": "Tree", "confidence": 0.7273, "pixel_xmin": 1572.0, "pixel_ymin": 2128.0, "pixel_xmax": 1619.0, "pixel_ymax": 2181.0, "pixel_center_x": 1595.5, "pixel_center_y": 2154.5, "geo_easting": 407859.6, "geo_northing": 3283784.5, "inside_boundary": false, "verification_priority": "LOW", "priority_reason": "Outside corridor with high confidence (safe canopy) [Conf: 72.7%]", "priority_rank": 3 }, "geometry": { "type": "Point", "coordinates": [ 407859.599999999976717, 3283784.5 ] } },
{ "type": "Feature", "properties": { "tree_id": 82, "label": "Tree", "confidence": 0.7263, "pixel_xmin": 1297.0, "pixel_ymin": 1800.0, "pixel_xmax": 1345.0, "pixel_ymax": 1840.0, "pixel_center_x": 1321.0, "pixel_center_y": 1820.0, "geo_easting": 407832.15, "geo_northing": 3283817.95, "inside_boundary": false, "verification_priority": "LOW", "priority_reason": "Outside corridor with high confidence (safe canopy) [Conf: 72.6%]", "priority_rank": 3 }, "geometry": { "type": "Point", "coordinates": [ 407832.150000000023283, 3283817.950000000186265 ] } },
{ "type": "Feature", "properties": { "tree_id": 83, "label": "Tree", "confidence": 0.7262, "pixel_xmin": 225.0, "pixel_ymin": 1159.0, "pixel_xmax": 266.0, "pixel_ymax": 1202.0, "pixel_center_x": 245.5, "pixel_center_y": 1180.5, "geo_easting": 407724.6, "geo_northing": 3283881.9, "inside_boundary": false, "verification_priority": "LOW", "priority_reason": "Outside corridor with high confidence (safe canopy) [Conf: 72.6%]", "priority_rank": 3 }, "geometry": { "type": "Point", "coordinates": [ 407724.599999999976717, 3283881.9 ] } },
{ "type": "Feature", "properties": { "tree_id": 84, "label": "Tree", "confidence": 0.7262, "pixel_xmin": 1153.0, "pixel_ymin": 1872.0, "pixel_xmax": 1200.0, "pixel_ymax": 1899.0, "pixel_center_x": 1176.5, "pixel_center_y": 1885.5, "geo_easting": 407817.7, "geo_northing": 3283811.4, "inside_boundary": false, "verification_priority": "LOW", "priority_reason": "Outside corridor with high confidence (safe canopy) [Conf: 72.6%]", "priority_rank": 3 }, "geometry": { "type": "Point", "coordinates": [ 407817.700000000011642, 3283811.4 ] } },
{ "type": "Feature", "properties": { "tree_id": 85, "label": "Tree", "confidence": 0.7254, "pixel_xmin": 1200.0, "pixel_ymin": 359.0, "pixel_xmax": 1234.0, "pixel_ymax": 399.0, "pixel_center_x": 1217.0, "pixel_center_y": 379.0, "geo_easting": 407821.75, "geo_northing": 3283962.05, "inside_boundary": false, "verification_priority": "LOW", "priority_reason": "Outside corridor with high confidence (safe canopy) [Conf: 72.5%]", "priority_rank": 3 }, "geometry": { "type": "Point", "coordinates": [ 407821.75, 3283962.049999999813735 ] } },
{ "type": "Feature", "properties": { "tree_id": 86, "label": "Tree", "confidence": 0.7253, "pixel_xmin": 793.0, "pixel_ymin": 516.0, "pixel_xmax": 845.0, "pixel_ymax": 568.0, "pixel_center_x": 819.0, "pixel_center_y": 542.0, "geo_easting": 407781.95, "geo_northing": 3283945.75, "inside_boundary": false, "verification_priority": "LOW", "priority_reason": "Outside corridor with high confidence (safe canopy) [Conf: 72.5%]", "priority_rank": 3 }, "geometry": { "type": "Point", "coordinates": [ 407781.950000000011642, 3283945.75 ] } },
{ "type": "Feature", "properties": { "tree_id": 87, "label": "Tree", "confidence": 0.7248, "pixel_xmin": 66.0, "pixel_ymin": 1781.0, "pixel_xmax": 104.0, "pixel_ymax": 1826.0, "pixel_center_x": 85.0, "pixel_center_y": 1803.5, "geo_easting": 407708.55, "geo_northing": 3283819.6, "inside_boundary": true, "verification_priority": "MEDIUM", "priority_reason": "Inside project corridor (corridor impact, statutory check) [Conf: 72.5%]", "priority_rank": 2 }, "geometry": { "type": "Point", "coordinates": [ 407708.549999999988358, 3283819.6 ] } },
{ "type": "Feature", "properties": { "tree_id": 88, "label": "Tree", "confidence": 0.7234, "pixel_xmin": 1312.0, "pixel_ymin": 2393.0, "pixel_xmax": 1368.0, "pixel_ymax": 2453.0, "pixel_center_x": 1340.0, "pixel_center_y": 2423.0, "geo_easting": 407834.05, "geo_northing": 3283757.65, "inside_boundary": false, "verification_priority": "LOW", "priority_reason": "Outside corridor with high confidence (safe canopy) [Conf: 72.3%]", "priority_rank": 3 }, "geometry": { "type": "Point", "coordinates": [ 407834.049999999988358, 3283757.65 ] } },
{ "type": "Feature", "properties": { "tree_id": 89, "label": "Tree", "confidence": 0.7226, "pixel_xmin": 1538.0, "pixel_ymin": 1559.0, "pixel_xmax": 1617.0, "pixel_ymax": 1642.0, "pixel_center_x": 1577.5, "pixel_center_y": 1600.5, "geo_easting": 407857.8, "geo_northing": 3283839.9, "inside_boundary": false, "verification_priority": "LOW", "priority_reason": "Outside corridor with high confidence (safe canopy) [Conf: 72.3%]", "priority_rank": 3 }, "geometry": { "type": "Point", "coordinates": [ 407857.799999999988358, 3283839.9 ] } },
{ "type": "Feature", "properties": { "tree_id": 90, "label": "Tree", "confidence": 0.7201, "pixel_xmin": 250.0, "pixel_ymin": 915.0, "pixel_xmax": 327.0, "pixel_ymax": 1005.0, "pixel_center_x": 288.5, "pixel_center_y": 960.0, "geo_easting": 407728.9, "geo_northing": 3283903.95, "inside_boundary": false, "verification_priority": "LOW", "priority_reason": "Outside corridor with high confidence (safe canopy) [Conf: 72.0%]", "priority_rank": 3 }, "geometry": { "type": "Point", "coordinates": [ 407728.900000000023283, 3283903.950000000186265 ] } },
{ "type": "Feature", "properties": { "tree_id": 91, "label": "Tree", "confidence": 0.7196, "pixel_xmin": 370.0, "pixel_ymin": 2448.0, "pixel_xmax": 400.0, "pixel_ymax": 2496.0, "pixel_center_x": 385.0, "pixel_center_y": 2472.0, "geo_easting": 407738.55, "geo_northing": 3283752.75, "inside_boundary": false, "verification_priority": "LOW", "priority_reason": "Outside corridor with high confidence (safe canopy) [Conf: 72.0%]", "priority_rank": 3 }, "geometry": { "type": "Point", "coordinates": [ 407738.549999999988358, 3283752.75 ] } },
{ "type": "Feature", "properties": { "tree_id": 92, "label": "Tree", "confidence": 0.7178, "pixel_xmin": 567.0, "pixel_ymin": 2435.0, "pixel_xmax": 643.0, "pixel_ymax": 2500.0, "pixel_center_x": 605.0, "pixel_center_y": 2467.5, "geo_easting": 407760.55, "geo_northing": 3283753.2, "inside_boundary": false, "verification_priority": "LOW", "priority_reason": "Outside corridor with high confidence (safe canopy) [Conf: 71.8%]", "priority_rank": 3 }, "geometry": { "type": "Point", "coordinates": [ 407760.549999999988358, 3283753.200000000186265 ] } },
{ "type": "Feature", "properties": { "tree_id": 93, "label": "Tree", "confidence": 0.7174, "pixel_xmin": 2303.0, "pixel_ymin": 1757.0, "pixel_xmax": 2342.0, "pixel_ymax": 1796.0, "pixel_center_x": 2322.5, "pixel_center_y": 1776.5, "geo_easting": 407932.3, "geo_northing": 3283822.3, "inside_boundary": false, "verification_priority": "LOW", "priority_reason": "Outside corridor with high confidence (safe canopy) [Conf: 71.7%]", "priority_rank": 3 }, "geometry": { "type": "Point", "coordinates": [ 407932.299999999988358, 3283822.299999999813735 ] } },
{ "type": "Feature", "properties": { "tree_id": 94, "label": "Tree", "confidence": 0.7173, "pixel_xmin": 1360.0, "pixel_ymin": 1546.0, "pixel_xmax": 1391.0, "pixel_ymax": 1578.0, "pixel_center_x": 1375.5, "pixel_center_y": 1562.0, "geo_easting": 407837.6, "geo_northing": 3283843.75, "inside_boundary": false, "verification_priority": "LOW", "priority_reason": "Outside corridor with high confidence (safe canopy) [Conf: 71.7%]", "priority_rank": 3 }, "geometry": { "type": "Point", "coordinates": [ 407837.599999999976717, 3283843.75 ] } },
{ "type": "Feature", "properties": { "tree_id": 95, "label": "Tree", "confidence": 0.717, "pixel_xmin": 1034.0, "pixel_ymin": 2019.0, "pixel_xmax": 1071.0, "pixel_ymax": 2061.0, "pixel_center_x": 1052.5, "pixel_center_y": 2040.0, "geo_easting": 407805.3, "geo_northing": 3283795.95, "inside_boundary": false, "verification_priority": "LOW", "priority_reason": "Outside corridor with high confidence (safe canopy) [Conf: 71.7%]", "priority_rank": 3 }, "geometry": { "type": "Point", "coordinates": [ 407805.299999999988358, 3283795.950000000186265 ] } },
{ "type": "Feature", "properties": { "tree_id": 96, "label": "Tree", "confidence": 0.7169, "pixel_xmin": 79.0, "pixel_ymin": 2051.0, "pixel_xmax": 137.0, "pixel_ymax": 2121.0, "pixel_center_x": 108.0, "pixel_center_y": 2086.0, "geo_easting": 407710.85, "geo_northing": 3283791.35, "inside_boundary": false, "verification_priority": "LOW", "priority_reason": "Outside corridor with high confidence (safe canopy) [Conf: 71.7%]", "priority_rank": 3 }, "geometry": { "type": "Point", "coordinates": [ 407710.849999999976717, 3283791.35 ] } },
{ "type": "Feature", "properties": { "tree_id": 97, "label": "Tree", "confidence": 0.7158, "pixel_xmin": 1290.0, "pixel_ymin": 790.0, "pixel_xmax": 1334.0, "pixel_ymax": 838.0, "pixel_center_x": 1312.0, "pixel_center_y": 814.0, "geo_easting": 407831.25, "geo_northing": 3283918.55, "inside_boundary": false, "verification_priority": "LOW", "priority_reason": "Outside corridor with high confidence (safe canopy) [Conf: 71.6%]", "priority_rank": 3 }, "geometry": { "type": "Point", "coordinates": [ 407831.25, 3283918.549999999813735 ] } },
{ "type": "Feature", "properties": { "tree_id": 98, "label": "Tree", "confidence": 0.7156, "pixel_xmin": 1581.0, "pixel_ymin": 1968.0, "pixel_xmax": 1620.0, "pixel_ymax": 2009.0, "pixel_center_x": 1600.5, "pixel_center_y": 1988.5, "geo_easting": 407860.1, "geo_northing": 3283801.1, "inside_boundary": false, "verification_priority": "LOW", "priority_reason": "Outside corridor with high confidence (safe canopy) [Conf: 71.6%]", "priority_rank": 3 }, "geometry": { "type": "Point", "coordinates": [ 407860.099999999976717, 3283801.1 ] } },
{ "type": "Feature", "properties": { "tree_id": 99, "label": "Tree", "confidence": 0.7153, "pixel_xmin": 1812.0, "pixel_ymin": 2257.0, "pixel_xmax": 1854.0, "pixel_ymax": 2304.0, "pixel_center_x": 1833.0, "pixel_center_y": 2280.5, "geo_easting": 407883.35, "geo_northing": 3283771.9, "inside_boundary": false, "verification_priority": "LOW", "priority_reason": "Outside corridor with high confidence (safe canopy) [Conf: 71.5%]", "priority_rank": 3 }, "geometry": { "type": "Point", "coordinates": [ 407883.349999999976717, 3283771.9 ] } },
{ "type": "Feature", "properties": { "tree_id": 100, "label": "Tree", "confidence": 0.7151, "pixel_xmin": 54.0, "pixel_ymin": 815.0, "pixel_xmax": 137.0, "pixel_ymax": 899.0, "pixel_center_x": 95.5, "pixel_center_y": 857.0, "geo_easting": 407709.6, "geo_northing": 3283914.25, "inside_boundary": false, "verification_priority": "LOW", "priority_reason": "Outside corridor with high confidence (safe canopy) [Conf: 71.5%]", "priority_rank": 3 }, "geometry": { "type": "Point", "coordinates": [ 407709.599999999976717, 3283914.25 ] } },
{ "type": "Feature", "properties": { "tree_id": 101, "label": "Tree", "confidence": 0.7149, "pixel_xmin": 488.0, "pixel_ymin": 1763.0, "pixel_xmax": 540.0, "pixel_ymax": 1811.0, "pixel_center_x": 514.0, "pixel_center_y": 1787.0, "geo_easting": 407751.45, "geo_northing": 3283821.25, "inside_boundary": true, "verification_priority": "MEDIUM", "priority_reason": "Inside project corridor (corridor impact, statutory check) [Conf: 71.5%]", "priority_rank": 2 }, "geometry": { "type": "Point", "coordinates": [ 407751.450000000011642, 3283821.25 ] } },
{ "type": "Feature", "properties": { "tree_id": 102, "label": "Tree", "confidence": 0.7138, "pixel_xmin": 1253.0, "pixel_ymin": 835.0, "pixel_xmax": 1291.0, "pixel_ymax": 871.0, "pixel_center_x": 1272.0, "pixel_center_y": 853.0, "geo_easting": 407827.25, "geo_northing": 3283914.65, "inside_boundary": false, "verification_priority": "LOW", "priority_reason": "Outside corridor with high confidence (safe canopy) [Conf: 71.4%]", "priority_rank": 3 }, "geometry": { "type": "Point", "coordinates": [ 407827.25, 3283914.65 ] } },
{ "type": "Feature", "properties": { "tree_id": 103, "label": "Tree", "confidence": 0.7134, "pixel_xmin": 667.0, "pixel_ymin": 2381.0, "pixel_xmax": 699.0, "pixel_ymax": 2429.0, "pixel_center_x": 683.0, "pixel_center_y": 2405.0, "geo_easting": 407768.35, "geo_northing": 3283759.45, "inside_boundary": false, "verification_priority": "LOW", "priority_reason": "Outside corridor with high confidence (safe canopy) [Conf: 71.3%]", "priority_rank": 3 }, "geometry": { "type": "Point", "coordinates": [ 407768.349999999976717, 3283759.450000000186265 ] } },
{ "type": "Feature", "properties": { "tree_id": 104, "label": "Tree", "confidence": 0.712, "pixel_xmin": 399.0, "pixel_ymin": 2345.0, "pixel_xmax": 423.0, "pixel_ymax": 2371.0, "pixel_center_x": 411.0, "pixel_center_y": 2358.0, "geo_easting": 407741.15, "geo_northing": 3283764.15, "inside_boundary": false, "verification_priority": "LOW", "priority_reason": "Outside corridor with high confidence (safe canopy) [Conf: 71.2%]", "priority_rank": 3 }, "geometry": { "type": "Point", "coordinates": [ 407741.150000000023283, 3283764.15 ] } },
{ "type": "Feature", "properties": { "tree_id": 105, "label": "Tree", "confidence": 0.7113, "pixel_xmin": 22.0, "pixel_ymin": 1851.0, "pixel_xmax": 71.0, "pixel_ymax": 1899.0, "pixel_center_x": 46.5, "pixel_center_y": 1875.0, "geo_easting": 407704.7, "geo_northing": 3283812.45, "inside_boundary": true, "verification_priority": "MEDIUM", "priority_reason": "Inside project corridor (corridor impact, statutory check) [Conf: 71.1%]", "priority_rank": 2 }, "geometry": { "type": "Point", "coordinates": [ 407704.700000000011642, 3283812.450000000186265 ] } },
{ "type": "Feature", "properties": { "tree_id": 106, "label": "Tree", "confidence": 0.7094, "pixel_xmin": 1580.0, "pixel_ymin": 1917.0, "pixel_xmax": 1614.0, "pixel_ymax": 1951.0, "pixel_center_x": 1597.0, "pixel_center_y": 1934.0, "geo_easting": 407859.75, "geo_northing": 3283806.55, "inside_boundary": false, "verification_priority": "LOW", "priority_reason": "Outside corridor with high confidence (safe canopy) [Conf: 70.9%]", "priority_rank": 3 }, "geometry": { "type": "Point", "coordinates": [ 407859.75, 3283806.549999999813735 ] } },
{ "type": "Feature", "properties": { "tree_id": 107, "label": "Tree", "confidence": 0.708, "pixel_xmin": 555.0, "pixel_ymin": 600.0, "pixel_xmax": 618.0, "pixel_ymax": 643.0, "pixel_center_x": 586.5, "pixel_center_y": 621.5, "geo_easting": 407758.7, "geo_northing": 3283937.8, "inside_boundary": false, "verification_priority": "LOW", "priority_reason": "Outside corridor with high confidence (safe canopy) [Conf: 70.8%]", "priority_rank": 3 }, "geometry": { "type": "Point", "coordinates": [ 407758.700000000011642, 3283937.799999999813735 ] } },
{ "type": "Feature", "properties": { "tree_id": 108, "label": "Tree", "confidence": 0.7076, "pixel_xmin": 271.0, "pixel_ymin": 2300.0, "pixel_xmax": 301.0, "pixel_ymax": 2332.0, "pixel_center_x": 286.0, "pixel_center_y": 2316.0, "geo_easting": 407728.65, "geo_northing": 3283768.35, "inside_boundary": false, "verification_priority": "LOW", "priority_reason": "Outside corridor with high confidence (safe canopy) [Conf: 70.8%]", "priority_rank": 3 }, "geometry": { "type": "Point", "coordinates": [ 407728.650000000023283, 3283768.35 ] } },
{ "type": "Feature", "properties": { "tree_id": 109, "label": "Tree", "confidence": 0.7074, "pixel_xmin": 960.0, "pixel_ymin": 897.0, "pixel_xmax": 1002.0, "pixel_ymax": 934.0, "pixel_center_x": 981.0, "pixel_center_y": 915.5, "geo_easting": 407798.15, "geo_northing": 3283908.4, "inside_boundary": false, "verification_priority": "LOW", "priority_reason": "Outside corridor with high confidence (safe canopy) [Conf: 70.7%]", "priority_rank": 3 }, "geometry": { "type": "Point", "coordinates": [ 407798.150000000023283, 3283908.4 ] } },
{ "type": "Feature", "properties": { "tree_id": 110, "label": "Tree", "confidence": 0.7072, "pixel_xmin": 1347.0, "pixel_ymin": 1677.0, "pixel_xmax": 1389.0, "pixel_ymax": 1725.0, "pixel_center_x": 1368.0, "pixel_center_y": 1701.0, "geo_easting": 407836.85, "geo_northing": 3283829.85, "inside_boundary": false, "verification_priority": "LOW", "priority_reason": "Outside corridor with high confidence (safe canopy) [Conf: 70.7%]", "priority_rank": 3 }, "geometry": { "type": "Point", "coordinates": [ 407836.849999999976717, 3283829.85 ] } },
{ "type": "Feature", "properties": { "tree_id": 111, "label": "Tree", "confidence": 0.7064, "pixel_xmin": 515.0, "pixel_ymin": 2044.0, "pixel_xmax": 582.0, "pixel_ymax": 2118.0, "pixel_center_x": 548.5, "pixel_center_y": 2081.0, "geo_easting": 407754.9, "geo_northing": 3283791.85, "inside_boundary": false, "verification_priority": "LOW", "priority_reason": "Outside corridor with high confidence (safe canopy) [Conf: 70.6%]", "priority_rank": 3 }, "geometry": { "type": "Point", "coordinates": [ 407754.900000000023283, 3283791.85 ] } },
{ "type": "Feature", "properties": { "tree_id": 112, "label": "Tree", "confidence": 0.7063, "pixel_xmin": 494.0, "pixel_ymin": 846.0, "pixel_xmax": 532.0, "pixel_ymax": 886.0, "pixel_center_x": 513.0, "pixel_center_y": 866.0, "geo_easting": 407751.35, "geo_northing": 3283913.35, "inside_boundary": false, "verification_priority": "LOW", "priority_reason": "Outside corridor with high confidence (safe canopy) [Conf: 70.6%]", "priority_rank": 3 }, "geometry": { "type": "Point", "coordinates": [ 407751.349999999976717, 3283913.35 ] } },
{ "type": "Feature", "properties": { "tree_id": 113, "label": "Tree", "confidence": 0.7062, "pixel_xmin": 2102.0, "pixel_ymin": 1016.0, "pixel_xmax": 2157.0, "pixel_ymax": 1080.0, "pixel_center_x": 2129.5, "pixel_center_y": 1048.0, "geo_easting": 407913.0, "geo_northing": 3283895.15, "inside_boundary": true, "verification_priority": "MEDIUM", "priority_reason": "Inside project corridor (corridor impact, statutory check) [Conf: 70.6%]", "priority_rank": 2 }, "geometry": { "type": "Point", "coordinates": [ 407913.0, 3283895.15 ] } },
{ "type": "Feature", "properties": { "tree_id": 114, "label": "Tree", "confidence": 0.7061, "pixel_xmin": 430.0, "pixel_ymin": 975.0, "pixel_xmax": 475.0, "pixel_ymax": 1000.0, "pixel_center_x": 452.5, "pixel_center_y": 987.5, "geo_easting": 407745.3, "geo_northing": 3283901.2, "inside_boundary": false, "verification_priority": "LOW", "priority_reason": "Outside corridor with high confidence (safe canopy) [Conf: 70.6%]", "priority_rank": 3 }, "geometry": { "type": "Point", "coordinates": [ 407745.299999999988358, 3283901.200000000186265 ] } },
{ "type": "Feature", "properties": { "tree_id": 115, "label": "Tree", "confidence": 0.7059, "pixel_xmin": 281.0, "pixel_ymin": 1975.0, "pixel_xmax": 323.0, "pixel_ymax": 2020.0, "pixel_center_x": 302.0, "pixel_center_y": 1997.5, "geo_easting": 407730.25, "geo_northing": 3283800.2, "inside_boundary": false, "verification_priority": "LOW", "priority_reason": "Outside corridor with high confidence (safe canopy) [Conf: 70.6%]", "priority_rank": 3 }, "geometry": { "type": "Point", "coordinates": [ 407730.25, 3283800.200000000186265 ] } },
{ "type": "Feature", "properties": { "tree_id": 116, "label": "Tree", "confidence": 0.7041, "pixel_xmin": 1258.0, "pixel_ymin": 663.0, "pixel_xmax": 1299.0, "pixel_ymax": 699.0, "pixel_center_x": 1278.5, "pixel_center_y": 681.0, "geo_easting": 407827.9, "geo_northing": 3283931.85, "inside_boundary": false, "verification_priority": "LOW", "priority_reason": "Outside corridor with high confidence (safe canopy) [Conf: 70.4%]", "priority_rank": 3 }, "geometry": { "type": "Point", "coordinates": [ 407827.900000000023283, 3283931.85 ] } },
{ "type": "Feature", "properties": { "tree_id": 117, "label": "Tree", "confidence": 0.7038, "pixel_xmin": 508.0, "pixel_ymin": 1850.0, "pixel_xmax": 547.0, "pixel_ymax": 1888.0, "pixel_center_x": 527.5, "pixel_center_y": 1869.0, "geo_easting": 407752.8, "geo_northing": 3283813.05, "inside_boundary": false, "verification_priority": "LOW", "priority_reason": "Outside corridor with high confidence (safe canopy) [Conf: 70.4%]", "priority_rank": 3 }, "geometry": { "type": "Point", "coordinates": [ 407752.799999999988358, 3283813.049999999813735 ] } },
{ "type": "Feature", "properties": { "tree_id": 118, "label": "Tree", "confidence": 0.7032, "pixel_xmin": 1060.0, "pixel_ymin": 1459.0, "pixel_xmax": 1143.0, "pixel_ymax": 1543.0, "pixel_center_x": 1101.5, "pixel_center_y": 1501.0, "geo_easting": 407810.2, "geo_northing": 3283849.85, "inside_boundary": true, "verification_priority": "MEDIUM", "priority_reason": "Inside project corridor (corridor impact, statutory check) [Conf: 70.3%]", "priority_rank": 2 }, "geometry": { "type": "Point", "coordinates": [ 407810.200000000011642, 3283849.85 ] } },
{ "type": "Feature", "properties": { "tree_id": 119, "label": "Tree", "confidence": 0.7026, "pixel_xmin": 1038.0, "pixel_ymin": 640.0, "pixel_xmax": 1090.0, "pixel_ymax": 689.0, "pixel_center_x": 1064.0, "pixel_center_y": 664.5, "geo_easting": 407806.45, "geo_northing": 3283933.5, "inside_boundary": false, "verification_priority": "LOW", "priority_reason": "Outside corridor with high confidence (safe canopy) [Conf: 70.3%]", "priority_rank": 3 }, "geometry": { "type": "Point", "coordinates": [ 407806.450000000011642, 3283933.5 ] } },
{ "type": "Feature", "properties": { "tree_id": 120, "label": "Tree", "confidence": 0.7015, "pixel_xmin": 1070.0, "pixel_ymin": 1975.0, "pixel_xmax": 1107.0, "pixel_ymax": 2014.0, "pixel_center_x": 1088.5, "pixel_center_y": 1994.5, "geo_easting": 407808.9, "geo_northing": 3283800.5, "inside_boundary": false, "verification_priority": "LOW", "priority_reason": "Outside corridor with high confidence (safe canopy) [Conf: 70.2%]", "priority_rank": 3 }, "geometry": { "type": "Point", "coordinates": [ 407808.900000000023283, 3283800.5 ] } },
{ "type": "Feature", "properties": { "tree_id": 121, "label": "Tree", "confidence": 0.6996, "pixel_xmin": 1104.0, "pixel_ymin": 308.0, "pixel_xmax": 1147.0, "pixel_ymax": 350.0, "pixel_center_x": 1125.5, "pixel_center_y": 329.0, "geo_easting": 407812.6, "geo_northing": 3283967.05, "inside_boundary": false, "verification_priority": "LOW", "priority_reason": "Outside corridor with high confidence (safe canopy) [Conf: 70.0%]", "priority_rank": 3 }, "geometry": { "type": "Point", "coordinates": [ 407812.599999999976717, 3283967.049999999813735 ] } },
{ "type": "Feature", "properties": { "tree_id": 122, "label": "Tree", "confidence": 0.699, "pixel_xmin": 1816.0, "pixel_ymin": 391.0, "pixel_xmax": 1897.0, "pixel_ymax": 483.0, "pixel_center_x": 1856.5, "pixel_center_y": 437.0, "geo_easting": 407885.7, "geo_northing": 3283956.25, "inside_boundary": false, "verification_priority": "LOW", "priority_reason": "Outside corridor with high confidence (safe canopy) [Conf: 69.9%]", "priority_rank": 3 }, "geometry": { "type": "Point", "coordinates": [ 407885.700000000011642, 3283956.25 ] } },
{ "type": "Feature", "properties": { "tree_id": 123, "label": "Tree", "confidence": 0.6989, "pixel_xmin": 335.0, "pixel_ymin": 2044.0, "pixel_xmax": 366.0, "pixel_ymax": 2076.0, "pixel_center_x": 350.5, "pixel_center_y": 2060.0, "geo_easting": 407735.1, "geo_northing": 3283793.95, "inside_boundary": false, "verification_priority": "LOW", "priority_reason": "Outside corridor with high confidence (safe canopy) [Conf: 69.9%]", "priority_rank": 3 }, "geometry": { "type": "Point", "coordinates": [ 407735.099999999976717, 3283793.950000000186265 ] } },
{ "type": "Feature", "properties": { "tree_id": 124, "label": "Tree", "confidence": 0.6965, "pixel_xmin": 1389.0, "pixel_ymin": 1978.0, "pixel_xmax": 1427.0, "pixel_ymax": 2024.0, "pixel_center_x": 1408.0, "pixel_center_y": 2001.0, "geo_easting": 407840.85, "geo_northing": 3283799.85, "inside_boundary": false, "verification_priority": "LOW", "priority_reason": "Outside corridor with high confidence (safe canopy) [Conf: 69.7%]", "priority_rank": 3 }, "geometry": { "type": "Point", "coordinates": [ 407840.849999999976717, 3283799.85 ] } },
{ "type": "Feature", "properties": { "tree_id": 125, "label": "Tree", "confidence": 0.6947, "pixel_xmin": 993.0, "pixel_ymin": 300.0, "pixel_xmax": 1045.0, "pixel_ymax": 332.0, "pixel_center_x": 1019.0, "pixel_center_y": 316.0, "geo_easting": 407801.95, "geo_northing": 3283968.35, "inside_boundary": false, "verification_priority": "LOW", "priority_reason": "Outside corridor with high confidence (safe canopy) [Conf: 69.5%]", "priority_rank": 3 }, "geometry": { "type": "Point", "coordinates": [ 407801.950000000011642, 3283968.35 ] } },
{ "type": "Feature", "properties": { "tree_id": 126, "label": "Tree", "confidence": 0.6944, "pixel_xmin": 1588.0, "pixel_ymin": 1648.0, "pixel_xmax": 1649.0, "pixel_ymax": 1707.0, "pixel_center_x": 1618.5, "pixel_center_y": 1677.5, "geo_easting": 407861.9, "geo_northing": 3283832.2, "inside_boundary": false, "verification_priority": "LOW", "priority_reason": "Outside corridor with high confidence (safe canopy) [Conf: 69.4%]", "priority_rank": 3 }, "geometry": { "type": "Point", "coordinates": [ 407861.900000000023283, 3283832.200000000186265 ] } },
{ "type": "Feature", "properties": { "tree_id": 127, "label": "Tree", "confidence": 0.694, "pixel_xmin": 1539.0, "pixel_ymin": 283.0, "pixel_xmax": 1599.0, "pixel_ymax": 351.0, "pixel_center_x": 1569.0, "pixel_center_y": 317.0, "geo_easting": 407856.95, "geo_northing": 3283968.25, "inside_boundary": false, "verification_priority": "LOW", "priority_reason": "Outside corridor with high confidence (safe canopy) [Conf: 69.4%]", "priority_rank": 3 }, "geometry": { "type": "Point", "coordinates": [ 407856.950000000011642, 3283968.25 ] } },
{ "type": "Feature", "properties": { "tree_id": 128, "label": "Tree", "confidence": 0.6932, "pixel_xmin": 1332.0, "pixel_ymin": 1849.0, "pixel_xmax": 1391.0, "pixel_ymax": 1900.0, "pixel_center_x": 1361.5, "pixel_center_y": 1874.5, "geo_easting": 407836.2, "geo_northing": 3283812.5, "inside_boundary": false, "verification_priority": "LOW", "priority_reason": "Outside corridor with high confidence (safe canopy) [Conf: 69.3%]", "priority_rank": 3 }, "geometry": { "type": "Point", "coordinates": [ 407836.200000000011642, 3283812.5 ] } },
{ "type": "Feature", "properties": { "tree_id": 129, "label": "Tree", "confidence": 0.6931, "pixel_xmin": 1717.0, "pixel_ymin": 2295.0, "pixel_xmax": 1751.0, "pixel_ymax": 2330.0, "pixel_center_x": 1734.0, "pixel_center_y": 2312.5, "geo_easting": 407873.45, "geo_northing": 3283768.7, "inside_boundary": false, "verification_priority": "LOW", "priority_reason": "Outside corridor with high confidence (safe canopy) [Conf: 69.3%]", "priority_rank": 3 }, "geometry": { "type": "Point", "coordinates": [ 407873.450000000011642, 3283768.700000000186265 ] } },
{ "type": "Feature", "properties": { "tree_id": 130, "label": "Tree", "confidence": 0.6929, "pixel_xmin": 2138.0, "pixel_ymin": 1297.0, "pixel_xmax": 2192.0, "pixel_ymax": 1348.0, "pixel_center_x": 2165.0, "pixel_center_y": 1322.5, "geo_easting": 407916.55, "geo_northing": 3283867.7, "inside_boundary": false, "verification_priority": "LOW", "priority_reason": "Outside corridor with high confidence (safe canopy) [Conf: 69.3%]", "priority_rank": 3 }, "geometry": { "type": "Point", "coordinates": [ 407916.549999999988358, 3283867.700000000186265 ] } },
{ "type": "Feature", "properties": { "tree_id": 131, "label": "Tree", "confidence": 0.6926, "pixel_xmin": 995.0, "pixel_ymin": 2219.0, "pixel_xmax": 1046.0, "pixel_ymax": 2273.0, "pixel_center_x": 1020.5, "pixel_center_y": 2246.0, "geo_easting": 407802.1, "geo_northing": 3283775.35, "inside_boundary": false, "verification_priority": "LOW", "priority_reason": "Outside corridor with high confidence (safe canopy) [Conf: 69.3%]", "priority_rank": 3 }, "geometry": { "type": "Point", "coordinates": [ 407802.099999999976717, 3283775.35 ] } },
{ "type": "Feature", "properties": { "tree_id": 132, "label": "Tree", "confidence": 0.6925, "pixel_xmin": 1200.0, "pixel_ymin": 2175.0, "pixel_xmax": 1225.0, "pixel_ymax": 2199.0, "pixel_center_x": 1212.5, "pixel_center_y": 2187.0, "geo_easting": 407821.3, "geo_northing": 3283781.25, "inside_boundary": false, "verification_priority": "LOW", "priority_reason": "Outside corridor with high confidence (safe canopy) [Conf: 69.2%]", "priority_rank": 3 }, "geometry": { "type": "Point", "coordinates": [ 407821.299999999988358, 3283781.25 ] } },
{ "type": "Feature", "properties": { "tree_id": 133, "label": "Tree", "confidence": 0.6922, "pixel_xmin": 2413.0, "pixel_ymin": 1264.0, "pixel_xmax": 2454.0, "pixel_ymax": 1299.0, "pixel_center_x": 2433.5, "pixel_center_y": 1281.5, "geo_easting": 407943.4, "geo_northing": 3283871.8, "inside_boundary": false, "verification_priority": "LOW", "priority_reason": "Outside corridor with high confidence (safe canopy) [Conf: 69.2%]", "priority_rank": 3 }, "geometry": { "type": "Point", "coordinates": [ 407943.400000000023283, 3283871.799999999813735 ] } },
{ "type": "Feature", "properties": { "tree_id": 134, "label": "Tree", "confidence": 0.6916, "pixel_xmin": 2382.0, "pixel_ymin": 1866.0, "pixel_xmax": 2416.0, "pixel_ymax": 1899.0, "pixel_center_x": 2399.0, "pixel_center_y": 1882.5, "geo_easting": 407939.95, "geo_northing": 3283811.7, "inside_boundary": false, "verification_priority": "LOW", "priority_reason": "Outside corridor with high confidence (safe canopy) [Conf: 69.2%]", "priority_rank": 3 }, "geometry": { "type": "Point", "coordinates": [ 407939.950000000011642, 3283811.700000000186265 ] } },
{ "type": "Feature", "properties": { "tree_id": 135, "label": "Tree", "confidence": 0.6899, "pixel_xmin": 418.0, "pixel_ymin": 830.0, "pixel_xmax": 454.0, "pixel_ymax": 871.0, "pixel_center_x": 436.0, "pixel_center_y": 850.5, "geo_easting": 407743.65, "geo_northing": 3283914.9, "inside_boundary": false, "verification_priority": "LOW", "priority_reason": "Outside corridor with high confidence (safe canopy) [Conf: 69.0%]", "priority_rank": 3 }, "geometry": { "type": "Point", "coordinates": [ 407743.650000000023283, 3283914.9 ] } },
{ "type": "Feature", "properties": { "tree_id": 136, "label": "Tree", "confidence": 0.6895, "pixel_xmin": 1673.0, "pixel_ymin": 2265.0, "pixel_xmax": 1708.0, "pixel_ymax": 2303.0, "pixel_center_x": 1690.5, "pixel_center_y": 2284.0, "geo_easting": 407869.1, "geo_northing": 3283771.55, "inside_boundary": false, "verification_priority": "LOW", "priority_reason": "Outside corridor with high confidence (safe canopy) [Conf: 69.0%]", "priority_rank": 3 }, "geometry": { "type": "Point", "coordinates": [ 407869.099999999976717, 3283771.549999999813735 ] } },
{ "type": "Feature", "properties": { "tree_id": 137, "label": "Tree", "confidence": 0.6873, "pixel_xmin": 412.0, "pixel_ymin": 1685.0, "pixel_xmax": 465.0, "pixel_ymax": 1742.0, "pixel_center_x": 438.5, "pixel_center_y": 1713.5, "geo_easting": 407743.9, "geo_northing": 3283828.6, "inside_boundary": true, "verification_priority": "MEDIUM", "priority_reason": "Inside project corridor (corridor impact, statutory check) [Conf: 68.7%]", "priority_rank": 2 }, "geometry": { "type": "Point", "coordinates": [ 407743.900000000023283, 3283828.6 ] } },
{ "type": "Feature", "properties": { "tree_id": 138, "label": "Tree", "confidence": 0.6866, "pixel_xmin": 2258.0, "pixel_ymin": 978.0, "pixel_xmax": 2312.0, "pixel_ymax": 1034.0, "pixel_center_x": 2285.0, "pixel_center_y": 1006.0, "geo_easting": 407928.55, "geo_northing": 3283899.35, "inside_boundary": true, "verification_priority": "MEDIUM", "priority_reason": "Inside project corridor (corridor impact, statutory check) [Conf: 68.7%]", "priority_rank": 2 }, "geometry": { "type": "Point", "coordinates": [ 407928.549999999988358, 3283899.35 ] } },
{ "type": "Feature", "properties": { "tree_id": 139, "label": "Tree", "confidence": 0.6848, "pixel_xmin": 566.0, "pixel_ymin": 2102.0, "pixel_xmax": 637.0, "pixel_ymax": 2177.0, "pixel_center_x": 601.5, "pixel_center_y": 2139.5, "geo_easting": 407760.2, "geo_northing": 3283786.0, "inside_boundary": false, "verification_priority": "LOW", "priority_reason": "Outside corridor with high confidence (safe canopy) [Conf: 68.5%]", "priority_rank": 3 }, "geometry": { "type": "Point", "coordinates": [ 407760.200000000011642, 3283786.0 ] } },
{ "type": "Feature", "properties": { "tree_id": 140, "label": "Tree", "confidence": 0.6842, "pixel_xmin": 2188.0, "pixel_ymin": 715.0, "pixel_xmax": 2227.0, "pixel_ymax": 757.0, "pixel_center_x": 2207.5, "pixel_center_y": 736.0, "geo_easting": 407920.8, "geo_northing": 3283926.35, "inside_boundary": true, "verification_priority": "MEDIUM", "priority_reason": "Inside project corridor (corridor impact, statutory check) [Conf: 68.4%]", "priority_rank": 2 }, "geometry": { "type": "Point", "coordinates": [ 407920.799999999988358, 3283926.35 ] } },
{ "type": "Feature", "properties": { "tree_id": 141, "label": "Tree", "confidence": 0.6836, "pixel_xmin": 1157.0, "pixel_ymin": 2169.0, "pixel_xmax": 1215.0, "pixel_ymax": 2228.0, "pixel_center_x": 1186.0, "pixel_center_y": 2198.5, "geo_easting": 407818.65, "geo_northing": 3283780.1, "inside_boundary": false, "verification_priority": "LOW", "priority_reason": "Outside corridor with high confidence (safe canopy) [Conf: 68.4%]", "priority_rank": 3 }, "geometry": { "type": "Point", "coordinates": [ 407818.650000000023283, 3283780.1 ] } },
{ "type": "Feature", "properties": { "tree_id": 142, "label": "Tree", "confidence": 0.6828, "pixel_xmin": 329.0, "pixel_ymin": 1984.0, "pixel_xmax": 358.0, "pixel_ymax": 2017.0, "pixel_center_x": 343.5, "pixel_center_y": 2000.5, "geo_easting": 407734.4, "geo_northing": 3283799.9, "inside_boundary": false, "verification_priority": "LOW", "priority_reason": "Outside corridor with high confidence (safe canopy) [Conf: 68.3%]", "priority_rank": 3 }, "geometry": { "type": "Point", "coordinates": [ 407734.400000000023283, 3283799.9 ] } },
{ "type": "Feature", "properties": { "tree_id": 143, "label": "Tree", "confidence": 0.6821, "pixel_xmin": 118.0, "pixel_ymin": 585.0, "pixel_xmax": 153.0, "pixel_ymax": 621.0, "pixel_center_x": 135.5, "pixel_center_y": 603.0, "geo_easting": 407713.6, "geo_northing": 3283939.65, "inside_boundary": false, "verification_priority": "LOW", "priority_reason": "Outside corridor with high confidence (safe canopy) [Conf: 68.2%]", "priority_rank": 3 }, "geometry": { "type": "Point", "coordinates": [ 407713.599999999976717, 3283939.65 ] } },
{ "type": "Feature", "properties": { "tree_id": 144, "label": "Tree", "confidence": 0.6807, "pixel_xmin": 1145.0, "pixel_ymin": 738.0, "pixel_xmax": 1207.0, "pixel_ymax": 802.0, "pixel_center_x": 1176.0, "pixel_center_y": 770.0, "geo_easting": 407817.65, "geo_northing": 3283922.95, "inside_boundary": false, "verification_priority": "LOW", "priority_reason": "Outside corridor with high confidence (safe canopy) [Conf: 68.1%]", "priority_rank": 3 }, "geometry": { "type": "Point", "coordinates": [ 407817.650000000023283, 3283922.950000000186265 ] } },
{ "type": "Feature", "properties": { "tree_id": 145, "label": "Tree", "confidence": 0.6786, "pixel_xmin": 2100.0, "pixel_ymin": 1280.0, "pixel_xmax": 2131.0, "pixel_ymax": 1329.0, "pixel_center_x": 2115.5, "pixel_center_y": 1304.5, "geo_easting": 407911.6, "geo_northing": 3283869.5, "inside_boundary": false, "verification_priority": "LOW", "priority_reason": "Outside corridor with high confidence (safe canopy) [Conf: 67.9%]", "priority_rank": 3 }, "geometry": { "type": "Point", "coordinates": [ 407911.599999999976717, 3283869.5 ] } },
{ "type": "Feature", "properties": { "tree_id": 146, "label": "Tree", "confidence": 0.6781, "pixel_xmin": 300.0, "pixel_ymin": 1726.0, "pixel_xmax": 332.0, "pixel_ymax": 1779.0, "pixel_center_x": 316.0, "pixel_center_y": 1752.5, "geo_easting": 407731.65, "geo_northing": 3283824.7, "inside_boundary": true, "verification_priority": "MEDIUM", "priority_reason": "Inside project corridor (corridor impact, statutory check) [Conf: 67.8%]", "priority_rank": 2 }, "geometry": { "type": "Point", "coordinates": [ 407731.650000000023283, 3283824.700000000186265 ] } },
{ "type": "Feature", "properties": { "tree_id": 147, "label": "Tree", "confidence": 0.6777, "pixel_xmin": 978.0, "pixel_ymin": 1990.0, "pixel_xmax": 1028.0, "pixel_ymax": 2042.0, "pixel_center_x": 1003.0, "pixel_center_y": 2016.0, "geo_easting": 407800.35, "geo_northing": 3283798.35, "inside_boundary": false, "verification_priority": "LOW", "priority_reason": "Outside corridor with high confidence (safe canopy) [Conf: 67.8%]", "priority_rank": 3 }, "geometry": { "type": "Point", "coordinates": [ 407800.349999999976717, 3283798.35 ] } },
{ "type": "Feature", "properties": { "tree_id": 148, "label": "Tree", "confidence": 0.6775, "pixel_xmin": 794.0, "pixel_ymin": 254.0, "pixel_xmax": 862.0, "pixel_ymax": 327.0, "pixel_center_x": 828.0, "pixel_center_y": 290.5, "geo_easting": 407782.85, "geo_northing": 3283970.9, "inside_boundary": false, "verification_priority": "LOW", "priority_reason": "Outside corridor with high confidence (safe canopy) [Conf: 67.8%]", "priority_rank": 3 }, "geometry": { "type": "Point", "coordinates": [ 407782.849999999976717, 3283970.9 ] } },
{ "type": "Feature", "properties": { "tree_id": 149, "label": "Tree", "confidence": 0.6753, "pixel_xmin": 161.0, "pixel_ymin": 1246.0, "pixel_xmax": 189.0, "pixel_ymax": 1273.0, "pixel_center_x": 175.0, "pixel_center_y": 1259.5, "geo_easting": 407717.55, "geo_northing": 3283874.0, "inside_boundary": false, "verification_priority": "LOW", "priority_reason": "Outside corridor with high confidence (safe canopy) [Conf: 67.5%]", "priority_rank": 3 }, "geometry": { "type": "Point", "coordinates": [ 407717.549999999988358, 3283874.0 ] } },
{ "type": "Feature", "properties": { "tree_id": 150, "label": "Tree", "confidence": 0.6751, "pixel_xmin": 2400.0, "pixel_ymin": 1823.0, "pixel_xmax": 2449.0, "pixel_ymax": 1870.0, "pixel_center_x": 2424.5, "pixel_center_y": 1846.5, "geo_easting": 407942.5, "geo_northing": 3283815.3, "inside_boundary": false, "verification_priority": "LOW", "priority_reason": "Outside corridor with high confidence (safe canopy) [Conf: 67.5%]", "priority_rank": 3 }, "geometry": { "type": "Point", "coordinates": [ 407942.5, 3283815.299999999813735 ] } },
{ "type": "Feature", "properties": { "tree_id": 151, "label": "Tree", "confidence": 0.675, "pixel_xmin": 1223.0, "pixel_ymin": 1753.0, "pixel_xmax": 1270.0, "pixel_ymax": 1801.0, "pixel_center_x": 1246.5, "pixel_center_y": 1777.0, "geo_easting": 407824.7, "geo_northing": 3283822.25, "inside_boundary": false, "verification_priority": "LOW", "priority_reason": "Outside corridor with high confidence (safe canopy) [Conf: 67.5%]", "priority_rank": 3 }, "geometry": { "type": "Point", "coordinates": [ 407824.700000000011642, 3283822.25 ] } },
{ "type": "Feature", "properties": { "tree_id": 152, "label": "Tree", "confidence": 0.6743, "pixel_xmin": 1161.0, "pixel_ymin": 0.0, "pixel_xmax": 1225.0, "pixel_ymax": 42.0, "pixel_center_x": 1193.0, "pixel_center_y": 21.0, "geo_easting": 407819.35, "geo_northing": 3283997.85, "inside_boundary": false, "verification_priority": "LOW", "priority_reason": "Outside corridor with high confidence (safe canopy) [Conf: 67.4%]", "priority_rank": 3 }, "geometry": { "type": "Point", "coordinates": [ 407819.349999999976717, 3283997.85 ] } },
{ "type": "Feature", "properties": { "tree_id": 153, "label": "Tree", "confidence": 0.6741, "pixel_xmin": 1636.0, "pixel_ymin": 358.0, "pixel_xmax": 1675.0, "pixel_ymax": 398.0, "pixel_center_x": 1655.5, "pixel_center_y": 378.0, "geo_easting": 407865.6, "geo_northing": 3283962.15, "inside_boundary": false, "verification_priority": "LOW", "priority_reason": "Outside corridor with high confidence (safe canopy) [Conf: 67.4%]", "priority_rank": 3 }, "geometry": { "type": "Point", "coordinates": [ 407865.599999999976717, 3283962.15 ] } },
{ "type": "Feature", "properties": { "tree_id": 154, "label": "Tree", "confidence": 0.6738, "pixel_xmin": 295.0, "pixel_ymin": 1205.0, "pixel_xmax": 349.0, "pixel_ymax": 1255.0, "pixel_center_x": 322.0, "pixel_center_y": 1230.0, "geo_easting": 407732.25, "geo_northing": 3283876.95, "inside_boundary": false, "verification_priority": "LOW", "priority_reason": "Outside corridor with high confidence (safe canopy) [Conf: 67.4%]", "priority_rank": 3 }, "geometry": { "type": "Point", "coordinates": [ 407732.25, 3283876.950000000186265 ] } },
{ "type": "Feature", "properties": { "tree_id": 155, "label": "Tree", "confidence": 0.6725, "pixel_xmin": 2069.0, "pixel_ymin": 1954.0, "pixel_xmax": 2100.0, "pixel_ymax": 1988.0, "pixel_center_x": 2084.5, "pixel_center_y": 1971.0, "geo_easting": 407908.5, "geo_northing": 3283802.85, "inside_boundary": false, "verification_priority": "LOW", "priority_reason": "Outside corridor with high confidence (safe canopy) [Conf: 67.2%]", "priority_rank": 3 }, "geometry": { "type": "Point", "coordinates": [ 407908.5, 3283802.85 ] } },
{ "type": "Feature", "properties": { "tree_id": 156, "label": "Tree", "confidence": 0.6723, "pixel_xmin": 882.0, "pixel_ymin": 858.0, "pixel_xmax": 935.0, "pixel_ymax": 913.0, "pixel_center_x": 908.5, "pixel_center_y": 885.5, "geo_easting": 407790.9, "geo_northing": 3283911.4, "inside_boundary": false, "verification_priority": "LOW", "priority_reason": "Outside corridor with high confidence (safe canopy) [Conf: 67.2%]", "priority_rank": 3 }, "geometry": { "type": "Point", "coordinates": [ 407790.900000000023283, 3283911.4 ] } },
{ "type": "Feature", "properties": { "tree_id": 157, "label": "Tree", "confidence": 0.6722, "pixel_xmin": 1373.0, "pixel_ymin": 1169.0, "pixel_xmax": 1422.0, "pixel_ymax": 1218.0, "pixel_center_x": 1397.5, "pixel_center_y": 1193.5, "geo_easting": 407839.8, "geo_northing": 3283880.6, "inside_boundary": true, "verification_priority": "MEDIUM", "priority_reason": "Inside project corridor (corridor impact, statutory check) [Conf: 67.2%]", "priority_rank": 2 }, "geometry": { "type": "Point", "coordinates": [ 407839.799999999988358, 3283880.6 ] } },
{ "type": "Feature", "properties": { "tree_id": 158, "label": "Tree", "confidence": 0.6717, "pixel_xmin": 900.0, "pixel_ymin": 1747.0, "pixel_xmax": 931.0, "pixel_ymax": 1794.0, "pixel_center_x": 915.5, "pixel_center_y": 1770.5, "geo_easting": 407791.6, "geo_northing": 3283822.9, "inside_boundary": false, "verification_priority": "LOW", "priority_reason": "Outside corridor with high confidence (safe canopy) [Conf: 67.2%]", "priority_rank": 3 }, "geometry": { "type": "Point", "coordinates": [ 407791.599999999976717, 3283822.9 ] } },
{ "type": "Feature", "properties": { "tree_id": 159, "label": "Tree", "confidence": 0.6712, "pixel_xmin": 264.0, "pixel_ymin": 1670.0, "pixel_xmax": 293.0, "pixel_ymax": 1701.0, "pixel_center_x": 278.5, "pixel_center_y": 1685.5, "geo_easting": 407727.9, "geo_northing": 3283831.4, "inside_boundary": true, "verification_priority": "MEDIUM", "priority_reason": "Inside project corridor (corridor impact, statutory check) [Conf: 67.1%]", "priority_rank": 2 }, "geometry": { "type": "Point", "coordinates": [ 407727.900000000023283, 3283831.4 ] } },
{ "type": "Feature", "properties": { "tree_id": 160, "label": "Tree", "confidence": 0.6702, "pixel_xmin": 1771.0, "pixel_ymin": 2100.0, "pixel_xmax": 1808.0, "pixel_ymax": 2135.0, "pixel_center_x": 1789.5, "pixel_center_y": 2117.5, "geo_easting": 407879.0, "geo_northing": 3283788.2, "inside_boundary": false, "verification_priority": "LOW", "priority_reason": "Outside corridor with high confidence (safe canopy) [Conf: 67.0%]", "priority_rank": 3 }, "geometry": { "type": "Point", "coordinates": [ 407879.0, 3283788.200000000186265 ] } },
{ "type": "Feature", "properties": { "tree_id": 161, "label": "Tree", "confidence": 0.67, "pixel_xmin": 1646.0, "pixel_ymin": 1695.0, "pixel_xmax": 1684.0, "pixel_ymax": 1736.0, "pixel_center_x": 1665.0, "pixel_center_y": 1715.5, "geo_easting": 407866.55, "geo_northing": 3283828.4, "inside_boundary": false, "verification_priority": "LOW", "priority_reason": "Outside corridor with high confidence (safe canopy) [Conf: 67.0%]", "priority_rank": 3 }, "geometry": { "type": "Point", "coordinates": [ 407866.549999999988358, 3283828.4 ] } },
{ "type": "Feature", "properties": { "tree_id": 162, "label": "Tree", "confidence": 0.6698, "pixel_xmin": 1094.0, "pixel_ymin": 708.0, "pixel_xmax": 1138.0, "pixel_ymax": 754.0, "pixel_center_x": 1116.0, "pixel_center_y": 731.0, "geo_easting": 407811.65, "geo_northing": 3283926.85, "inside_boundary": false, "verification_priority": "LOW", "priority_reason": "Outside corridor with high confidence (safe canopy) [Conf: 67.0%]", "priority_rank": 3 }, "geometry": { "type": "Point", "coordinates": [ 407811.650000000023283, 3283926.85 ] } },
{ "type": "Feature", "properties": { "tree_id": 163, "label": "Tree", "confidence": 0.6693, "pixel_xmin": 1851.0, "pixel_ymin": 1884.0, "pixel_xmax": 1900.0, "pixel_ymax": 1939.0, "pixel_center_x": 1875.5, "pixel_center_y": 1911.5, "geo_easting": 407887.6, "geo_northing": 3283808.8, "inside_boundary": false, "verification_priority": "LOW", "priority_reason": "Outside corridor with high confidence (safe canopy) [Conf: 66.9%]", "priority_rank": 3 }, "geometry": { "type": "Point", "coordinates": [ 407887.599999999976717, 3283808.799999999813735 ] } },
{ "type": "Feature", "properties": { "tree_id": 164, "label": "Tree", "confidence": 0.6689, "pixel_xmin": 1993.0, "pixel_ymin": 2225.0, "pixel_xmax": 2020.0, "pixel_ymax": 2252.0, "pixel_center_x": 2006.5, "pixel_center_y": 2238.5, "geo_easting": 407900.7, "geo_northing": 3283776.1, "inside_boundary": false, "verification_priority": "LOW", "priority_reason": "Outside corridor with high confidence (safe canopy) [Conf: 66.9%]", "priority_rank": 3 }, "geometry": { "type": "Point", "coordinates": [ 407900.700000000011642, 3283776.1 ] } },
{ "type": "Feature", "properties": { "tree_id": 165, "label": "Tree", "confidence": 0.6677, "pixel_xmin": 1268.0, "pixel_ymin": 2184.0, "pixel_xmax": 1298.0, "pixel_ymax": 2200.0, "pixel_center_x": 1283.0, "pixel_center_y": 2192.0, "geo_easting": 407828.35, "geo_northing": 3283780.75, "inside_boundary": false, "verification_priority": "LOW", "priority_reason": "Outside corridor with high confidence (safe canopy) [Conf: 66.8%]", "priority_rank": 3 }, "geometry": { "type": "Point", "coordinates": [ 407828.349999999976717, 3283780.75 ] } },
{ "type": "Feature", "properties": { "tree_id": 166, "label": "Tree", "confidence": 0.6669, "pixel_xmin": 1089.0, "pixel_ymin": 1715.0, "pixel_xmax": 1126.0, "pixel_ymax": 1756.0, "pixel_center_x": 1107.5, "pixel_center_y": 1735.5, "geo_easting": 407810.8, "geo_northing": 3283826.4, "inside_boundary": false, "verification_priority": "LOW", "priority_reason": "Outside corridor with high confidence (safe canopy) [Conf: 66.7%]", "priority_rank": 3 }, "geometry": { "type": "Point", "coordinates": [ 407810.799999999988358, 3283826.4 ] } },
{ "type": "Feature", "properties": { "tree_id": 167, "label": "Tree", "confidence": 0.6666, "pixel_xmin": 1519.0, "pixel_ymin": 1800.0, "pixel_xmax": 1598.0, "pixel_ymax": 1867.0, "pixel_center_x": 1558.5, "pixel_center_y": 1833.5, "geo_easting": 407855.9, "geo_northing": 3283816.6, "inside_boundary": false, "verification_priority": "LOW", "priority_reason": "Outside corridor with high confidence (safe canopy) [Conf: 66.7%]", "priority_rank": 3 }, "geometry": { "type": "Point", "coordinates": [ 407855.900000000023283, 3283816.6 ] } },
{ "type": "Feature", "properties": { "tree_id": 168, "label": "Tree", "confidence": 0.6657, "pixel_xmin": 1323.0, "pixel_ymin": 1261.0, "pixel_xmax": 1398.0, "pixel_ymax": 1357.0, "pixel_center_x": 1360.5, "pixel_center_y": 1309.0, "geo_easting": 407836.1, "geo_northing": 3283869.05, "inside_boundary": true, "verification_priority": "MEDIUM", "priority_reason": "Inside project corridor (corridor impact, statutory check) [Conf: 66.6%]", "priority_rank": 2 }, "geometry": { "type": "Point", "coordinates": [ 407836.099999999976717, 3283869.049999999813735 ] } },
{ "type": "Feature", "properties": { "tree_id": 169, "label": "Tree", "confidence": 0.6657, "pixel_xmin": 855.0, "pixel_ymin": 215.0, "pixel_xmax": 918.0, "pixel_ymax": 277.0, "pixel_center_x": 886.5, "pixel_center_y": 246.0, "geo_easting": 407788.7, "geo_northing": 3283975.35, "inside_boundary": false, "verification_priority": "LOW", "priority_reason": "Outside corridor with high confidence (safe canopy) [Conf: 66.6%]", "priority_rank": 3 }, "geometry": { "type": "Point", "coordinates": [ 407788.700000000011642, 3283975.35 ] } },
{ "type": "Feature", "properties": { "tree_id": 170, "label": "Tree", "confidence": 0.6655, "pixel_xmin": 391.0, "pixel_ymin": 2172.0, "pixel_xmax": 442.0, "pixel_ymax": 2227.0, "pixel_center_x": 416.5, "pixel_center_y": 2199.5, "geo_easting": 407741.7, "geo_northing": 3283780.0, "inside_boundary": false, "verification_priority": "LOW", "priority_reason": "Outside corridor with high confidence (safe canopy) [Conf: 66.5%]", "priority_rank": 3 }, "geometry": { "type": "Point", "coordinates": [ 407741.700000000011642, 3283780.0 ] } },
{ "type": "Feature", "properties": { "tree_id": 171, "label": "Tree", "confidence": 0.6649, "pixel_xmin": 560.0, "pixel_ymin": 734.0, "pixel_xmax": 616.0, "pixel_ymax": 793.0, "pixel_center_x": 588.0, "pixel_center_y": 763.5, "geo_easting": 407758.85, "geo_northing": 3283923.6, "inside_boundary": false, "verification_priority": "LOW", "priority_reason": "Outside corridor with high confidence (safe canopy) [Conf: 66.5%]", "priority_rank": 3 }, "geometry": { "type": "Point", "coordinates": [ 407758.849999999976717, 3283923.6 ] } },
{ "type": "Feature", "properties": { "tree_id": 172, "label": "Tree", "confidence": 0.6641, "pixel_xmin": 921.0, "pixel_ymin": 1987.0, "pixel_xmax": 966.0, "pixel_ymax": 2033.0, "pixel_center_x": 943.5, "pixel_center_y": 2010.0, "geo_easting": 407794.4, "geo_northing": 3283798.95, "inside_boundary": false, "verification_priority": "LOW", "priority_reason": "Outside corridor with high confidence (safe canopy) [Conf: 66.4%]", "priority_rank": 3 }, "geometry": { "type": "Point", "coordinates": [ 407794.400000000023283, 3283798.950000000186265 ] } },
{ "type": "Feature", "properties": { "tree_id": 173, "label": "Tree", "confidence": 0.6632, "pixel_xmin": 482.0, "pixel_ymin": 2144.0, "pixel_xmax": 530.0, "pixel_ymax": 2191.0, "pixel_center_x": 506.0, "pixel_center_y": 2167.5, "geo_easting": 407750.65, "geo_northing": 3283783.2, "inside_boundary": false, "verification_priority": "LOW", "priority_reason": "Outside corridor with high confidence (safe canopy) [Conf: 66.3%]", "priority_rank": 3 }, "geometry": { "type": "Point", "coordinates": [ 407750.650000000023283, 3283783.200000000186265 ] } },
{ "type": "Feature", "properties": { "tree_id": 174, "label": "Tree", "confidence": 0.6628, "pixel_xmin": 1952.0, "pixel_ymin": 2026.0, "pixel_xmax": 1998.0, "pixel_ymax": 2074.0, "pixel_center_x": 1975.0, "pixel_center_y": 2050.0, "geo_easting": 407897.55, "geo_northing": 3283794.95, "inside_boundary": false, "verification_priority": "LOW", "priority_reason": "Outside corridor with high confidence (safe canopy) [Conf: 66.3%]", "priority_rank": 3 }, "geometry": { "type": "Point", "coordinates": [ 407897.549999999988358, 3283794.950000000186265 ] } },
{ "type": "Feature", "properties": { "tree_id": 175, "label": "Tree", "confidence": 0.6623, "pixel_xmin": 1168.0, "pixel_ymin": 275.0, "pixel_xmax": 1210.0, "pixel_ymax": 317.0, "pixel_center_x": 1189.0, "pixel_center_y": 296.0, "geo_easting": 407818.95, "geo_northing": 3283970.35, "inside_boundary": false, "verification_priority": "LOW", "priority_reason": "Outside corridor with high confidence (safe canopy) [Conf: 66.2%]", "priority_rank": 3 }, "geometry": { "type": "Point", "coordinates": [ 407818.950000000011642, 3283970.35 ] } },
{ "type": "Feature", "properties": { "tree_id": 176, "label": "Tree", "confidence": 0.6622, "pixel_xmin": 0.0, "pixel_ymin": 1755.0, "pixel_xmax": 34.0, "pixel_ymax": 1803.0, "pixel_center_x": 17.0, "pixel_center_y": 1779.0, "geo_easting": 407701.75, "geo_northing": 3283822.05, "inside_boundary": true, "verification_priority": "MEDIUM", "priority_reason": "Inside project corridor (corridor impact, statutory check) [Conf: 66.2%]", "priority_rank": 2 }, "geometry": { "type": "Point", "coordinates": [ 407701.75, 3283822.049999999813735 ] } },
{ "type": "Feature", "properties": { "tree_id": 177, "label": "Tree", "confidence": 0.661, "pixel_xmin": 646.0, "pixel_ymin": 1773.0, "pixel_xmax": 687.0, "pixel_ymax": 1819.0, "pixel_center_x": 666.5, "pixel_center_y": 1796.0, "geo_easting": 407766.7, "geo_northing": 3283820.35, "inside_boundary": false, "verification_priority": "LOW", "priority_reason": "Outside corridor with high confidence (safe canopy) [Conf: 66.1%]", "priority_rank": 3 }, "geometry": { "type": "Point", "coordinates": [ 407766.700000000011642, 3283820.35 ] } },
{ "type": "Feature", "properties": { "tree_id": 178, "label": "Tree", "confidence": 0.6594, "pixel_xmin": 1533.0, "pixel_ymin": 357.0, "pixel_xmax": 1571.0, "pixel_ymax": 398.0, "pixel_center_x": 1552.0, "pixel_center_y": 377.5, "geo_easting": 407855.25, "geo_northing": 3283962.2, "inside_boundary": false, "verification_priority": "LOW", "priority_reason": "Outside corridor with high confidence (safe canopy) [Conf: 65.9%]", "priority_rank": 3 }, "geometry": { "type": "Point", "coordinates": [ 407855.25, 3283962.200000000186265 ] } },
{ "type": "Feature", "properties": { "tree_id": 179, "label": "Tree", "confidence": 0.6592, "pixel_xmin": 431.0, "pixel_ymin": 1971.0, "pixel_xmax": 494.0, "pixel_ymax": 2032.0, "pixel_center_x": 462.5, "pixel_center_y": 2001.5, "geo_easting": 407746.3, "geo_northing": 3283799.8, "inside_boundary": false, "verification_priority": "LOW", "priority_reason": "Outside corridor with high confidence (safe canopy) [Conf: 65.9%]", "priority_rank": 3 }, "geometry": { "type": "Point", "coordinates": [ 407746.299999999988358, 3283799.799999999813735 ] } },
{ "type": "Feature", "properties": { "tree_id": 180, "label": "Tree", "confidence": 0.6591, "pixel_xmin": 437.0, "pixel_ymin": 131.0, "pixel_xmax": 496.0, "pixel_ymax": 194.0, "pixel_center_x": 466.5, "pixel_center_y": 162.5, "geo_easting": 407746.7, "geo_northing": 3283983.7, "inside_boundary": false, "verification_priority": "LOW", "priority_reason": "Outside corridor with high confidence (safe canopy) [Conf: 65.9%]", "priority_rank": 3 }, "geometry": { "type": "Point", "coordinates": [ 407746.700000000011642, 3283983.700000000186265 ] } },
{ "type": "Feature", "properties": { "tree_id": 181, "label": "Tree", "confidence": 0.6591, "pixel_xmin": 1356.0, "pixel_ymin": 1405.0, "pixel_xmax": 1392.0, "pixel_ymax": 1446.0, "pixel_center_x": 1374.0, "pixel_center_y": 1425.5, "geo_easting": 407837.45, "geo_northing": 3283857.4, "inside_boundary": true, "verification_priority": "MEDIUM", "priority_reason": "Inside project corridor (corridor impact, statutory check) [Conf: 65.9%]", "priority_rank": 2 }, "geometry": { "type": "Point", "coordinates": [ 407837.450000000011642, 3283857.4 ] } },
{ "type": "Feature", "properties": { "tree_id": 182, "label": "Tree", "confidence": 0.6589, "pixel_xmin": 14.0, "pixel_ymin": 522.0, "pixel_xmax": 79.0, "pixel_ymax": 587.0, "pixel_center_x": 46.5, "pixel_center_y": 554.5, "geo_easting": 407704.7, "geo_northing": 3283944.5, "inside_boundary": false, "verification_priority": "LOW", "priority_reason": "Outside corridor with high confidence (safe canopy) [Conf: 65.9%]", "priority_rank": 3 }, "geometry": { "type": "Point", "coordinates": [ 407704.700000000011642, 3283944.5 ] } },
{ "type": "Feature", "properties": { "tree_id": 183, "label": "Tree", "confidence": 0.6582, "pixel_xmin": 880.0, "pixel_ymin": 1339.0, "pixel_xmax": 950.0, "pixel_ymax": 1410.0, "pixel_center_x": 915.0, "pixel_center_y": 1374.5, "geo_easting": 407791.55, "geo_northing": 3283862.5, "inside_boundary": true, "verification_priority": "MEDIUM", "priority_reason": "Inside project corridor (corridor impact, statutory check) [Conf: 65.8%]", "priority_rank": 2 }, "geometry": { "type": "Point", "coordinates": [ 407791.549999999988358, 3283862.5 ] } },
{ "type": "Feature", "properties": { "tree_id": 184, "label": "Tree", "confidence": 0.6582, "pixel_xmin": 338.0, "pixel_ymin": 634.0, "pixel_xmax": 380.0, "pixel_ymax": 676.0, "pixel_center_x": 359.0, "pixel_center_y": 655.0, "geo_easting": 407735.95, "geo_northing": 3283934.45, "inside_boundary": false, "verification_priority": "LOW", "priority_reason": "Outside corridor with high confidence (safe canopy) [Conf: 65.8%]", "priority_rank": 3 }, "geometry": { "type": "Point", "coordinates": [ 407735.950000000011642, 3283934.450000000186265 ] } },
{ "type": "Feature", "properties": { "tree_id": 185, "label": "Tree", "confidence": 0.6576, "pixel_xmin": 635.0, "pixel_ymin": 830.0, "pixel_xmax": 759.0, "pixel_ymax": 967.0, "pixel_center_x": 697.0, "pixel_center_y": 898.5, "geo_easting": 407769.75, "geo_northing": 3283910.1, "inside_boundary": false, "verification_priority": "LOW", "priority_reason": "Outside corridor with high confidence (safe canopy) [Conf: 65.8%]", "priority_rank": 3 }, "geometry": { "type": "Point", "coordinates": [ 407769.75, 3283910.1 ] } },
{ "type": "Feature", "properties": { "tree_id": 186, "label": "Tree", "confidence": 0.6575, "pixel_xmin": 216.0, "pixel_ymin": 232.0, "pixel_xmax": 275.0, "pixel_ymax": 290.0, "pixel_center_x": 245.5, "pixel_center_y": 261.0, "geo_easting": 407724.6, "geo_northing": 3283973.85, "inside_boundary": false, "verification_priority": "LOW", "priority_reason": "Outside corridor with high confidence (safe canopy) [Conf: 65.8%]", "priority_rank": 3 }, "geometry": { "type": "Point", "coordinates": [ 407724.599999999976717, 3283973.85 ] } },
{ "type": "Feature", "properties": { "tree_id": 187, "label": "Tree", "confidence": 0.6574, "pixel_xmin": 2102.0, "pixel_ymin": 1822.0, "pixel_xmax": 2148.0, "pixel_ymax": 1871.0, "pixel_center_x": 2125.0, "pixel_center_y": 1846.5, "geo_easting": 407912.55, "geo_northing": 3283815.3, "inside_boundary": false, "verification_priority": "LOW", "priority_reason": "Outside corridor with high confidence (safe canopy) [Conf: 65.7%]", "priority_rank": 3 }, "geometry": { "type": "Point", "coordinates": [ 407912.549999999988358, 3283815.299999999813735 ] } },
{ "type": "Feature", "properties": { "tree_id": 188, "label": "Tree", "confidence": 0.6573, "pixel_xmin": 1471.0, "pixel_ymin": 2429.0, "pixel_xmax": 1509.0, "pixel_ymax": 2469.0, "pixel_center_x": 1490.0, "pixel_center_y": 2449.0, "geo_easting": 407849.05, "geo_northing": 3283755.05, "inside_boundary": false, "verification_priority": "LOW", "priority_reason": "Outside corridor with high confidence (safe canopy) [Conf: 65.7%]", "priority_rank": 3 }, "geometry": { "type": "Point", "coordinates": [ 407849.049999999988358, 3283755.049999999813735 ] } },
{ "type": "Feature", "properties": { "tree_id": 189, "label": "Tree", "confidence": 0.6572, "pixel_xmin": 1308.0, "pixel_ymin": 205.0, "pixel_xmax": 1370.0, "pixel_ymax": 268.0, "pixel_center_x": 1339.0, "pixel_center_y": 236.5, "geo_easting": 407833.95, "geo_northing": 3283976.3, "inside_boundary": false, "verification_priority": "LOW", "priority_reason": "Outside corridor with high confidence (safe canopy) [Conf: 65.7%]", "priority_rank": 3 }, "geometry": { "type": "Point", "coordinates": [ 407833.950000000011642, 3283976.299999999813735 ] } },
{ "type": "Feature", "properties": { "tree_id": 190, "label": "Tree", "confidence": 0.657, "pixel_xmin": 805.0, "pixel_ymin": 2064.0, "pixel_xmax": 862.0, "pixel_ymax": 2128.0, "pixel_center_x": 833.5, "pixel_center_y": 2096.0, "geo_easting": 407783.4, "geo_northing": 3283790.35, "inside_boundary": false, "verification_priority": "LOW", "priority_reason": "Outside corridor with high confidence (safe canopy) [Conf: 65.7%]", "priority_rank": 3 }, "geometry": { "type": "Point", "coordinates": [ 407783.400000000023283, 3283790.35 ] } },
{ "type": "Feature", "properties": { "tree_id": 191, "label": "Tree", "confidence": 0.6562, "pixel_xmin": 106.0, "pixel_ymin": 1745.0, "pixel_xmax": 145.0, "pixel_ymax": 1786.0, "pixel_center_x": 125.5, "pixel_center_y": 1765.5, "geo_easting": 407712.6, "geo_northing": 3283823.4, "inside_boundary": true, "verification_priority": "MEDIUM", "priority_reason": "Inside project corridor (corridor impact, statutory check) [Conf: 65.6%]", "priority_rank": 2 }, "geometry": { "type": "Point", "coordinates": [ 407712.599999999976717, 3283823.4 ] } },
{ "type": "Feature", "properties": { "tree_id": 192, "label": "Tree", "confidence": 0.6552, "pixel_xmin": 1159.0, "pixel_ymin": 1781.0, "pixel_xmax": 1199.0, "pixel_ymax": 1822.0, "pixel_center_x": 1179.0, "pixel_center_y": 1801.5, "geo_easting": 407817.95, "geo_northing": 3283819.8, "inside_boundary": false, "verification_priority": "LOW", "priority_reason": "Outside corridor with high confidence (safe canopy) [Conf: 65.5%]", "priority_rank": 3 }, "geometry": { "type": "Point", "coordinates": [ 407817.950000000011642, 3283819.799999999813735 ] } },
{ "type": "Feature", "properties": { "tree_id": 193, "label": "Tree", "confidence": 0.6551, "pixel_xmin": 317.0, "pixel_ymin": 1278.0, "pixel_xmax": 349.0, "pixel_ymax": 1300.0, "pixel_center_x": 333.0, "pixel_center_y": 1289.0, "geo_easting": 407733.35, "geo_northing": 3283871.05, "inside_boundary": true, "verification_priority": "MEDIUM", "priority_reason": "Inside project corridor (corridor impact, statutory check) [Conf: 65.5%]", "priority_rank": 2 }, "geometry": { "type": "Point", "coordinates": [ 407733.349999999976717, 3283871.049999999813735 ] } },
{ "type": "Feature", "properties": { "tree_id": 194, "label": "Tree", "confidence": 0.6549, "pixel_xmin": 647.0, "pixel_ymin": 2266.0, "pixel_xmax": 680.0, "pixel_ymax": 2295.0, "pixel_center_x": 663.5, "pixel_center_y": 2280.5, "geo_easting": 407766.4, "geo_northing": 3283771.9, "inside_boundary": false, "verification_priority": "LOW", "priority_reason": "Outside corridor with high confidence (safe canopy) [Conf: 65.5%]", "priority_rank": 3 }, "geometry": { "type": "Point", "coordinates": [ 407766.400000000023283, 3283771.9 ] } },
{ "type": "Feature", "properties": { "tree_id": 195, "label": "Tree", "confidence": 0.6548, "pixel_xmin": 537.0, "pixel_ymin": 1458.0, "pixel_xmax": 580.0, "pixel_ymax": 1501.0, "pixel_center_x": 558.5, "pixel_center_y": 1479.5, "geo_easting": 407755.9, "geo_northing": 3283852.0, "inside_boundary": true, "verification_priority": "MEDIUM", "priority_reason": "Inside project corridor (corridor impact, statutory check) [Conf: 65.5%]", "priority_rank": 2 }, "geometry": { "type": "Point", "coordinates": [ 407755.900000000023283, 3283852.0 ] } },
{ "type": "Feature", "properties": { "tree_id": 196, "label": "Tree", "confidence": 0.6545, "pixel_xmin": 466.0, "pixel_ymin": 668.0, "pixel_xmax": 529.0, "pixel_ymax": 700.0, "pixel_center_x": 497.5, "pixel_center_y": 684.0, "geo_easting": 407749.8, "geo_northing": 3283931.55, "inside_boundary": false, "verification_priority": "LOW", "priority_reason": "Outside corridor with high confidence (safe canopy) [Conf: 65.5%]", "priority_rank": 3 }, "geometry": { "type": "Point", "coordinates": [ 407749.799999999988358, 3283931.549999999813735 ] } },
{ "type": "Feature", "properties": { "tree_id": 197, "label": "Tree", "confidence": 0.6544, "pixel_xmin": 1215.0, "pixel_ymin": 2433.0, "pixel_xmax": 1286.0, "pixel_ymax": 2498.0, "pixel_center_x": 1250.5, "pixel_center_y": 2465.5, "geo_easting": 407825.1, "geo_northing": 3283753.4, "inside_boundary": false, "verification_priority": "LOW", "priority_reason": "Outside corridor with high confidence (safe canopy) [Conf: 65.4%]", "priority_rank": 3 }, "geometry": { "type": "Point", "coordinates": [ 407825.099999999976717, 3283753.4 ] } },
{ "type": "Feature", "properties": { "tree_id": 198, "label": "Tree", "confidence": 0.6544, "pixel_xmin": 272.0, "pixel_ymin": 2366.0, "pixel_xmax": 323.0, "pixel_ymax": 2415.0, "pixel_center_x": 297.5, "pixel_center_y": 2390.5, "geo_easting": 407729.8, "geo_northing": 3283760.9, "inside_boundary": false, "verification_priority": "LOW", "priority_reason": "Outside corridor with high confidence (safe canopy) [Conf: 65.4%]", "priority_rank": 3 }, "geometry": { "type": "Point", "coordinates": [ 407729.799999999988358, 3283760.9 ] } },
{ "type": "Feature", "properties": { "tree_id": 199, "label": "Tree", "confidence": 0.6544, "pixel_xmin": 363.0, "pixel_ymin": 98.0, "pixel_xmax": 400.0, "pixel_ymax": 150.0, "pixel_center_x": 381.5, "pixel_center_y": 124.0, "geo_easting": 407738.2, "geo_northing": 3283987.55, "inside_boundary": false, "verification_priority": "LOW", "priority_reason": "Outside corridor with high confidence (safe canopy) [Conf: 65.4%]", "priority_rank": 3 }, "geometry": { "type": "Point", "coordinates": [ 407738.200000000011642, 3283987.549999999813735 ] } },
{ "type": "Feature", "properties": { "tree_id": 200, "label": "Tree", "confidence": 0.654, "pixel_xmin": 1306.0, "pixel_ymin": 2101.0, "pixel_xmax": 1360.0, "pixel_ymax": 2152.0, "pixel_center_x": 1333.0, "pixel_center_y": 2126.5, "geo_easting": 407833.35, "geo_northing": 3283787.3, "inside_boundary": false, "verification_priority": "LOW", "priority_reason": "Outside corridor with high confidence (safe canopy) [Conf: 65.4%]", "priority_rank": 3 }, "geometry": { "type": "Point", "coordinates": [ 407833.349999999976717, 3283787.299999999813735 ] } },
{ "type": "Feature", "properties": { "tree_id": 201, "label": "Tree", "confidence": 0.654, "pixel_xmin": 495.0, "pixel_ymin": 2352.0, "pixel_xmax": 536.0, "pixel_ymax": 2393.0, "pixel_center_x": 515.5, "pixel_center_y": 2372.5, "geo_easting": 407751.6, "geo_northing": 3283762.7, "inside_boundary": false, "verification_priority": "LOW", "priority_reason": "Outside corridor with high confidence (safe canopy) [Conf: 65.4%]", "priority_rank": 3 }, "geometry": { "type": "Point", "coordinates": [ 407751.599999999976717, 3283762.700000000186265 ] } },
{ "type": "Feature", "properties": { "tree_id": 202, "label": "Tree", "confidence": 0.6539, "pixel_xmin": 2115.0, "pixel_ymin": 768.0, "pixel_xmax": 2167.0, "pixel_ymax": 819.0, "pixel_center_x": 2141.0, "pixel_center_y": 793.5, "geo_easting": 407914.15, "geo_northing": 3283920.6, "inside_boundary": true, "verification_priority": "MEDIUM", "priority_reason": "Inside project corridor (corridor impact, statutory check) [Conf: 65.4%]", "priority_rank": 2 }, "geometry": { "type": "Point", "coordinates": [ 407914.150000000023283, 3283920.6 ] } },
{ "type": "Feature", "properties": { "tree_id": 203, "label": "Tree", "confidence": 0.6535, "pixel_xmin": 743.0, "pixel_ymin": 1496.0, "pixel_xmax": 835.0, "pixel_ymax": 1594.0, "pixel_center_x": 789.0, "pixel_center_y": 1545.0, "geo_easting": 407778.95, "geo_northing": 3283845.45, "inside_boundary": true, "verification_priority": "MEDIUM", "priority_reason": "Inside project corridor (corridor impact, statutory check) [Conf: 65.3%]", "priority_rank": 2 }, "geometry": { "type": "Point", "coordinates": [ 407778.950000000011642, 3283845.450000000186265 ] } },
{ "type": "Feature", "properties": { "tree_id": 204, "label": "Tree", "confidence": 0.6535, "pixel_xmin": 2230.0, "pixel_ymin": 1340.0, "pixel_xmax": 2283.0, "pixel_ymax": 1397.0, "pixel_center_x": 2256.5, "pixel_center_y": 1368.5, "geo_easting": 407925.7, "geo_northing": 3283863.1, "inside_boundary": false, "verification_priority": "LOW", "priority_reason": "Outside corridor with high confidence (safe canopy) [Conf: 65.3%]", "priority_rank": 3 }, "geometry": { "type": "Point", "coordinates": [ 407925.700000000011642, 3283863.1 ] } },
{ "type": "Feature", "properties": { "tree_id": 205, "label": "Tree", "confidence": 0.653, "pixel_xmin": 216.0, "pixel_ymin": 2470.0, "pixel_xmax": 260.0, "pixel_ymax": 2500.0, "pixel_center_x": 238.0, "pixel_center_y": 2485.0, "geo_easting": 407723.85, "geo_northing": 3283751.45, "inside_boundary": false, "verification_priority": "LOW", "priority_reason": "Outside corridor with high confidence (safe canopy) [Conf: 65.3%]", "priority_rank": 3 }, "geometry": { "type": "Point", "coordinates": [ 407723.849999999976717, 3283751.450000000186265 ] } },
{ "type": "Feature", "properties": { "tree_id": 206, "label": "Tree", "confidence": 0.6526, "pixel_xmin": 388.0, "pixel_ymin": 1752.0, "pixel_xmax": 438.0, "pixel_ymax": 1800.0, "pixel_center_x": 413.0, "pixel_center_y": 1776.0, "geo_easting": 407741.35, "geo_northing": 3283822.35, "inside_boundary": true, "verification_priority": "MEDIUM", "priority_reason": "Inside project corridor (corridor impact, statutory check) [Conf: 65.3%]", "priority_rank": 2 }, "geometry": { "type": "Point", "coordinates": [ 407741.349999999976717, 3283822.35 ] } },
{ "type": "Feature", "properties": { "tree_id": 207, "label": "Tree", "confidence": 0.6515, "pixel_xmin": 1024.0, "pixel_ymin": 420.0, "pixel_xmax": 1064.0, "pixel_ymax": 461.0, "pixel_center_x": 1044.0, "pixel_center_y": 440.5, "geo_easting": 407804.45, "geo_northing": 3283955.9, "inside_boundary": false, "verification_priority": "LOW", "priority_reason": "Outside corridor with high confidence (safe canopy) [Conf: 65.1%]", "priority_rank": 3 }, "geometry": { "type": "Point", "coordinates": [ 407804.450000000011642, 3283955.9 ] } },
{ "type": "Feature", "properties": { "tree_id": 208, "label": "Tree", "confidence": 0.6495, "pixel_xmin": 238.0, "pixel_ymin": 1255.0, "pixel_xmax": 280.0, "pixel_ymax": 1298.0, "pixel_center_x": 259.0, "pixel_center_y": 1276.5, "geo_easting": 407725.95, "geo_northing": 3283872.3, "inside_boundary": false, "verification_priority": "LOW", "priority_reason": "Outside corridor with high confidence (safe canopy) [Conf: 65.0%]", "priority_rank": 3 }, "geometry": { "type": "Point", "coordinates": [ 407725.950000000011642, 3283872.299999999813735 ] } },
{ "type": "Feature", "properties": { "tree_id": 209, "label": "Tree", "confidence": 0.6488, "pixel_xmin": 277.0, "pixel_ymin": 735.0, "pixel_xmax": 366.0, "pixel_ymax": 820.0, "pixel_center_x": 321.5, "pixel_center_y": 777.5, "geo_easting": 407732.2, "geo_northing": 3283922.2, "inside_boundary": false, "verification_priority": "LOW", "priority_reason": "Outside corridor with high confidence (safe canopy) [Conf: 64.9%]", "priority_rank": 3 }, "geometry": { "type": "Point", "coordinates": [ 407732.200000000011642, 3283922.200000000186265 ] } },
{ "type": "Feature", "properties": { "tree_id": 210, "label": "Tree", "confidence": 0.6485, "pixel_xmin": 322.0, "pixel_ymin": 1596.0, "pixel_xmax": 359.0, "pixel_ymax": 1636.0, "pixel_center_x": 340.5, "pixel_center_y": 1616.0, "geo_easting": 407734.1, "geo_northing": 3283838.35, "inside_boundary": true, "verification_priority": "MEDIUM", "priority_reason": "Inside project corridor (corridor impact, statutory check) [Conf: 64.8%]", "priority_rank": 2 }, "geometry": { "type": "Point", "coordinates": [ 407734.099999999976717, 3283838.35 ] } },
{ "type": "Feature", "properties": { "tree_id": 211, "label": "Tree", "confidence": 0.6482, "pixel_xmin": 1320.0, "pixel_ymin": 1640.0, "pixel_xmax": 1351.0, "pixel_ymax": 1674.0, "pixel_center_x": 1335.5, "pixel_center_y": 1657.0, "geo_easting": 407833.6, "geo_northing": 3283834.25, "inside_boundary": false, "verification_priority": "LOW", "priority_reason": "Outside corridor with high confidence (safe canopy) [Conf: 64.8%]", "priority_rank": 3 }, "geometry": { "type": "Point", "coordinates": [ 407833.599999999976717, 3283834.25 ] } },
{ "type": "Feature", "properties": { "tree_id": 212, "label": "Tree", "confidence": 0.6474, "pixel_xmin": 31.0, "pixel_ymin": 1657.0, "pixel_xmax": 69.0, "pixel_ymax": 1696.0, "pixel_center_x": 50.0, "pixel_center_y": 1676.5, "geo_easting": 407705.05, "geo_northing": 3283832.3, "inside_boundary": true, "verification_priority": "MEDIUM", "priority_reason": "Inside project corridor (corridor impact, statutory check) [Conf: 64.7%]", "priority_rank": 2 }, "geometry": { "type": "Point", "coordinates": [ 407705.049999999988358, 3283832.299999999813735 ] } },
{ "type": "Feature", "properties": { "tree_id": 213, "label": "Tree", "confidence": 0.6471, "pixel_xmin": 431.0, "pixel_ymin": 1821.0, "pixel_xmax": 470.0, "pixel_ymax": 1862.0, "pixel_center_x": 450.5, "pixel_center_y": 1841.5, "geo_easting": 407745.1, "geo_northing": 3283815.8, "inside_boundary": false, "verification_priority": "LOW", "priority_reason": "Outside corridor with high confidence (safe canopy) [Conf: 64.7%]", "priority_rank": 3 }, "geometry": { "type": "Point", "coordinates": [ 407745.099999999976717, 3283815.799999999813735 ] } },
{ "type": "Feature", "properties": { "tree_id": 214, "label": "Tree", "confidence": 0.6465, "pixel_xmin": 1039.0, "pixel_ymin": 1887.0, "pixel_xmax": 1092.0, "pixel_ymax": 1946.0, "pixel_center_x": 1065.5, "pixel_center_y": 1916.5, "geo_easting": 407806.6, "geo_northing": 3283808.3, "inside_boundary": false, "verification_priority": "LOW", "priority_reason": "Outside corridor with high confidence (safe canopy) [Conf: 64.6%]", "priority_rank": 3 }, "geometry": { "type": "Point", "coordinates": [ 407806.599999999976717, 3283808.299999999813735 ] } },
{ "type": "Feature", "properties": { "tree_id": 215, "label": "Tree", "confidence": 0.6464, "pixel_xmin": 485.0, "pixel_ymin": 1818.0, "pixel_xmax": 517.0, "pixel_ymax": 1855.0, "pixel_center_x": 501.0, "pixel_center_y": 1836.5, "geo_easting": 407750.15, "geo_northing": 3283816.3, "inside_boundary": false, "verification_priority": "LOW", "priority_reason": "Outside corridor with high confidence (safe canopy) [Conf: 64.6%]", "priority_rank": 3 }, "geometry": { "type": "Point", "coordinates": [ 407750.150000000023283, 3283816.299999999813735 ] } },
{ "type": "Feature", "properties": { "tree_id": 216, "label": "Tree", "confidence": 0.6461, "pixel_xmin": 1483.0, "pixel_ymin": 1554.0, "pixel_xmax": 1524.0, "pixel_ymax": 1595.0, "pixel_center_x": 1503.5, "pixel_center_y": 1574.5, "geo_easting": 407850.4, "geo_northing": 3283842.5, "inside_boundary": false, "verification_priority": "LOW", "priority_reason": "Outside corridor with high confidence (safe canopy) [Conf: 64.6%]", "priority_rank": 3 }, "geometry": { "type": "Point", "coordinates": [ 407850.400000000023283, 3283842.5 ] } },
{ "type": "Feature", "properties": { "tree_id": 217, "label": "Tree", "confidence": 0.6457, "pixel_xmin": 324.0, "pixel_ymin": 2472.0, "pixel_xmax": 346.0, "pixel_ymax": 2497.0, "pixel_center_x": 335.0, "pixel_center_y": 2484.5, "geo_easting": 407733.55, "geo_northing": 3283751.5, "inside_boundary": false, "verification_priority": "LOW", "priority_reason": "Outside corridor with high confidence (safe canopy) [Conf: 64.6%]", "priority_rank": 3 }, "geometry": { "type": "Point", "coordinates": [ 407733.549999999988358, 3283751.5 ] } },
{ "type": "Feature", "properties": { "tree_id": 218, "label": "Tree", "confidence": 0.6454, "pixel_xmin": 1388.0, "pixel_ymin": 1364.0, "pixel_xmax": 1441.0, "pixel_ymax": 1417.0, "pixel_center_x": 1414.5, "pixel_center_y": 1390.5, "geo_easting": 407841.5, "geo_northing": 3283860.9, "inside_boundary": true, "verification_priority": "MEDIUM", "priority_reason": "Inside project corridor (corridor impact, statutory check) [Conf: 64.5%]", "priority_rank": 2 }, "geometry": { "type": "Point", "coordinates": [ 407841.5, 3283860.9 ] } },
{ "type": "Feature", "properties": { "tree_id": 219, "label": "Tree", "confidence": 0.6436, "pixel_xmin": 561.0, "pixel_ymin": 5.0, "pixel_xmax": 620.0, "pixel_ymax": 66.0, "pixel_center_x": 590.5, "pixel_center_y": 35.5, "geo_easting": 407759.1, "geo_northing": 3283996.4, "inside_boundary": false, "verification_priority": "LOW", "priority_reason": "Outside corridor with high confidence (safe canopy) [Conf: 64.4%]", "priority_rank": 3 }, "geometry": { "type": "Point", "coordinates": [ 407759.099999999976717, 3283996.4 ] } },
{ "type": "Feature", "properties": { "tree_id": 220, "label": "Tree", "confidence": 0.6421, "pixel_xmin": 986.0, "pixel_ymin": 530.0, "pixel_xmax": 1058.0, "pixel_ymax": 606.0, "pixel_center_x": 1022.0, "pixel_center_y": 568.0, "geo_easting": 407802.25, "geo_northing": 3283943.15, "inside_boundary": false, "verification_priority": "LOW", "priority_reason": "Outside corridor with high confidence (safe canopy) [Conf: 64.2%]", "priority_rank": 3 }, "geometry": { "type": "Point", "coordinates": [ 407802.25, 3283943.15 ] } },
{ "type": "Feature", "properties": { "tree_id": 221, "label": "Tree", "confidence": 0.642, "pixel_xmin": 2284.0, "pixel_ymin": 2070.0, "pixel_xmax": 2344.0, "pixel_ymax": 2134.0, "pixel_center_x": 2314.0, "pixel_center_y": 2102.0, "geo_easting": 407931.45, "geo_northing": 3283789.75, "inside_boundary": false, "verification_priority": "LOW", "priority_reason": "Outside corridor with high confidence (safe canopy) [Conf: 64.2%]", "priority_rank": 3 }, "geometry": { "type": "Point", "coordinates": [ 407931.450000000011642, 3283789.75 ] } },
{ "type": "Feature", "properties": { "tree_id": 222, "label": "Tree", "confidence": 0.6418, "pixel_xmin": 151.0, "pixel_ymin": 765.0, "pixel_xmax": 184.0, "pixel_ymax": 797.0, "pixel_center_x": 167.5, "pixel_center_y": 781.0, "geo_easting": 407716.8, "geo_northing": 3283921.85, "inside_boundary": false, "verification_priority": "LOW", "priority_reason": "Outside corridor with high confidence (safe canopy) [Conf: 64.2%]", "priority_rank": 3 }, "geometry": { "type": "Point", "coordinates": [ 407716.799999999988358, 3283921.85 ] } },
{ "type": "Feature", "properties": { "tree_id": 223, "label": "Tree", "confidence": 0.6417, "pixel_xmin": 1801.0, "pixel_ymin": 1846.0, "pixel_xmax": 1847.0, "pixel_ymax": 1892.0, "pixel_center_x": 1824.0, "pixel_center_y": 1869.0, "geo_easting": 407882.45, "geo_northing": 3283813.05, "inside_boundary": false, "verification_priority": "LOW", "priority_reason": "Outside corridor with high confidence (safe canopy) [Conf: 64.2%]", "priority_rank": 3 }, "geometry": { "type": "Point", "coordinates": [ 407882.450000000011642, 3283813.049999999813735 ] } },
{ "type": "Feature", "properties": { "tree_id": 224, "label": "Tree", "confidence": 0.6416, "pixel_xmin": 816.0, "pixel_ymin": 882.0, "pixel_xmax": 856.0, "pixel_ymax": 920.0, "pixel_center_x": 836.0, "pixel_center_y": 901.0, "geo_easting": 407783.65, "geo_northing": 3283909.85, "inside_boundary": false, "verification_priority": "LOW", "priority_reason": "Outside corridor with high confidence (safe canopy) [Conf: 64.2%]", "priority_rank": 3 }, "geometry": { "type": "Point", "coordinates": [ 407783.650000000023283, 3283909.85 ] } },
{ "type": "Feature", "properties": { "tree_id": 225, "label": "Tree", "confidence": 0.6414, "pixel_xmin": 748.0, "pixel_ymin": 606.0, "pixel_xmax": 782.0, "pixel_ymax": 639.0, "pixel_center_x": 765.0, "pixel_center_y": 622.5, "geo_easting": 407776.55, "geo_northing": 3283937.7, "inside_boundary": false, "verification_priority": "LOW", "priority_reason": "Outside corridor with high confidence (safe canopy) [Conf: 64.1%]", "priority_rank": 3 }, "geometry": { "type": "Point", "coordinates": [ 407776.549999999988358, 3283937.700000000186265 ] } },
{ "type": "Feature", "properties": { "tree_id": 226, "label": "Tree", "confidence": 0.6404, "pixel_xmin": 1642.0, "pixel_ymin": 2139.0, "pixel_xmax": 1713.0, "pixel_ymax": 2196.0, "pixel_center_x": 1677.5, "pixel_center_y": 2167.5, "geo_easting": 407867.8, "geo_northing": 3283783.2, "inside_boundary": false, "verification_priority": "LOW", "priority_reason": "Outside corridor with high confidence (safe canopy) [Conf: 64.0%]", "priority_rank": 3 }, "geometry": { "type": "Point", "coordinates": [ 407867.799999999988358, 3283783.200000000186265 ] } },
{ "type": "Feature", "properties": { "tree_id": 227, "label": "Tree", "confidence": 0.64, "pixel_xmin": 661.0, "pixel_ymin": 38.0, "pixel_xmax": 727.0, "pixel_ymax": 103.0, "pixel_center_x": 694.0, "pixel_center_y": 70.5, "geo_easting": 407769.45, "geo_northing": 3283992.9, "inside_boundary": false, "verification_priority": "LOW", "priority_reason": "Outside corridor with high confidence (safe canopy) [Conf: 64.0%]", "priority_rank": 3 }, "geometry": { "type": "Point", "coordinates": [ 407769.450000000011642, 3283992.9 ] } },
{ "type": "Feature", "properties": { "tree_id": 228, "label": "Tree", "confidence": 0.639, "pixel_xmin": 829.0, "pixel_ymin": 1815.0, "pixel_xmax": 880.0, "pixel_ymax": 1867.0, "pixel_center_x": 854.5, "pixel_center_y": 1841.0, "geo_easting": 407785.5, "geo_northing": 3283815.85, "inside_boundary": false, "verification_priority": "LOW", "priority_reason": "Outside corridor with high confidence (safe canopy) [Conf: 63.9%]", "priority_rank": 3 }, "geometry": { "type": "Point", "coordinates": [ 407785.5, 3283815.85 ] } },
{ "type": "Feature", "properties": { "tree_id": 229, "label": "Tree", "confidence": 0.6388, "pixel_xmin": 600.0, "pixel_ymin": 2176.0, "pixel_xmax": 637.0, "pixel_ymax": 2220.0, "pixel_center_x": 618.5, "pixel_center_y": 2198.0, "geo_easting": 407761.9, "geo_northing": 3283780.15, "inside_boundary": false, "verification_priority": "LOW", "priority_reason": "Outside corridor with high confidence (safe canopy) [Conf: 63.9%]", "priority_rank": 3 }, "geometry": { "type": "Point", "coordinates": [ 407761.900000000023283, 3283780.15 ] } },
{ "type": "Feature", "properties": { "tree_id": 230, "label": "Tree", "confidence": 0.6383, "pixel_xmin": 1081.0, "pixel_ymin": 525.0, "pixel_xmax": 1126.0, "pixel_ymax": 570.0, "pixel_center_x": 1103.5, "pixel_center_y": 547.5, "geo_easting": 407810.4, "geo_northing": 3283945.2, "inside_boundary": false, "verification_priority": "LOW", "priority_reason": "Outside corridor with high confidence (safe canopy) [Conf: 63.8%]", "priority_rank": 3 }, "geometry": { "type": "Point", "coordinates": [ 407810.400000000023283, 3283945.200000000186265 ] } },
{ "type": "Feature", "properties": { "tree_id": 231, "label": "Tree", "confidence": 0.6382, "pixel_xmin": 373.0, "pixel_ymin": 1992.0, "pixel_xmax": 400.0, "pixel_ymax": 2038.0, "pixel_center_x": 386.5, "pixel_center_y": 2015.0, "geo_easting": 407738.7, "geo_northing": 3283798.45, "inside_boundary": false, "verification_priority": "LOW", "priority_reason": "Outside corridor with high confidence (safe canopy) [Conf: 63.8%]", "priority_rank": 3 }, "geometry": { "type": "Point", "coordinates": [ 407738.700000000011642, 3283798.450000000186265 ] } },
{ "type": "Feature", "properties": { "tree_id": 232, "label": "Tree", "confidence": 0.6381, "pixel_xmin": 317.0, "pixel_ymin": 1893.0, "pixel_xmax": 358.0, "pixel_ymax": 1937.0, "pixel_center_x": 337.5, "pixel_center_y": 1915.0, "geo_easting": 407733.8, "geo_northing": 3283808.45, "inside_boundary": false, "verification_priority": "LOW", "priority_reason": "Outside corridor with high confidence (safe canopy) [Conf: 63.8%]", "priority_rank": 3 }, "geometry": { "type": "Point", "coordinates": [ 407733.799999999988358, 3283808.450000000186265 ] } },
{ "type": "Feature", "properties": { "tree_id": 233, "label": "Tree", "confidence": 0.638, "pixel_xmin": 2214.0, "pixel_ymin": 1987.0, "pixel_xmax": 2261.0, "pixel_ymax": 2036.0, "pixel_center_x": 2237.5, "pixel_center_y": 2011.5, "geo_easting": 407923.8, "geo_northing": 3283798.8, "inside_boundary": false, "verification_priority": "LOW", "priority_reason": "Outside corridor with high confidence (safe canopy) [Conf: 63.8%]", "priority_rank": 3 }, "geometry": { "type": "Point", "coordinates": [ 407923.799999999988358, 3283798.799999999813735 ] } },
{ "type": "Feature", "properties": { "tree_id": 234, "label": "Tree", "confidence": 0.638, "pixel_xmin": 1204.0, "pixel_ymin": 829.0, "pixel_xmax": 1248.0, "pixel_ymax": 883.0, "pixel_center_x": 1226.0, "pixel_center_y": 856.0, "geo_easting": 407822.65, "geo_northing": 3283914.35, "inside_boundary": false, "verification_priority": "LOW", "priority_reason": "Outside corridor with high confidence (safe canopy) [Conf: 63.8%]", "priority_rank": 3 }, "geometry": { "type": "Point", "coordinates": [ 407822.650000000023283, 3283914.35 ] } },
{ "type": "Feature", "properties": { "tree_id": 235, "label": "Tree", "confidence": 0.6379, "pixel_xmin": 27.0, "pixel_ymin": 1091.0, "pixel_xmax": 56.0, "pixel_ymax": 1124.0, "pixel_center_x": 41.5, "pixel_center_y": 1107.5, "geo_easting": 407704.2, "geo_northing": 3283889.2, "inside_boundary": false, "verification_priority": "LOW", "priority_reason": "Outside corridor with high confidence (safe canopy) [Conf: 63.8%]", "priority_rank": 3 }, "geometry": { "type": "Point", "coordinates": [ 407704.200000000011642, 3283889.200000000186265 ] } },
{ "type": "Feature", "properties": { "tree_id": 236, "label": "Tree", "confidence": 0.6376, "pixel_xmin": 600.0, "pixel_ymin": 781.0, "pixel_xmax": 634.0, "pixel_ymax": 827.0, "pixel_center_x": 617.0, "pixel_center_y": 804.0, "geo_easting": 407761.75, "geo_northing": 3283919.55, "inside_boundary": false, "verification_priority": "LOW", "priority_reason": "Outside corridor with high confidence (safe canopy) [Conf: 63.8%]", "priority_rank": 3 }, "geometry": { "type": "Point", "coordinates": [ 407761.75, 3283919.549999999813735 ] } },
{ "type": "Feature", "properties": { "tree_id": 237, "label": "Tree", "confidence": 0.6373, "pixel_xmin": 55.0, "pixel_ymin": 445.0, "pixel_xmax": 108.0, "pixel_ymax": 503.0, "pixel_center_x": 81.5, "pixel_center_y": 474.0, "geo_easting": 407708.2, "geo_northing": 3283952.55, "inside_boundary": false, "verification_priority": "LOW", "priority_reason": "Outside corridor with high confidence (safe canopy) [Conf: 63.7%]", "priority_rank": 3 }, "geometry": { "type": "Point", "coordinates": [ 407708.200000000011642, 3283952.549999999813735 ] } },
{ "type": "Feature", "properties": { "tree_id": 238, "label": "Tree", "confidence": 0.6372, "pixel_xmin": 710.0, "pixel_ymin": 2293.0, "pixel_xmax": 778.0, "pixel_ymax": 2360.0, "pixel_center_x": 744.0, "pixel_center_y": 2326.5, "geo_easting": 407774.45, "geo_northing": 3283767.3, "inside_boundary": false, "verification_priority": "LOW", "priority_reason": "Outside corridor with high confidence (safe canopy) [Conf: 63.7%]", "priority_rank": 3 }, "geometry": { "type": "Point", "coordinates": [ 407774.450000000011642, 3283767.299999999813735 ] } },
{ "type": "Feature", "properties": { "tree_id": 239, "label": "Tree", "confidence": 0.637, "pixel_xmin": 751.0, "pixel_ymin": 666.0, "pixel_xmax": 798.0, "pixel_ymax": 700.0, "pixel_center_x": 774.5, "pixel_center_y": 683.0, "geo_easting": 407777.5, "geo_northing": 3283931.65, "inside_boundary": false, "verification_priority": "LOW", "priority_reason": "Outside corridor with high confidence (safe canopy) [Conf: 63.7%]", "priority_rank": 3 }, "geometry": { "type": "Point", "coordinates": [ 407777.5, 3283931.65 ] } },
{ "type": "Feature", "properties": { "tree_id": 240, "label": "Tree", "confidence": 0.6358, "pixel_xmin": 3.0, "pixel_ymin": 2324.0, "pixel_xmax": 41.0, "pixel_ymax": 2360.0, "pixel_center_x": 22.0, "pixel_center_y": 2342.0, "geo_easting": 407702.25, "geo_northing": 3283765.75, "inside_boundary": false, "verification_priority": "LOW", "priority_reason": "Outside corridor with high confidence (safe canopy) [Conf: 63.6%]", "priority_rank": 3 }, "geometry": { "type": "Point", "coordinates": [ 407702.25, 3283765.75 ] } },
{ "type": "Feature", "properties": { "tree_id": 241, "label": "Tree", "confidence": 0.6352, "pixel_xmin": 27.0, "pixel_ymin": 417.0, "pixel_xmax": 67.0, "pixel_ymax": 460.0, "pixel_center_x": 47.0, "pixel_center_y": 438.5, "geo_easting": 407704.75, "geo_northing": 3283956.1, "inside_boundary": false, "verification_priority": "LOW", "priority_reason": "Outside corridor with high confidence (safe canopy) [Conf: 63.5%]", "priority_rank": 3 }, "geometry": { "type": "Point", "coordinates": [ 407704.75, 3283956.1 ] } },
{ "type": "Feature", "properties": { "tree_id": 242, "label": "Tree", "confidence": 0.6351, "pixel_xmin": 1800.0, "pixel_ymin": 300.0, "pixel_xmax": 1855.0, "pixel_ymax": 367.0, "pixel_center_x": 1827.5, "pixel_center_y": 333.5, "geo_easting": 407882.8, "geo_northing": 3283966.6, "inside_boundary": false, "verification_priority": "LOW", "priority_reason": "Outside corridor with high confidence (safe canopy) [Conf: 63.5%]", "priority_rank": 3 }, "geometry": { "type": "Point", "coordinates": [ 407882.799999999988358, 3283966.6 ] } },
{ "type": "Feature", "properties": { "tree_id": 243, "label": "Tree", "confidence": 0.6342, "pixel_xmin": 1302.0, "pixel_ymin": 2035.0, "pixel_xmax": 1346.0, "pixel_ymax": 2086.0, "pixel_center_x": 1324.0, "pixel_center_y": 2060.5, "geo_easting": 407832.45, "geo_northing": 3283793.9, "inside_boundary": false, "verification_priority": "LOW", "priority_reason": "Outside corridor with high confidence (safe canopy) [Conf: 63.4%]", "priority_rank": 3 }, "geometry": { "type": "Point", "coordinates": [ 407832.450000000011642, 3283793.9 ] } },
{ "type": "Feature", "properties": { "tree_id": 244, "label": "Tree", "confidence": 0.633, "pixel_xmin": 865.0, "pixel_ymin": 607.0, "pixel_xmax": 942.0, "pixel_ymax": 684.0, "pixel_center_x": 903.5, "pixel_center_y": 645.5, "geo_easting": 407790.4, "geo_northing": 3283935.4, "inside_boundary": false, "verification_priority": "LOW", "priority_reason": "Outside corridor with high confidence (safe canopy) [Conf: 63.3%]", "priority_rank": 3 }, "geometry": { "type": "Point", "coordinates": [ 407790.400000000023283, 3283935.4 ] } },
{ "type": "Feature", "properties": { "tree_id": 245, "label": "Tree", "confidence": 0.6318, "pixel_xmin": 197.0, "pixel_ymin": 936.0, "pixel_xmax": 235.0, "pixel_ymax": 984.0, "pixel_center_x": 216.0, "pixel_center_y": 960.0, "geo_easting": 407721.65, "geo_northing": 3283903.95, "inside_boundary": false, "verification_priority": "LOW", "priority_reason": "Outside corridor with high confidence (safe canopy) [Conf: 63.2%]", "priority_rank": 3 }, "geometry": { "type": "Point", "coordinates": [ 407721.650000000023283, 3283903.950000000186265 ] } },
{ "type": "Feature", "properties": { "tree_id": 246, "label": "Tree", "confidence": 0.6313, "pixel_xmin": 509.0, "pixel_ymin": 1268.0, "pixel_xmax": 552.0, "pixel_ymax": 1299.0, "pixel_center_x": 530.5, "pixel_center_y": 1283.5, "geo_easting": 407753.1, "geo_northing": 3283871.6, "inside_boundary": true, "verification_priority": "MEDIUM", "priority_reason": "Inside project corridor (corridor impact, statutory check) [Conf: 63.1%]", "priority_rank": 2 }, "geometry": { "type": "Point", "coordinates": [ 407753.099999999976717, 3283871.6 ] } },
{ "type": "Feature", "properties": { "tree_id": 247, "label": "Tree", "confidence": 0.6312, "pixel_xmin": 1114.0, "pixel_ymin": 608.0, "pixel_xmax": 1194.0, "pixel_ymax": 681.0, "pixel_center_x": 1154.0, "pixel_center_y": 644.5, "geo_easting": 407815.45, "geo_northing": 3283935.5, "inside_boundary": false, "verification_priority": "LOW", "priority_reason": "Outside corridor with high confidence (safe canopy) [Conf: 63.1%]", "priority_rank": 3 }, "geometry": { "type": "Point", "coordinates": [ 407815.450000000011642, 3283935.5 ] } },
{ "type": "Feature", "properties": { "tree_id": 248, "label": "Tree", "confidence": 0.6299, "pixel_xmin": 1637.0, "pixel_ymin": 2324.0, "pixel_xmax": 1680.0, "pixel_ymax": 2365.0, "pixel_center_x": 1658.5, "pixel_center_y": 2344.5, "geo_easting": 407865.9, "geo_northing": 3283765.5, "inside_boundary": false, "verification_priority": "LOW", "priority_reason": "Outside corridor with high confidence (safe canopy) [Conf: 63.0%]", "priority_rank": 3 }, "geometry": { "type": "Point", "coordinates": [ 407865.900000000023283, 3283765.5 ] } },
{ "type": "Feature", "properties": { "tree_id": 249, "label": "Tree", "confidence": 0.6298, "pixel_xmin": 1518.0, "pixel_ymin": 590.0, "pixel_xmax": 1596.0, "pixel_ymax": 678.0, "pixel_center_x": 1557.0, "pixel_center_y": 634.0, "geo_easting": 407855.75, "geo_northing": 3283936.55, "inside_boundary": false, "verification_priority": "LOW", "priority_reason": "Outside corridor with high confidence (safe canopy) [Conf: 63.0%]", "priority_rank": 3 }, "geometry": { "type": "Point", "coordinates": [ 407855.75, 3283936.549999999813735 ] } },
{ "type": "Feature", "properties": { "tree_id": 250, "label": "Tree", "confidence": 0.6294, "pixel_xmin": 1927.0, "pixel_ymin": 2134.0, "pixel_xmax": 1960.0, "pixel_ymax": 2168.0, "pixel_center_x": 1943.5, "pixel_center_y": 2151.0, "geo_easting": 407894.4, "geo_northing": 3283784.85, "inside_boundary": false, "verification_priority": "LOW", "priority_reason": "Outside corridor with high confidence (safe canopy) [Conf: 62.9%]", "priority_rank": 3 }, "geometry": { "type": "Point", "coordinates": [ 407894.400000000023283, 3283784.85 ] } },
{ "type": "Feature", "properties": { "tree_id": 251, "label": "Tree", "confidence": 0.6291, "pixel_xmin": 1983.0, "pixel_ymin": 1929.0, "pixel_xmax": 2022.0, "pixel_ymax": 1965.0, "pixel_center_x": 2002.5, "pixel_center_y": 1947.0, "geo_easting": 407900.3, "geo_northing": 3283805.25, "inside_boundary": false, "verification_priority": "LOW", "priority_reason": "Outside corridor with high confidence (safe canopy) [Conf: 62.9%]", "priority_rank": 3 }, "geometry": { "type": "Point", "coordinates": [ 407900.299999999988358, 3283805.25 ] } },
{ "type": "Feature", "properties": { "tree_id": 252, "label": "Tree", "confidence": 0.6287, "pixel_xmin": 1103.0, "pixel_ymin": 1006.0, "pixel_xmax": 1188.0, "pixel_ymax": 1105.0, "pixel_center_x": 1145.5, "pixel_center_y": 1055.5, "geo_easting": 407814.6, "geo_northing": 3283894.4, "inside_boundary": true, "verification_priority": "MEDIUM", "priority_reason": "Inside project corridor (corridor impact, statutory check) [Conf: 62.9%]", "priority_rank": 2 }, "geometry": { "type": "Point", "coordinates": [ 407814.599999999976717, 3283894.4 ] } },
{ "type": "Feature", "properties": { "tree_id": 253, "label": "Tree", "confidence": 0.6285, "pixel_xmin": 52.0, "pixel_ymin": 1061.0, "pixel_xmax": 100.0, "pixel_ymax": 1107.0, "pixel_center_x": 76.0, "pixel_center_y": 1084.0, "geo_easting": 407707.65, "geo_northing": 3283891.55, "inside_boundary": false, "verification_priority": "LOW", "priority_reason": "Outside corridor with high confidence (safe canopy) [Conf: 62.8%]", "priority_rank": 3 }, "geometry": { "type": "Point", "coordinates": [ 407707.650000000023283, 3283891.549999999813735 ] } },
{ "type": "Feature", "properties": { "tree_id": 254, "label": "Tree", "confidence": 0.6274, "pixel_xmin": 196.0, "pixel_ymin": 1484.0, "pixel_xmax": 249.0, "pixel_ymax": 1537.0, "pixel_center_x": 222.5, "pixel_center_y": 1510.5, "geo_easting": 407722.3, "geo_northing": 3283848.9, "inside_boundary": true, "verification_priority": "MEDIUM", "priority_reason": "Inside project corridor (corridor impact, statutory check) [Conf: 62.7%]", "priority_rank": 2 }, "geometry": { "type": "Point", "coordinates": [ 407722.299999999988358, 3283848.9 ] } },
{ "type": "Feature", "properties": { "tree_id": 255, "label": "Tree", "confidence": 0.6273, "pixel_xmin": 1298.0, "pixel_ymin": 331.0, "pixel_xmax": 1337.0, "pixel_ymax": 369.0, "pixel_center_x": 1317.5, "pixel_center_y": 350.0, "geo_easting": 407831.8, "geo_northing": 3283964.95, "inside_boundary": false, "verification_priority": "LOW", "priority_reason": "Outside corridor with high confidence (safe canopy) [Conf: 62.7%]", "priority_rank": 3 }, "geometry": { "type": "Point", "coordinates": [ 407831.799999999988358, 3283964.950000000186265 ] } },
{ "type": "Feature", "properties": { "tree_id": 256, "label": "Tree", "confidence": 0.6273, "pixel_xmin": 1454.0, "pixel_ymin": 1468.0, "pixel_xmax": 1523.0, "pixel_ymax": 1543.0, "pixel_center_x": 1488.5, "pixel_center_y": 1505.5, "geo_easting": 407848.9, "geo_northing": 3283849.4, "inside_boundary": false, "verification_priority": "LOW", "priority_reason": "Outside corridor with high confidence (safe canopy) [Conf: 62.7%]", "priority_rank": 3 }, "geometry": { "type": "Point", "coordinates": [ 407848.900000000023283, 3283849.4 ] } },
{ "type": "Feature", "properties": { "tree_id": 257, "label": "Tree", "confidence": 0.6271, "pixel_xmin": 2189.0, "pixel_ymin": 1391.0, "pixel_xmax": 2232.0, "pixel_ymax": 1434.0, "pixel_center_x": 2210.5, "pixel_center_y": 1412.5, "geo_easting": 407921.1, "geo_northing": 3283858.7, "inside_boundary": false, "verification_priority": "LOW", "priority_reason": "Outside corridor with high confidence (safe canopy) [Conf: 62.7%]", "priority_rank": 3 }, "geometry": { "type": "Point", "coordinates": [ 407921.099999999976717, 3283858.700000000186265 ] } },
{ "type": "Feature", "properties": { "tree_id": 258, "label": "Tree", "confidence": 0.6269, "pixel_xmin": 606.0, "pixel_ymin": 1837.0, "pixel_xmax": 642.0, "pixel_ymax": 1872.0, "pixel_center_x": 624.0, "pixel_center_y": 1854.5, "geo_easting": 407762.45, "geo_northing": 3283814.5, "inside_boundary": false, "verification_priority": "LOW", "priority_reason": "Outside corridor with high confidence (safe canopy) [Conf: 62.7%]", "priority_rank": 3 }, "geometry": { "type": "Point", "coordinates": [ 407762.450000000011642, 3283814.5 ] } },
{ "type": "Feature", "properties": { "tree_id": 259, "label": "Tree", "confidence": 0.6267, "pixel_xmin": 1651.0, "pixel_ymin": 1895.0, "pixel_xmax": 1696.0, "pixel_ymax": 1940.0, "pixel_center_x": 1673.5, "pixel_center_y": 1917.5, "geo_easting": 407867.4, "geo_northing": 3283808.2, "inside_boundary": false, "verification_priority": "LOW", "priority_reason": "Outside corridor with high confidence (safe canopy) [Conf: 62.7%]", "priority_rank": 3 }, "geometry": { "type": "Point", "coordinates": [ 407867.400000000023283, 3283808.200000000186265 ] } },
{ "type": "Feature", "properties": { "tree_id": 260, "label": "Tree", "confidence": 0.6267, "pixel_xmin": 1210.0, "pixel_ymin": 881.0, "pixel_xmax": 1260.0, "pixel_ymax": 930.0, "pixel_center_x": 1235.0, "pixel_center_y": 905.5, "geo_easting": 407823.55, "geo_northing": 3283909.4, "inside_boundary": true, "verification_priority": "MEDIUM", "priority_reason": "Inside project corridor (corridor impact, statutory check) [Conf: 62.7%]", "priority_rank": 2 }, "geometry": { "type": "Point", "coordinates": [ 407823.549999999988358, 3283909.4 ] } },
{ "type": "Feature", "properties": { "tree_id": 261, "label": "Tree", "confidence": 0.626, "pixel_xmin": 909.0, "pixel_ymin": 1512.0, "pixel_xmax": 997.0, "pixel_ymax": 1609.0, "pixel_center_x": 953.0, "pixel_center_y": 1560.5, "geo_easting": 407795.35, "geo_northing": 3283843.9, "inside_boundary": true, "verification_priority": "MEDIUM", "priority_reason": "Inside project corridor (corridor impact, statutory check) [Conf: 62.6%]", "priority_rank": 2 }, "geometry": { "type": "Point", "coordinates": [ 407795.349999999976717, 3283843.9 ] } },
{ "type": "Feature", "properties": { "tree_id": 262, "label": "Tree", "confidence": 0.6258, "pixel_xmin": 1502.0, "pixel_ymin": 1911.0, "pixel_xmax": 1559.0, "pixel_ymax": 1981.0, "pixel_center_x": 1530.5, "pixel_center_y": 1946.0, "geo_easting": 407853.1, "geo_northing": 3283805.35, "inside_boundary": false, "verification_priority": "LOW", "priority_reason": "Outside corridor with high confidence (safe canopy) [Conf: 62.6%]", "priority_rank": 3 }, "geometry": { "type": "Point", "coordinates": [ 407853.099999999976717, 3283805.35 ] } },
{ "type": "Feature", "properties": { "tree_id": 263, "label": "Tree", "confidence": 0.6257, "pixel_xmin": 1438.0, "pixel_ymin": 1102.0, "pixel_xmax": 1490.0, "pixel_ymax": 1150.0, "pixel_center_x": 1464.0, "pixel_center_y": 1126.0, "geo_easting": 407846.45, "geo_northing": 3283887.35, "inside_boundary": true, "verification_priority": "MEDIUM", "priority_reason": "Inside project corridor (corridor impact, statutory check) [Conf: 62.6%]", "priority_rank": 2 }, "geometry": { "type": "Point", "coordinates": [ 407846.450000000011642, 3283887.35 ] } },
{ "type": "Feature", "properties": { "tree_id": 264, "label": "Tree", "confidence": 0.6252, "pixel_xmin": 300.0, "pixel_ymin": 671.0, "pixel_xmax": 335.0, "pixel_ymax": 700.0, "pixel_center_x": 317.5, "pixel_center_y": 685.5, "geo_easting": 407731.8, "geo_northing": 3283931.4, "inside_boundary": false, "verification_priority": "LOW", "priority_reason": "Outside corridor with high confidence (safe canopy) [Conf: 62.5%]", "priority_rank": 3 }, "geometry": { "type": "Point", "coordinates": [ 407731.799999999988358, 3283931.4 ] } },
{ "type": "Feature", "properties": { "tree_id": 265, "label": "Tree", "confidence": 0.6251, "pixel_xmin": 523.0, "pixel_ymin": 1232.0, "pixel_xmax": 563.0, "pixel_ymax": 1270.0, "pixel_center_x": 543.0, "pixel_center_y": 1251.0, "geo_easting": 407754.35, "geo_northing": 3283874.85, "inside_boundary": true, "verification_priority": "MEDIUM", "priority_reason": "Inside project corridor (corridor impact, statutory check) [Conf: 62.5%]", "priority_rank": 2 }, "geometry": { "type": "Point", "coordinates": [ 407754.349999999976717, 3283874.85 ] } },
{ "type": "Feature", "properties": { "tree_id": 266, "label": "Tree", "confidence": 0.625, "pixel_xmin": 2253.0, "pixel_ymin": 1405.0, "pixel_xmax": 2285.0, "pixel_ymax": 1439.0, "pixel_center_x": 2269.0, "pixel_center_y": 1422.0, "geo_easting": 407926.95, "geo_northing": 3283857.75, "inside_boundary": false, "verification_priority": "LOW", "priority_reason": "Outside corridor with high confidence (safe canopy) [Conf: 62.5%]", "priority_rank": 3 }, "geometry": { "type": "Point", "coordinates": [ 407926.950000000011642, 3283857.75 ] } },
{ "type": "Feature", "properties": { "tree_id": 267, "label": "Tree", "confidence": 0.6248, "pixel_xmin": 549.0, "pixel_ymin": 786.0, "pixel_xmax": 588.0, "pixel_ymax": 828.0, "pixel_center_x": 568.5, "pixel_center_y": 807.0, "geo_easting": 407756.9, "geo_northing": 3283919.25, "inside_boundary": false, "verification_priority": "LOW", "priority_reason": "Outside corridor with high confidence (safe canopy) [Conf: 62.5%]", "priority_rank": 3 }, "geometry": { "type": "Point", "coordinates": [ 407756.900000000023283, 3283919.25 ] } },
{ "type": "Feature", "properties": { "tree_id": 268, "label": "Tree", "confidence": 0.624, "pixel_xmin": 2181.0, "pixel_ymin": 1018.0, "pixel_xmax": 2227.0, "pixel_ymax": 1061.0, "pixel_center_x": 2204.0, "pixel_center_y": 1039.5, "geo_easting": 407920.45, "geo_northing": 3283896.0, "inside_boundary": true, "verification_priority": "MEDIUM", "priority_reason": "Inside project corridor (corridor impact, statutory check) [Conf: 62.4%]", "priority_rank": 2 }, "geometry": { "type": "Point", "coordinates": [ 407920.450000000011642, 3283896.0 ] } },
{ "type": "Feature", "properties": { "tree_id": 269, "label": "Tree", "confidence": 0.6236, "pixel_xmin": 1974.0, "pixel_ymin": 1202.0, "pixel_xmax": 2011.0, "pixel_ymax": 1240.0, "pixel_center_x": 1992.5, "pixel_center_y": 1221.0, "geo_easting": 407899.3, "geo_northing": 3283877.85, "inside_boundary": false, "verification_priority": "LOW", "priority_reason": "Outside corridor with high confidence (safe canopy) [Conf: 62.4%]", "priority_rank": 3 }, "geometry": { "type": "Point", "coordinates": [ 407899.299999999988358, 3283877.85 ] } },
{ "type": "Feature", "properties": { "tree_id": 270, "label": "Tree", "confidence": 0.6236, "pixel_xmin": 2029.0, "pixel_ymin": 2217.0, "pixel_xmax": 2051.0, "pixel_ymax": 2240.0, "pixel_center_x": 2040.0, "pixel_center_y": 2228.5, "geo_easting": 407904.05, "geo_northing": 3283777.1, "inside_boundary": false, "verification_priority": "LOW", "priority_reason": "Outside corridor with high confidence (safe canopy) [Conf: 62.4%]", "priority_rank": 3 }, "geometry": { "type": "Point", "coordinates": [ 407904.049999999988358, 3283777.1 ] } },
{ "type": "Feature", "properties": { "tree_id": 271, "label": "Tree", "confidence": 0.6233, "pixel_xmin": 1511.0, "pixel_ymin": 1310.0, "pixel_xmax": 1596.0, "pixel_ymax": 1403.0, "pixel_center_x": 1553.5, "pixel_center_y": 1356.5, "geo_easting": 407855.4, "geo_northing": 3283864.3, "inside_boundary": true, "verification_priority": "MEDIUM", "priority_reason": "Inside project corridor (corridor impact, statutory check) [Conf: 62.3%]", "priority_rank": 2 }, "geometry": { "type": "Point", "coordinates": [ 407855.400000000023283, 3283864.299999999813735 ] } },
{ "type": "Feature", "properties": { "tree_id": 272, "label": "Tree", "confidence": 0.6227, "pixel_xmin": 2079.0, "pixel_ymin": 1531.0, "pixel_xmax": 2114.0, "pixel_ymax": 1568.0, "pixel_center_x": 2096.5, "pixel_center_y": 1549.5, "geo_easting": 407909.7, "geo_northing": 3283845.0, "inside_boundary": false, "verification_priority": "LOW", "priority_reason": "Outside corridor with high confidence (safe canopy) [Conf: 62.3%]", "priority_rank": 3 }, "geometry": { "type": "Point", "coordinates": [ 407909.700000000011642, 3283845.0 ] } },
{ "type": "Feature", "properties": { "tree_id": 273, "label": "Tree", "confidence": 0.6222, "pixel_xmin": 1106.0, "pixel_ymin": 2146.0, "pixel_xmax": 1139.0, "pixel_ymax": 2180.0, "pixel_center_x": 1122.5, "pixel_center_y": 2163.0, "geo_easting": 407812.3, "geo_northing": 3283783.65, "inside_boundary": false, "verification_priority": "LOW", "priority_reason": "Outside corridor with high confidence (safe canopy) [Conf: 62.2%]", "priority_rank": 3 }, "geometry": { "type": "Point", "coordinates": [ 407812.299999999988358, 3283783.65 ] } },
{ "type": "Feature", "properties": { "tree_id": 274, "label": "Tree", "confidence": 0.6197, "pixel_xmin": 1738.0, "pixel_ymin": 493.0, "pixel_xmax": 1771.0, "pixel_ymax": 525.0, "pixel_center_x": 1754.5, "pixel_center_y": 509.0, "geo_easting": 407875.5, "geo_northing": 3283949.05, "inside_boundary": false, "verification_priority": "LOW", "priority_reason": "Outside corridor with high confidence (safe canopy) [Conf: 62.0%]", "priority_rank": 3 }, "geometry": { "type": "Point", "coordinates": [ 407875.5, 3283949.049999999813735 ] } },
{ "type": "Feature", "properties": { "tree_id": 275, "label": "Tree", "confidence": 0.6196, "pixel_xmin": 0.0, "pixel_ymin": 1359.0, "pixel_xmax": 25.0, "pixel_ymax": 1392.0, "pixel_center_x": 12.5, "pixel_center_y": 1375.5, "geo_easting": 407701.3, "geo_northing": 3283862.4, "inside_boundary": false, "verification_priority": "LOW", "priority_reason": "Outside corridor with high confidence (safe canopy) [Conf: 62.0%]", "priority_rank": 3 }, "geometry": { "type": "Point", "coordinates": [ 407701.299999999988358, 3283862.4 ] } },
{ "type": "Feature", "properties": { "tree_id": 276, "label": "Tree", "confidence": 0.6192, "pixel_xmin": 1439.0, "pixel_ymin": 1335.0, "pixel_xmax": 1478.0, "pixel_ymax": 1368.0, "pixel_center_x": 1458.5, "pixel_center_y": 1351.5, "geo_easting": 407845.9, "geo_northing": 3283864.8, "inside_boundary": true, "verification_priority": "MEDIUM", "priority_reason": "Inside project corridor (corridor impact, statutory check) [Conf: 61.9%]", "priority_rank": 2 }, "geometry": { "type": "Point", "coordinates": [ 407845.900000000023283, 3283864.799999999813735 ] } },
{ "type": "Feature", "properties": { "tree_id": 277, "label": "Tree", "confidence": 0.6189, "pixel_xmin": 1040.0, "pixel_ymin": 1741.0, "pixel_xmax": 1074.0, "pixel_ymax": 1774.0, "pixel_center_x": 1057.0, "pixel_center_y": 1757.5, "geo_easting": 407805.75, "geo_northing": 3283824.2, "inside_boundary": false, "verification_priority": "LOW", "priority_reason": "Outside corridor with high confidence (safe canopy) [Conf: 61.9%]", "priority_rank": 3 }, "geometry": { "type": "Point", "coordinates": [ 407805.75, 3283824.200000000186265 ] } },
{ "type": "Feature", "properties": { "tree_id": 278, "label": "Tree", "confidence": 0.6188, "pixel_xmin": 1607.0, "pixel_ymin": 1321.0, "pixel_xmax": 1646.0, "pixel_ymax": 1359.0, "pixel_center_x": 1626.5, "pixel_center_y": 1340.0, "geo_easting": 407862.7, "geo_northing": 3283865.95, "inside_boundary": true, "verification_priority": "MEDIUM", "priority_reason": "Inside project corridor (corridor impact, statutory check) [Conf: 61.9%]", "priority_rank": 2 }, "geometry": { "type": "Point", "coordinates": [ 407862.700000000011642, 3283865.950000000186265 ] } },
{ "type": "Feature", "properties": { "tree_id": 279, "label": "Tree", "confidence": 0.6187, "pixel_xmin": 429.0, "pixel_ymin": 1621.0, "pixel_xmax": 471.0, "pixel_ymax": 1664.0, "pixel_center_x": 450.0, "pixel_center_y": 1642.5, "geo_easting": 407745.05, "geo_northing": 3283835.7, "inside_boundary": true, "verification_priority": "MEDIUM", "priority_reason": "Inside project corridor (corridor impact, statutory check) [Conf: 61.9%]", "priority_rank": 2 }, "geometry": { "type": "Point", "coordinates": [ 407745.049999999988358, 3283835.700000000186265 ] } },
{ "type": "Feature", "properties": { "tree_id": 280, "label": "Tree", "confidence": 0.6186, "pixel_xmin": 2105.0, "pixel_ymin": 1676.0, "pixel_xmax": 2168.0, "pixel_ymax": 1740.0, "pixel_center_x": 2136.5, "pixel_center_y": 1708.0, "geo_easting": 407913.7, "geo_northing": 3283829.15, "inside_boundary": false, "verification_priority": "LOW", "priority_reason": "Outside corridor with high confidence (safe canopy) [Conf: 61.9%]", "priority_rank": 3 }, "geometry": { "type": "Point", "coordinates": [ 407913.700000000011642, 3283829.15 ] } },
{ "type": "Feature", "properties": { "tree_id": 281, "label": "Tree", "confidence": 0.6182, "pixel_xmin": 226.0, "pixel_ymin": 1033.0, "pixel_xmax": 340.0, "pixel_ymax": 1147.0, "pixel_center_x": 283.0, "pixel_center_y": 1090.0, "geo_easting": 407728.35, "geo_northing": 3283890.95, "inside_boundary": false, "verification_priority": "LOW", "priority_reason": "Outside corridor with high confidence (safe canopy) [Conf: 61.8%]", "priority_rank": 3 }, "geometry": { "type": "Point", "coordinates": [ 407728.349999999976717, 3283890.950000000186265 ] } },
{ "type": "Feature", "properties": { "tree_id": 282, "label": "Tree", "confidence": 0.6179, "pixel_xmin": 133.0, "pixel_ymin": 1550.0, "pixel_xmax": 179.0, "pixel_ymax": 1600.0, "pixel_center_x": 156.0, "pixel_center_y": 1575.0, "geo_easting": 407715.65, "geo_northing": 3283842.45, "inside_boundary": true, "verification_priority": "MEDIUM", "priority_reason": "Inside project corridor (corridor impact, statutory check) [Conf: 61.8%]", "priority_rank": 2 }, "geometry": { "type": "Point", "coordinates": [ 407715.650000000023283, 3283842.450000000186265 ] } },
{ "type": "Feature", "properties": { "tree_id": 283, "label": "Tree", "confidence": 0.6172, "pixel_xmin": 863.0, "pixel_ymin": 38.0, "pixel_xmax": 910.0, "pixel_ymax": 89.0, "pixel_center_x": 886.5, "pixel_center_y": 63.5, "geo_easting": 407788.7, "geo_northing": 3283993.6, "inside_boundary": false, "verification_priority": "LOW", "priority_reason": "Outside corridor with high confidence (safe canopy) [Conf: 61.7%]", "priority_rank": 3 }, "geometry": { "type": "Point", "coordinates": [ 407788.700000000011642, 3283993.6 ] } },
{ "type": "Feature", "properties": { "tree_id": 284, "label": "Tree", "confidence": 0.6162, "pixel_xmin": 1739.0, "pixel_ymin": 2124.0, "pixel_xmax": 1778.0, "pixel_ymax": 2164.0, "pixel_center_x": 1758.5, "pixel_center_y": 2144.0, "geo_easting": 407875.9, "geo_northing": 3283785.55, "inside_boundary": false, "verification_priority": "LOW", "priority_reason": "Outside corridor with high confidence (safe canopy) [Conf: 61.6%]", "priority_rank": 3 }, "geometry": { "type": "Point", "coordinates": [ 407875.900000000023283, 3283785.549999999813735 ] } },
{ "type": "Feature", "properties": { "tree_id": 285, "label": "Tree", "confidence": 0.6159, "pixel_xmin": 1554.0, "pixel_ymin": 1888.0, "pixel_xmax": 1581.0, "pixel_ymax": 1917.0, "pixel_center_x": 1567.5, "pixel_center_y": 1902.5, "geo_easting": 407856.8, "geo_northing": 3283809.7, "inside_boundary": false, "verification_priority": "LOW", "priority_reason": "Outside corridor with high confidence (safe canopy) [Conf: 61.6%]", "priority_rank": 3 }, "geometry": { "type": "Point", "coordinates": [ 407856.799999999988358, 3283809.700000000186265 ] } },
{ "type": "Feature", "properties": { "tree_id": 286, "label": "Tree", "confidence": 0.6157, "pixel_xmin": 397.0, "pixel_ymin": 919.0, "pixel_xmax": 447.0, "pixel_ymax": 969.0, "pixel_center_x": 422.0, "pixel_center_y": 944.0, "geo_easting": 407742.25, "geo_northing": 3283905.55, "inside_boundary": false, "verification_priority": "LOW", "priority_reason": "Outside corridor with high confidence (safe canopy) [Conf: 61.6%]", "priority_rank": 3 }, "geometry": { "type": "Point", "coordinates": [ 407742.25, 3283905.549999999813735 ] } },
{ "type": "Feature", "properties": { "tree_id": 287, "label": "Tree", "confidence": 0.6144, "pixel_xmin": 300.0, "pixel_ymin": 1546.0, "pixel_xmax": 335.0, "pixel_ymax": 1590.0, "pixel_center_x": 317.5, "pixel_center_y": 1568.0, "geo_easting": 407731.8, "geo_northing": 3283843.15, "inside_boundary": true, "verification_priority": "MEDIUM", "priority_reason": "Inside project corridor (corridor impact, statutory check) [Conf: 61.4%]", "priority_rank": 2 }, "geometry": { "type": "Point", "coordinates": [ 407731.799999999988358, 3283843.15 ] } },
{ "type": "Feature", "properties": { "tree_id": 288, "label": "Tree", "confidence": 0.6143, "pixel_xmin": 291.0, "pixel_ymin": 1800.0, "pixel_xmax": 315.0, "pixel_ymax": 1825.0, "pixel_center_x": 303.0, "pixel_center_y": 1812.5, "geo_easting": 407730.35, "geo_northing": 3283818.7, "inside_boundary": true, "verification_priority": "MEDIUM", "priority_reason": "Inside project corridor (corridor impact, statutory check) [Conf: 61.4%]", "priority_rank": 2 }, "geometry": { "type": "Point", "coordinates": [ 407730.349999999976717, 3283818.700000000186265 ] } },
{ "type": "Feature", "properties": { "tree_id": 289, "label": "Tree", "confidence": 0.6142, "pixel_xmin": 1.0, "pixel_ymin": 266.0, "pixel_xmax": 42.0, "pixel_ymax": 320.0, "pixel_center_x": 21.5, "pixel_center_y": 293.0, "geo_easting": 407702.2, "geo_northing": 3283970.65, "inside_boundary": false, "verification_priority": "LOW", "priority_reason": "Outside corridor with high confidence (safe canopy) [Conf: 61.4%]", "priority_rank": 3 }, "geometry": { "type": "Point", "coordinates": [ 407702.200000000011642, 3283970.65 ] } },
{ "type": "Feature", "properties": { "tree_id": 290, "label": "Tree", "confidence": 0.6131, "pixel_xmin": 301.0, "pixel_ymin": 1500.0, "pixel_xmax": 337.0, "pixel_ymax": 1528.0, "pixel_center_x": 319.0, "pixel_center_y": 1514.0, "geo_easting": 407731.95, "geo_northing": 3283848.55, "inside_boundary": true, "verification_priority": "MEDIUM", "priority_reason": "Inside project corridor (corridor impact, statutory check) [Conf: 61.3%]", "priority_rank": 2 }, "geometry": { "type": "Point", "coordinates": [ 407731.950000000011642, 3283848.549999999813735 ] } },
{ "type": "Feature", "properties": { "tree_id": 291, "label": "Tree", "confidence": 0.613, "pixel_xmin": 1500.0, "pixel_ymin": 1613.0, "pixel_xmax": 1521.0, "pixel_ymax": 1637.0, "pixel_center_x": 1510.5, "pixel_center_y": 1625.0, "geo_easting": 407851.1, "geo_northing": 3283837.45, "inside_boundary": false, "verification_priority": "LOW", "priority_reason": "Outside corridor with high confidence (safe canopy) [Conf: 61.3%]", "priority_rank": 3 }, "geometry": { "type": "Point", "coordinates": [ 407851.099999999976717, 3283837.450000000186265 ] } },
{ "type": "Feature", "properties": { "tree_id": 292, "label": "Tree", "confidence": 0.6127, "pixel_xmin": 300.0, "pixel_ymin": 2246.0, "pixel_xmax": 325.0, "pixel_ymax": 2281.0, "pixel_center_x": 312.5, "pixel_center_y": 2263.5, "geo_easting": 407731.3, "geo_northing": 3283773.6, "inside_boundary": false, "verification_priority": "LOW", "priority_reason": "Outside corridor with high confidence (safe canopy) [Conf: 61.3%]", "priority_rank": 3 }, "geometry": { "type": "Point", "coordinates": [ 407731.299999999988358, 3283773.6 ] } },
{ "type": "Feature", "properties": { "tree_id": 293, "label": "Tree", "confidence": 0.6123, "pixel_xmin": 2187.0, "pixel_ymin": 1443.0, "pixel_xmax": 2276.0, "pixel_ymax": 1529.0, "pixel_center_x": 2231.5, "pixel_center_y": 1486.0, "geo_easting": 407923.2, "geo_northing": 3283851.35, "inside_boundary": false, "verification_priority": "LOW", "priority_reason": "Outside corridor with high confidence (safe canopy) [Conf: 61.2%]", "priority_rank": 3 }, "geometry": { "type": "Point", "coordinates": [ 407923.200000000011642, 3283851.35 ] } },
{ "type": "Feature", "properties": { "tree_id": 294, "label": "Tree", "confidence": 0.612, "pixel_xmin": 1164.0, "pixel_ymin": 1826.0, "pixel_xmax": 1207.0, "pixel_ymax": 1867.0, "pixel_center_x": 1185.5, "pixel_center_y": 1846.5, "geo_easting": 407818.6, "geo_northing": 3283815.3, "inside_boundary": false, "verification_priority": "LOW", "priority_reason": "Outside corridor with high confidence (safe canopy) [Conf: 61.2%]", "priority_rank": 3 }, "geometry": { "type": "Point", "coordinates": [ 407818.599999999976717, 3283815.299999999813735 ] } },
{ "type": "Feature", "properties": { "tree_id": 295, "label": "Tree", "confidence": 0.612, "pixel_xmin": 1214.0, "pixel_ymin": 646.0, "pixel_xmax": 1256.0, "pixel_ymax": 691.0, "pixel_center_x": 1235.0, "pixel_center_y": 668.5, "geo_easting": 407823.55, "geo_northing": 3283933.1, "inside_boundary": false, "verification_priority": "LOW", "priority_reason": "Outside corridor with high confidence (safe canopy) [Conf: 61.2%]", "priority_rank": 3 }, "geometry": { "type": "Point", "coordinates": [ 407823.549999999988358, 3283933.1 ] } },
{ "type": "Feature", "properties": { "tree_id": 296, "label": "Tree", "confidence": 0.6118, "pixel_xmin": 11.0, "pixel_ymin": 1805.0, "pixel_xmax": 52.0, "pixel_ymax": 1847.0, "pixel_center_x": 31.5, "pixel_center_y": 1826.0, "geo_easting": 407703.2, "geo_northing": 3283817.35, "inside_boundary": true, "verification_priority": "MEDIUM", "priority_reason": "Inside project corridor (corridor impact, statutory check) [Conf: 61.2%]", "priority_rank": 2 }, "geometry": { "type": "Point", "coordinates": [ 407703.200000000011642, 3283817.35 ] } },
{ "type": "Feature", "properties": { "tree_id": 297, "label": "Tree", "confidence": 0.6118, "pixel_xmin": 548.0, "pixel_ymin": 2254.0, "pixel_xmax": 608.0, "pixel_ymax": 2317.0, "pixel_center_x": 578.0, "pixel_center_y": 2285.5, "geo_easting": 407757.85, "geo_northing": 3283771.4, "inside_boundary": false, "verification_priority": "LOW", "priority_reason": "Outside corridor with high confidence (safe canopy) [Conf: 61.2%]", "priority_rank": 3 }, "geometry": { "type": "Point", "coordinates": [ 407757.849999999976717, 3283771.4 ] } },
{ "type": "Feature", "properties": { "tree_id": 298, "label": "Tree", "confidence": 0.611, "pixel_xmin": 1903.0, "pixel_ymin": 660.0, "pixel_xmax": 1937.0, "pixel_ymax": 691.0, "pixel_center_x": 1920.0, "pixel_center_y": 675.5, "geo_easting": 407892.05, "geo_northing": 3283932.4, "inside_boundary": true, "verification_priority": "MEDIUM", "priority_reason": "Inside project corridor (corridor impact, statutory check) [Conf: 61.1%]", "priority_rank": 2 }, "geometry": { "type": "Point", "coordinates": [ 407892.049999999988358, 3283932.4 ] } },
{ "type": "Feature", "properties": { "tree_id": 299, "label": "Tree", "confidence": 0.6109, "pixel_xmin": 2099.0, "pixel_ymin": 1631.0, "pixel_xmax": 2137.0, "pixel_ymax": 1669.0, "pixel_center_x": 2118.0, "pixel_center_y": 1650.0, "geo_easting": 407911.85, "geo_northing": 3283834.95, "inside_boundary": false, "verification_priority": "LOW", "priority_reason": "Outside corridor with high confidence (safe canopy) [Conf: 61.1%]", "priority_rank": 3 }, "geometry": { "type": "Point", "coordinates": [ 407911.849999999976717, 3283834.950000000186265 ] } },
{ "type": "Feature", "properties": { "tree_id": 300, "label": "Tree", "confidence": 0.6095, "pixel_xmin": 1457.0, "pixel_ymin": 1639.0, "pixel_xmax": 1494.0, "pixel_ymax": 1679.0, "pixel_center_x": 1475.5, "pixel_center_y": 1659.0, "geo_easting": 407847.6, "geo_northing": 3283834.05, "inside_boundary": false, "verification_priority": "LOW", "priority_reason": "Outside corridor with high confidence (safe canopy) [Conf: 61.0%]", "priority_rank": 3 }, "geometry": { "type": "Point", "coordinates": [ 407847.599999999976717, 3283834.049999999813735 ] } },
{ "type": "Feature", "properties": { "tree_id": 301, "label": "Tree", "confidence": 0.6093, "pixel_xmin": 1014.0, "pixel_ymin": 167.0, "pixel_xmax": 1078.0, "pixel_ymax": 229.0, "pixel_center_x": 1046.0, "pixel_center_y": 198.0, "geo_easting": 407804.65, "geo_northing": 3283980.15, "inside_boundary": false, "verification_priority": "LOW", "priority_reason": "Outside corridor with high confidence (safe canopy) [Conf: 60.9%]", "priority_rank": 3 }, "geometry": { "type": "Point", "coordinates": [ 407804.650000000023283, 3283980.15 ] } },
{ "type": "Feature", "properties": { "tree_id": 302, "label": "Tree", "confidence": 0.6091, "pixel_xmin": 1904.0, "pixel_ymin": 251.0, "pixel_xmax": 1955.0, "pixel_ymax": 297.0, "pixel_center_x": 1929.5, "pixel_center_y": 274.0, "geo_easting": 407893.0, "geo_northing": 3283972.55, "inside_boundary": false, "verification_priority": "LOW", "priority_reason": "Outside corridor with high confidence (safe canopy) [Conf: 60.9%]", "priority_rank": 3 }, "geometry": { "type": "Point", "coordinates": [ 407893.0, 3283972.549999999813735 ] } },
{ "type": "Feature", "properties": { "tree_id": 303, "label": "Tree", "confidence": 0.609, "pixel_xmin": 974.0, "pixel_ymin": 329.0, "pixel_xmax": 1018.0, "pixel_ymax": 370.0, "pixel_center_x": 996.0, "pixel_center_y": 349.5, "geo_easting": 407799.65, "geo_northing": 3283965.0, "inside_boundary": false, "verification_priority": "LOW", "priority_reason": "Outside corridor with high confidence (safe canopy) [Conf: 60.9%]", "priority_rank": 3 }, "geometry": { "type": "Point", "coordinates": [ 407799.650000000023283, 3283965.0 ] } },
{ "type": "Feature", "properties": { "tree_id": 304, "label": "Tree", "confidence": 0.6089, "pixel_xmin": 2103.0, "pixel_ymin": 1543.0, "pixel_xmax": 2150.0, "pixel_ymax": 1596.0, "pixel_center_x": 2126.5, "pixel_center_y": 1569.5, "geo_easting": 407912.7, "geo_northing": 3283843.0, "inside_boundary": false, "verification_priority": "LOW", "priority_reason": "Outside corridor with high confidence (safe canopy) [Conf: 60.9%]", "priority_rank": 3 }, "geometry": { "type": "Point", "coordinates": [ 407912.700000000011642, 3283843.0 ] } },
{ "type": "Feature", "properties": { "tree_id": 305, "label": "Tree", "confidence": 0.6088, "pixel_xmin": 761.0, "pixel_ymin": 112.0, "pixel_xmax": 809.0, "pixel_ymax": 165.0, "pixel_center_x": 785.0, "pixel_center_y": 138.5, "geo_easting": 407778.55, "geo_northing": 3283986.1, "inside_boundary": false, "verification_priority": "LOW", "priority_reason": "Outside corridor with high confidence (safe canopy) [Conf: 60.9%]", "priority_rank": 3 }, "geometry": { "type": "Point", "coordinates": [ 407778.549999999988358, 3283986.1 ] } },
{ "type": "Feature", "properties": { "tree_id": 306, "label": "Tree", "confidence": 0.6084, "pixel_xmin": 1800.0, "pixel_ymin": 650.0, "pixel_xmax": 1858.0, "pixel_ymax": 716.0, "pixel_center_x": 1829.0, "pixel_center_y": 683.0, "geo_easting": 407882.95, "geo_northing": 3283931.65, "inside_boundary": true, "verification_priority": "MEDIUM", "priority_reason": "Inside project corridor (corridor impact, statutory check) [Conf: 60.8%]", "priority_rank": 2 }, "geometry": { "type": "Point", "coordinates": [ 407882.950000000011642, 3283931.65 ] } },
{ "type": "Feature", "properties": { "tree_id": 307, "label": "Tree", "confidence": 0.6082, "pixel_xmin": 1287.0, "pixel_ymin": 300.0, "pixel_xmax": 1326.0, "pixel_ymax": 329.0, "pixel_center_x": 1306.5, "pixel_center_y": 314.5, "geo_easting": 407830.7, "geo_northing": 3283968.5, "inside_boundary": false, "verification_priority": "LOW", "priority_reason": "Outside corridor with high confidence (safe canopy) [Conf: 60.8%]", "priority_rank": 3 }, "geometry": { "type": "Point", "coordinates": [ 407830.700000000011642, 3283968.5 ] } },
{ "type": "Feature", "properties": { "tree_id": 308, "label": "Tree", "confidence": 0.6074, "pixel_xmin": 1259.0, "pixel_ymin": 403.0, "pixel_xmax": 1295.0, "pixel_ymax": 447.0, "pixel_center_x": 1277.0, "pixel_center_y": 425.0, "geo_easting": 407827.75, "geo_northing": 3283957.45, "inside_boundary": false, "verification_priority": "LOW", "priority_reason": "Outside corridor with high confidence (safe canopy) [Conf: 60.7%]", "priority_rank": 3 }, "geometry": { "type": "Point", "coordinates": [ 407827.75, 3283957.450000000186265 ] } },
{ "type": "Feature", "properties": { "tree_id": 309, "label": "Tree", "confidence": 0.6073, "pixel_xmin": 1448.0, "pixel_ymin": 723.0, "pixel_xmax": 1480.0, "pixel_ymax": 757.0, "pixel_center_x": 1464.0, "pixel_center_y": 740.0, "geo_easting": 407846.45, "geo_northing": 3283925.95, "inside_boundary": false, "verification_priority": "LOW", "priority_reason": "Outside corridor with high confidence (safe canopy) [Conf: 60.7%]", "priority_rank": 3 }, "geometry": { "type": "Point", "coordinates": [ 407846.450000000011642, 3283925.950000000186265 ] } },
{ "type": "Feature", "properties": { "tree_id": 310, "label": "Tree", "confidence": 0.6073, "pixel_xmin": 1951.0, "pixel_ymin": 2169.0, "pixel_xmax": 1981.0, "pixel_ymax": 2199.0, "pixel_center_x": 1966.0, "pixel_center_y": 2184.0, "geo_easting": 407896.65, "geo_northing": 3283781.55, "inside_boundary": false, "verification_priority": "LOW", "priority_reason": "Outside corridor with high confidence (safe canopy) [Conf: 60.7%]", "priority_rank": 3 }, "geometry": { "type": "Point", "coordinates": [ 407896.650000000023283, 3283781.549999999813735 ] } },
{ "type": "Feature", "properties": { "tree_id": 311, "label": "Tree", "confidence": 0.6072, "pixel_xmin": 1250.0, "pixel_ymin": 1901.0, "pixel_xmax": 1280.0, "pixel_ymax": 1937.0, "pixel_center_x": 1265.0, "pixel_center_y": 1919.0, "geo_easting": 407826.55, "geo_northing": 3283808.05, "inside_boundary": false, "verification_priority": "LOW", "priority_reason": "Outside corridor with high confidence (safe canopy) [Conf: 60.7%]", "priority_rank": 3 }, "geometry": { "type": "Point", "coordinates": [ 407826.549999999988358, 3283808.049999999813735 ] } },
{ "type": "Feature", "properties": { "tree_id": 312, "label": "Tree", "confidence": 0.6071, "pixel_xmin": 948.0, "pixel_ymin": 436.0, "pixel_xmax": 1000.0, "pixel_ymax": 488.0, "pixel_center_x": 974.0, "pixel_center_y": 462.0, "geo_easting": 407797.45, "geo_northing": 3283953.75, "inside_boundary": false, "verification_priority": "LOW", "priority_reason": "Outside corridor with high confidence (safe canopy) [Conf: 60.7%]", "priority_rank": 3 }, "geometry": { "type": "Point", "coordinates": [ 407797.450000000011642, 3283953.75 ] } },
{ "type": "Feature", "properties": { "tree_id": 313, "label": "Tree", "confidence": 0.6067, "pixel_xmin": 382.0, "pixel_ymin": 594.0, "pixel_xmax": 428.0, "pixel_ymax": 645.0, "pixel_center_x": 405.0, "pixel_center_y": 619.5, "geo_easting": 407740.55, "geo_northing": 3283938.0, "inside_boundary": false, "verification_priority": "LOW", "priority_reason": "Outside corridor with high confidence (safe canopy) [Conf: 60.7%]", "priority_rank": 3 }, "geometry": { "type": "Point", "coordinates": [ 407740.549999999988358, 3283938.0 ] } },
{ "type": "Feature", "properties": { "tree_id": 314, "label": "Tree", "confidence": 0.6066, "pixel_xmin": 1076.0, "pixel_ymin": 820.0, "pixel_xmax": 1124.0, "pixel_ymax": 863.0, "pixel_center_x": 1100.0, "pixel_center_y": 841.5, "geo_easting": 407810.05, "geo_northing": 3283915.8, "inside_boundary": false, "verification_priority": "LOW", "priority_reason": "Outside corridor with high confidence (safe canopy) [Conf: 60.7%]", "priority_rank": 3 }, "geometry": { "type": "Point", "coordinates": [ 407810.049999999988358, 3283915.799999999813735 ] } },
{ "type": "Feature", "properties": { "tree_id": 315, "label": "Tree", "confidence": 0.6062, "pixel_xmin": 1246.0, "pixel_ymin": 801.0, "pixel_xmax": 1282.0, "pixel_ymax": 835.0, "pixel_center_x": 1264.0, "pixel_center_y": 818.0, "geo_easting": 407826.45, "geo_northing": 3283918.15, "inside_boundary": false, "verification_priority": "LOW", "priority_reason": "Outside corridor with high confidence (safe canopy) [Conf: 60.6%]", "priority_rank": 3 }, "geometry": { "type": "Point", "coordinates": [ 407826.450000000011642, 3283918.15 ] } },
{ "type": "Feature", "properties": { "tree_id": 316, "label": "Tree", "confidence": 0.6057, "pixel_xmin": 2046.0, "pixel_ymin": 2423.0, "pixel_xmax": 2078.0, "pixel_ymax": 2458.0, "pixel_center_x": 2062.0, "pixel_center_y": 2440.5, "geo_easting": 407906.25, "geo_northing": 3283755.9, "inside_boundary": false, "verification_priority": "LOW", "priority_reason": "Outside corridor with high confidence (safe canopy) [Conf: 60.6%]", "priority_rank": 3 }, "geometry": { "type": "Point", "coordinates": [ 407906.25, 3283755.9 ] } },
{ "type": "Feature", "properties": { "tree_id": 317, "label": "Tree", "confidence": 0.6051, "pixel_xmin": 1301.0, "pixel_ymin": 900.0, "pixel_xmax": 1341.0, "pixel_ymax": 936.0, "pixel_center_x": 1321.0, "pixel_center_y": 918.0, "geo_easting": 407832.15, "geo_northing": 3283908.15, "inside_boundary": true, "verification_priority": "MEDIUM", "priority_reason": "Inside project corridor (corridor impact, statutory check) [Conf: 60.5%]", "priority_rank": 2 }, "geometry": { "type": "Point", "coordinates": [ 407832.150000000023283, 3283908.15 ] } },
{ "type": "Feature", "properties": { "tree_id": 318, "label": "Tree", "confidence": 0.605, "pixel_xmin": 1357.0, "pixel_ymin": 2023.0, "pixel_xmax": 1398.0, "pixel_ymax": 2066.0, "pixel_center_x": 1377.5, "pixel_center_y": 2044.5, "geo_easting": 407837.8, "geo_northing": 3283795.5, "inside_boundary": false, "verification_priority": "LOW", "priority_reason": "Outside corridor with high confidence (safe canopy) [Conf: 60.5%]", "priority_rank": 3 }, "geometry": { "type": "Point", "coordinates": [ 407837.799999999988358, 3283795.5 ] } },
{ "type": "Feature", "properties": { "tree_id": 319, "label": "Tree", "confidence": 0.6048, "pixel_xmin": 1965.0, "pixel_ymin": 2100.0, "pixel_xmax": 2010.0, "pixel_ymax": 2133.0, "pixel_center_x": 1987.5, "pixel_center_y": 2116.5, "geo_easting": 407898.8, "geo_northing": 3283788.3, "inside_boundary": false, "verification_priority": "LOW", "priority_reason": "Outside corridor with high confidence (safe canopy) [Conf: 60.5%]", "priority_rank": 3 }, "geometry": { "type": "Point", "coordinates": [ 407898.799999999988358, 3283788.299999999813735 ] } },
{ "type": "Feature", "properties": { "tree_id": 320, "label": "Tree", "confidence": 0.6048, "pixel_xmin": 2475.0, "pixel_ymin": 2297.0, "pixel_xmax": 2500.0, "pixel_ymax": 2328.0, "pixel_center_x": 2487.5, "pixel_center_y": 2312.5, "geo_easting": 407948.8, "geo_northing": 3283768.7, "inside_boundary": false, "verification_priority": "LOW", "priority_reason": "Outside corridor with high confidence (safe canopy) [Conf: 60.5%]", "priority_rank": 3 }, "geometry": { "type": "Point", "coordinates": [ 407948.799999999988358, 3283768.700000000186265 ] } },
{ "type": "Feature", "properties": { "tree_id": 321, "label": "Tree", "confidence": 0.6046, "pixel_xmin": 636.0, "pixel_ymin": 1546.0, "pixel_xmax": 685.0, "pixel_ymax": 1592.0, "pixel_center_x": 660.5, "pixel_center_y": 1569.0, "geo_easting": 407766.1, "geo_northing": 3283843.05, "inside_boundary": true, "verification_priority": "MEDIUM", "priority_reason": "Inside project corridor (corridor impact, statutory check) [Conf: 60.5%]", "priority_rank": 2 }, "geometry": { "type": "Point", "coordinates": [ 407766.099999999976717, 3283843.049999999813735 ] } },
{ "type": "Feature", "properties": { "tree_id": 322, "label": "Tree", "confidence": 0.6037, "pixel_xmin": 1394.0, "pixel_ymin": 1424.0, "pixel_xmax": 1425.0, "pixel_ymax": 1458.0, "pixel_center_x": 1409.5, "pixel_center_y": 1441.0, "geo_easting": 407841.0, "geo_northing": 3283855.85, "inside_boundary": false, "verification_priority": "LOW", "priority_reason": "Outside corridor with high confidence (safe canopy) [Conf: 60.4%]", "priority_rank": 3 }, "geometry": { "type": "Point", "coordinates": [ 407841.0, 3283855.85 ] } },
{ "type": "Feature", "properties": { "tree_id": 323, "label": "Tree", "confidence": 0.6029, "pixel_xmin": 1964.0, "pixel_ymin": 255.0, "pixel_xmax": 1997.0, "pixel_ymax": 292.0, "pixel_center_x": 1980.5, "pixel_center_y": 273.5, "geo_easting": 407898.1, "geo_northing": 3283972.6, "inside_boundary": false, "verification_priority": "LOW", "priority_reason": "Outside corridor with high confidence (safe canopy) [Conf: 60.3%]", "priority_rank": 3 }, "geometry": { "type": "Point", "coordinates": [ 407898.099999999976717, 3283972.6 ] } },
{ "type": "Feature", "properties": { "tree_id": 324, "label": "Tree", "confidence": 0.6017, "pixel_xmin": 1113.0, "pixel_ymin": 2279.0, "pixel_xmax": 1171.0, "pixel_ymax": 2342.0, "pixel_center_x": 1142.0, "pixel_center_y": 2310.5, "geo_easting": 407814.25, "geo_northing": 3283768.9, "inside_boundary": false, "verification_priority": "LOW", "priority_reason": "Outside corridor with high confidence (safe canopy) [Conf: 60.2%]", "priority_rank": 3 }, "geometry": { "type": "Point", "coordinates": [ 407814.25, 3283768.9 ] } },
{ "type": "Feature", "properties": { "tree_id": 325, "label": "Tree", "confidence": 0.6015, "pixel_xmin": 2344.0, "pixel_ymin": 2213.0, "pixel_xmax": 2375.0, "pixel_ymax": 2245.0, "pixel_center_x": 2359.5, "pixel_center_y": 2229.0, "geo_easting": 407936.0, "geo_northing": 3283777.05, "inside_boundary": false, "verification_priority": "LOW", "priority_reason": "Outside corridor with high confidence (safe canopy) [Conf: 60.2%]", "priority_rank": 3 }, "geometry": { "type": "Point", "coordinates": [ 407936.0, 3283777.049999999813735 ] } },
{ "type": "Feature", "properties": { "tree_id": 326, "label": "Tree", "confidence": 0.6011, "pixel_xmin": 936.0, "pixel_ymin": 818.0, "pixel_xmax": 956.0, "pixel_ymax": 843.0, "pixel_center_x": 946.0, "pixel_center_y": 830.5, "geo_easting": 407794.65, "geo_northing": 3283916.9, "inside_boundary": false, "verification_priority": "LOW", "priority_reason": "Outside corridor with high confidence (safe canopy) [Conf: 60.1%]", "priority_rank": 3 }, "geometry": { "type": "Point", "coordinates": [ 407794.650000000023283, 3283916.9 ] } },
{ "type": "Feature", "properties": { "tree_id": 327, "label": "Tree", "confidence": 0.6009, "pixel_xmin": 1035.0, "pixel_ymin": 2296.0, "pixel_xmax": 1060.0, "pixel_ymax": 2322.0, "pixel_center_x": 1047.5, "pixel_center_y": 2309.0, "geo_easting": 407804.8, "geo_northing": 3283769.05, "inside_boundary": false, "verification_priority": "LOW", "priority_reason": "Outside corridor with high confidence (safe canopy) [Conf: 60.1%]", "priority_rank": 3 }, "geometry": { "type": "Point", "coordinates": [ 407804.799999999988358, 3283769.049999999813735 ] } },
{ "type": "Feature", "properties": { "tree_id": 328, "label": "Tree", "confidence": 0.6005, "pixel_xmin": 295.0, "pixel_ymin": 66.0, "pixel_xmax": 319.0, "pixel_ymax": 96.0, "pixel_center_x": 307.0, "pixel_center_y": 81.0, "geo_easting": 407730.75, "geo_northing": 3283991.85, "inside_boundary": false, "verification_priority": "LOW", "priority_reason": "Outside corridor with high confidence (safe canopy) [Conf: 60.1%]", "priority_rank": 3 }, "geometry": { "type": "Point", "coordinates": [ 407730.75, 3283991.85 ] } },
{ "type": "Feature", "properties": { "tree_id": 329, "label": "Tree", "confidence": 0.6003, "pixel_xmin": 369.0, "pixel_ymin": 1633.0, "pixel_xmax": 399.0, "pixel_ymax": 1671.0, "pixel_center_x": 384.0, "pixel_center_y": 1652.0, "geo_easting": 407738.45, "geo_northing": 3283834.75, "inside_boundary": true, "verification_priority": "MEDIUM", "priority_reason": "Inside project corridor (corridor impact, statutory check) [Conf: 60.0%]", "priority_rank": 2 }, "geometry": { "type": "Point", "coordinates": [ 407738.450000000011642, 3283834.75 ] } },
{ "type": "Feature", "properties": { "tree_id": 330, "label": "Tree", "confidence": 0.6002, "pixel_xmin": 1456.0, "pixel_ymin": 678.0, "pixel_xmax": 1492.0, "pixel_ymax": 714.0, "pixel_center_x": 1474.0, "pixel_center_y": 696.0, "geo_easting": 407847.45, "geo_northing": 3283930.35, "inside_boundary": false, "verification_priority": "LOW", "priority_reason": "Outside corridor with high confidence (safe canopy) [Conf: 60.0%]", "priority_rank": 3 }, "geometry": { "type": "Point", "coordinates": [ 407847.450000000011642, 3283930.35 ] } },
{ "type": "Feature", "properties": { "tree_id": 331, "label": "Tree", "confidence": 0.6, "pixel_xmin": 2112.0, "pixel_ymin": 1206.0, "pixel_xmax": 2196.0, "pixel_ymax": 1293.0, "pixel_center_x": 2154.0, "pixel_center_y": 1249.5, "geo_easting": 407915.45, "geo_northing": 3283875.0, "inside_boundary": false, "verification_priority": "MEDIUM", "priority_reason": "Outside corridor with moderate confidence [Conf: 60.0%]", "priority_rank": 2 }, "geometry": { "type": "Point", "coordinates": [ 407915.450000000011642, 3283875.0 ] } },
{ "type": "Feature", "properties": { "tree_id": 332, "label": "Tree", "confidence": 0.5996, "pixel_xmin": 318.0, "pixel_ymin": 1319.0, "pixel_xmax": 350.0, "pixel_ymax": 1352.0, "pixel_center_x": 334.0, "pixel_center_y": 1335.5, "geo_easting": 407733.45, "geo_northing": 3283866.4, "inside_boundary": true, "verification_priority": "MEDIUM", "priority_reason": "Inside project corridor (corridor impact, statutory check) [Conf: 60.0%]", "priority_rank": 2 }, "geometry": { "type": "Point", "coordinates": [ 407733.450000000011642, 3283866.4 ] } },
{ "type": "Feature", "properties": { "tree_id": 333, "label": "Tree", "confidence": 0.5992, "pixel_xmin": 2383.0, "pixel_ymin": 608.0, "pixel_xmax": 2428.0, "pixel_ymax": 651.0, "pixel_center_x": 2405.5, "pixel_center_y": 629.5, "geo_easting": 407940.6, "geo_northing": 3283937.0, "inside_boundary": true, "verification_priority": "MEDIUM", "priority_reason": "Inside project corridor (corridor impact, statutory check) [Conf: 59.9%]", "priority_rank": 2 }, "geometry": { "type": "Point", "coordinates": [ 407940.599999999976717, 3283937.0 ] } },
{ "type": "Feature", "properties": { "tree_id": 334, "label": "Tree", "confidence": 0.5991, "pixel_xmin": 1012.0, "pixel_ymin": 918.0, "pixel_xmax": 1046.0, "pixel_ymax": 951.0, "pixel_center_x": 1029.0, "pixel_center_y": 934.5, "geo_easting": 407802.95, "geo_northing": 3283906.5, "inside_boundary": false, "verification_priority": "MEDIUM", "priority_reason": "Outside corridor with moderate confidence [Conf: 59.9%]", "priority_rank": 2 }, "geometry": { "type": "Point", "coordinates": [ 407802.950000000011642, 3283906.5 ] } },
{ "type": "Feature", "properties": { "tree_id": 335, "label": "Tree", "confidence": 0.599, "pixel_xmin": 1322.0, "pixel_ymin": 1502.0, "pixel_xmax": 1363.0, "pixel_ymax": 1539.0, "pixel_center_x": 1342.5, "pixel_center_y": 1520.5, "geo_easting": 407834.3, "geo_northing": 3283847.9, "inside_boundary": false, "verification_priority": "MEDIUM", "priority_reason": "Outside corridor with moderate confidence [Conf: 59.9%]", "priority_rank": 2 }, "geometry": { "type": "Point", "coordinates": [ 407834.299999999988358, 3283847.9 ] } },
{ "type": "Feature", "properties": { "tree_id": 336, "label": "Tree", "confidence": 0.599, "pixel_xmin": 764.0, "pixel_ymin": 484.0, "pixel_xmax": 803.0, "pixel_ymax": 523.0, "pixel_center_x": 783.5, "pixel_center_y": 503.5, "geo_easting": 407778.4, "geo_northing": 3283949.6, "inside_boundary": false, "verification_priority": "MEDIUM", "priority_reason": "Outside corridor with moderate confidence [Conf: 59.9%]", "priority_rank": 2 }, "geometry": { "type": "Point", "coordinates": [ 407778.400000000023283, 3283949.6 ] } },
{ "type": "Feature", "properties": { "tree_id": 337, "label": "Tree", "confidence": 0.599, "pixel_xmin": 1029.0, "pixel_ymin": 0.0, "pixel_xmax": 1082.0, "pixel_ymax": 47.0, "pixel_center_x": 1055.5, "pixel_center_y": 23.5, "geo_easting": 407805.6, "geo_northing": 3283997.6, "inside_boundary": false, "verification_priority": "MEDIUM", "priority_reason": "Outside corridor with moderate confidence [Conf: 59.9%]", "priority_rank": 2 }, "geometry": { "type": "Point", "coordinates": [ 407805.599999999976717, 3283997.6 ] } },
{ "type": "Feature", "properties": { "tree_id": 338, "label": "Tree", "confidence": 0.5988, "pixel_xmin": 549.0, "pixel_ymin": 1355.0, "pixel_xmax": 618.0, "pixel_ymax": 1429.0, "pixel_center_x": 583.5, "pixel_center_y": 1392.0, "geo_easting": 407758.4, "geo_northing": 3283860.75, "inside_boundary": true, "verification_priority": "MEDIUM", "priority_reason": "Inside project corridor (corridor impact, statutory check) [Conf: 59.9%]", "priority_rank": 2 }, "geometry": { "type": "Point", "coordinates": [ 407758.400000000023283, 3283860.75 ] } },
{ "type": "Feature", "properties": { "tree_id": 339, "label": "Tree", "confidence": 0.5985, "pixel_xmin": 875.0, "pixel_ymin": 156.0, "pixel_xmax": 933.0, "pixel_ymax": 209.0, "pixel_center_x": 904.0, "pixel_center_y": 182.5, "geo_easting": 407790.45, "geo_northing": 3283981.7, "inside_boundary": false, "verification_priority": "MEDIUM", "priority_reason": "Outside corridor with moderate confidence [Conf: 59.9%]", "priority_rank": 2 }, "geometry": { "type": "Point", "coordinates": [ 407790.450000000011642, 3283981.700000000186265 ] } },
{ "type": "Feature", "properties": { "tree_id": 340, "label": "Tree", "confidence": 0.5984, "pixel_xmin": 2149.0, "pixel_ymin": 2169.0, "pixel_xmax": 2195.0, "pixel_ymax": 2200.0, "pixel_center_x": 2172.0, "pixel_center_y": 2184.5, "geo_easting": 407917.25, "geo_northing": 3283781.5, "inside_boundary": false, "verification_priority": "MEDIUM", "priority_reason": "Outside corridor with moderate confidence [Conf: 59.8%]", "priority_rank": 2 }, "geometry": { "type": "Point", "coordinates": [ 407917.25, 3283781.5 ] } },
{ "type": "Feature", "properties": { "tree_id": 341, "label": "Tree", "confidence": 0.5976, "pixel_xmin": 578.0, "pixel_ymin": 1029.0, "pixel_xmax": 640.0, "pixel_ymax": 1092.0, "pixel_center_x": 609.0, "pixel_center_y": 1060.5, "geo_easting": 407760.95, "geo_northing": 3283893.9, "inside_boundary": false, "verification_priority": "MEDIUM", "priority_reason": "Outside corridor with moderate confidence [Conf: 59.8%]", "priority_rank": 2 }, "geometry": { "type": "Point", "coordinates": [ 407760.950000000011642, 3283893.9 ] } },
{ "type": "Feature", "properties": { "tree_id": 342, "label": "Tree", "confidence": 0.5975, "pixel_xmin": 163.0, "pixel_ymin": 813.0, "pixel_xmax": 226.0, "pixel_ymax": 884.0, "pixel_center_x": 194.5, "pixel_center_y": 848.5, "geo_easting": 407719.5, "geo_northing": 3283915.1, "inside_boundary": false, "verification_priority": "MEDIUM", "priority_reason": "Outside corridor with moderate confidence [Conf: 59.8%]", "priority_rank": 2 }, "geometry": { "type": "Point", "coordinates": [ 407719.5, 3283915.1 ] } },
{ "type": "Feature", "properties": { "tree_id": 343, "label": "Tree", "confidence": 0.5968, "pixel_xmin": 1757.0, "pixel_ymin": 2281.0, "pixel_xmax": 1782.0, "pixel_ymax": 2308.0, "pixel_center_x": 1769.5, "pixel_center_y": 2294.5, "geo_easting": 407877.0, "geo_northing": 3283770.5, "inside_boundary": false, "verification_priority": "MEDIUM", "priority_reason": "Outside corridor with moderate confidence [Conf: 59.7%]", "priority_rank": 2 }, "geometry": { "type": "Point", "coordinates": [ 407877.0, 3283770.5 ] } },
{ "type": "Feature", "properties": { "tree_id": 344, "label": "Tree", "confidence": 0.5964, "pixel_xmin": 1528.0, "pixel_ymin": 487.0, "pixel_xmax": 1572.0, "pixel_ymax": 529.0, "pixel_center_x": 1550.0, "pixel_center_y": 508.0, "geo_easting": 407855.05, "geo_northing": 3283949.15, "inside_boundary": false, "verification_priority": "MEDIUM", "priority_reason": "Outside corridor with moderate confidence [Conf: 59.6%]", "priority_rank": 2 }, "geometry": { "type": "Point", "coordinates": [ 407855.049999999988358, 3283949.15 ] } },
{ "type": "Feature", "properties": { "tree_id": 345, "label": "Tree", "confidence": 0.5964, "pixel_xmin": 69.0, "pixel_ymin": 1310.0, "pixel_xmax": 110.0, "pixel_ymax": 1350.0, "pixel_center_x": 89.5, "pixel_center_y": 1330.0, "geo_easting": 407709.0, "geo_northing": 3283866.95, "inside_boundary": false, "verification_priority": "MEDIUM", "priority_reason": "Outside corridor with moderate confidence [Conf: 59.6%]", "priority_rank": 2 }, "geometry": { "type": "Point", "coordinates": [ 407709.0, 3283866.950000000186265 ] } },
{ "type": "Feature", "properties": { "tree_id": 346, "label": "Tree", "confidence": 0.596, "pixel_xmin": 169.0, "pixel_ymin": 567.0, "pixel_xmax": 199.0, "pixel_ymax": 596.0, "pixel_center_x": 184.0, "pixel_center_y": 581.5, "geo_easting": 407718.45, "geo_northing": 3283941.8, "inside_boundary": false, "verification_priority": "MEDIUM", "priority_reason": "Outside corridor with moderate confidence [Conf: 59.6%]", "priority_rank": 2 }, "geometry": { "type": "Point", "coordinates": [ 407718.450000000011642, 3283941.799999999813735 ] } },
{ "type": "Feature", "properties": { "tree_id": 347, "label": "Tree", "confidence": 0.596, "pixel_xmin": 0.0, "pixel_ymin": 467.0, "pixel_xmax": 27.0, "pixel_ymax": 508.0, "pixel_center_x": 13.5, "pixel_center_y": 487.5, "geo_easting": 407701.4, "geo_northing": 3283951.2, "inside_boundary": false, "verification_priority": "MEDIUM", "priority_reason": "Outside corridor with moderate confidence [Conf: 59.6%]", "priority_rank": 2 }, "geometry": { "type": "Point", "coordinates": [ 407701.400000000023283, 3283951.200000000186265 ] } },
{ "type": "Feature", "properties": { "tree_id": 348, "label": "Tree", "confidence": 0.5955, "pixel_xmin": 494.0, "pixel_ymin": 1061.0, "pixel_xmax": 540.0, "pixel_ymax": 1111.0, "pixel_center_x": 517.0, "pixel_center_y": 1086.0, "geo_easting": 407751.75, "geo_northing": 3283891.35, "inside_boundary": false, "verification_priority": "MEDIUM", "priority_reason": "Outside corridor with moderate confidence [Conf: 59.6%]", "priority_rank": 2 }, "geometry": { "type": "Point", "coordinates": [ 407751.75, 3283891.35 ] } },
{ "type": "Feature", "properties": { "tree_id": 349, "label": "Tree", "confidence": 0.5954, "pixel_xmin": 2322.0, "pixel_ymin": 1500.0, "pixel_xmax": 2343.0, "pixel_ymax": 1518.0, "pixel_center_x": 2332.5, "pixel_center_y": 1509.0, "geo_easting": 407933.3, "geo_northing": 3283849.05, "inside_boundary": false, "verification_priority": "MEDIUM", "priority_reason": "Outside corridor with moderate confidence [Conf: 59.5%]", "priority_rank": 2 }, "geometry": { "type": "Point", "coordinates": [ 407933.299999999988358, 3283849.049999999813735 ] } },
{ "type": "Feature", "properties": { "tree_id": 350, "label": "Tree", "confidence": 0.595, "pixel_xmin": 1680.0, "pixel_ymin": 600.0, "pixel_xmax": 1716.0, "pixel_ymax": 628.0, "pixel_center_x": 1698.0, "pixel_center_y": 614.0, "geo_easting": 407869.85, "geo_northing": 3283938.55, "inside_boundary": false, "verification_priority": "MEDIUM", "priority_reason": "Outside corridor with moderate confidence [Conf: 59.5%]", "priority_rank": 2 }, "geometry": { "type": "Point", "coordinates": [ 407869.849999999976717, 3283938.549999999813735 ] } },
{ "type": "Feature", "properties": { "tree_id": 351, "label": "Tree", "confidence": 0.5944, "pixel_xmin": 1496.0, "pixel_ymin": 1420.0, "pixel_xmax": 1529.0, "pixel_ymax": 1454.0, "pixel_center_x": 1512.5, "pixel_center_y": 1437.0, "geo_easting": 407851.3, "geo_northing": 3283856.25, "inside_boundary": false, "verification_priority": "MEDIUM", "priority_reason": "Outside corridor with moderate confidence [Conf: 59.4%]", "priority_rank": 2 }, "geometry": { "type": "Point", "coordinates": [ 407851.299999999988358, 3283856.25 ] } },
{ "type": "Feature", "properties": { "tree_id": 352, "label": "Tree", "confidence": 0.5935, "pixel_xmin": 757.0, "pixel_ymin": 978.0, "pixel_xmax": 789.0, "pixel_ymax": 1000.0, "pixel_center_x": 773.0, "pixel_center_y": 989.0, "geo_easting": 407777.35, "geo_northing": 3283901.05, "inside_boundary": false, "verification_priority": "MEDIUM", "priority_reason": "Outside corridor with moderate confidence [Conf: 59.4%]", "priority_rank": 2 }, "geometry": { "type": "Point", "coordinates": [ 407777.349999999976717, 3283901.049999999813735 ] } },
{ "type": "Feature", "properties": { "tree_id": 353, "label": "Tree", "confidence": 0.5926, "pixel_xmin": 93.0, "pixel_ymin": 1247.0, "pixel_xmax": 148.0, "pixel_ymax": 1298.0, "pixel_center_x": 120.5, "pixel_center_y": 1272.5, "geo_easting": 407712.1, "geo_northing": 3283872.7, "inside_boundary": false, "verification_priority": "MEDIUM", "priority_reason": "Outside corridor with moderate confidence [Conf: 59.3%]", "priority_rank": 2 }, "geometry": { "type": "Point", "coordinates": [ 407712.099999999976717, 3283872.700000000186265 ] } },
{ "type": "Feature", "properties": { "tree_id": 354, "label": "Tree", "confidence": 0.5919, "pixel_xmin": 1201.0, "pixel_ymin": 1678.0, "pixel_xmax": 1256.0, "pixel_ymax": 1753.0, "pixel_center_x": 1228.5, "pixel_center_y": 1715.5, "geo_easting": 407822.9, "geo_northing": 3283828.4, "inside_boundary": false, "verification_priority": "MEDIUM", "priority_reason": "Outside corridor with moderate confidence [Conf: 59.2%]", "priority_rank": 2 }, "geometry": { "type": "Point", "coordinates": [ 407822.900000000023283, 3283828.4 ] } },
{ "type": "Feature", "properties": { "tree_id": 355, "label": "Tree", "confidence": 0.5909, "pixel_xmin": 1983.0, "pixel_ymin": 2319.0, "pixel_xmax": 2022.0, "pixel_ymax": 2358.0, "pixel_center_x": 2002.5, "pixel_center_y": 2338.5, "geo_easting": 407900.3, "geo_northing": 3283766.1, "inside_boundary": false, "verification_priority": "MEDIUM", "priority_reason": "Outside corridor with moderate confidence [Conf: 59.1%]", "priority_rank": 2 }, "geometry": { "type": "Point", "coordinates": [ 407900.299999999988358, 3283766.1 ] } },
{ "type": "Feature", "properties": { "tree_id": 356, "label": "Tree", "confidence": 0.5908, "pixel_xmin": 1279.0, "pixel_ymin": 1642.0, "pixel_xmax": 1315.0, "pixel_ymax": 1684.0, "pixel_center_x": 1297.0, "pixel_center_y": 1663.0, "geo_easting": 407829.75, "geo_northing": 3283833.65, "inside_boundary": false, "verification_priority": "MEDIUM", "priority_reason": "Outside corridor with moderate confidence [Conf: 59.1%]", "priority_rank": 2 }, "geometry": { "type": "Point", "coordinates": [ 407829.75, 3283833.65 ] } },
{ "type": "Feature", "properties": { "tree_id": 357, "label": "Tree", "confidence": 0.5905, "pixel_xmin": 1164.0, "pixel_ymin": 124.0, "pixel_xmax": 1199.0, "pixel_ymax": 161.0, "pixel_center_x": 1181.5, "pixel_center_y": 142.5, "geo_easting": 407818.2, "geo_northing": 3283985.7, "inside_boundary": false, "verification_priority": "MEDIUM", "priority_reason": "Outside corridor with moderate confidence [Conf: 59.1%]", "priority_rank": 2 }, "geometry": { "type": "Point", "coordinates": [ 407818.200000000011642, 3283985.700000000186265 ] } },
{ "type": "Feature", "properties": { "tree_id": 358, "label": "Tree", "confidence": 0.5902, "pixel_xmin": 1059.0, "pixel_ymin": 46.0, "pixel_xmax": 1108.0, "pixel_ymax": 99.0, "pixel_center_x": 1083.5, "pixel_center_y": 72.5, "geo_easting": 407808.4, "geo_northing": 3283992.7, "inside_boundary": false, "verification_priority": "MEDIUM", "priority_reason": "Outside corridor with moderate confidence [Conf: 59.0%]", "priority_rank": 2 }, "geometry": { "type": "Point", "coordinates": [ 407808.400000000023283, 3283992.700000000186265 ] } },
{ "type": "Feature", "properties": { "tree_id": 359, "label": "Tree", "confidence": 0.5901, "pixel_xmin": 1467.0, "pixel_ymin": 408.0, "pixel_xmax": 1520.0, "pixel_ymax": 464.0, "pixel_center_x": 1493.5, "pixel_center_y": 436.0, "geo_easting": 407849.4, "geo_northing": 3283956.35, "inside_boundary": false, "verification_priority": "MEDIUM", "priority_reason": "Outside corridor with moderate confidence [Conf: 59.0%]", "priority_rank": 2 }, "geometry": { "type": "Point", "coordinates": [ 407849.400000000023283, 3283956.35 ] } },
{ "type": "Feature", "properties": { "tree_id": 360, "label": "Tree", "confidence": 0.5901, "pixel_xmin": 2070.0, "pixel_ymin": 1775.0, "pixel_xmax": 2126.0, "pixel_ymax": 1831.0, "pixel_center_x": 2098.0, "pixel_center_y": 1803.0, "geo_easting": 407909.85, "geo_northing": 3283819.65, "inside_boundary": false, "verification_priority": "MEDIUM", "priority_reason": "Outside corridor with moderate confidence [Conf: 59.0%]", "priority_rank": 2 }, "geometry": { "type": "Point", "coordinates": [ 407909.849999999976717, 3283819.65 ] } },
{ "type": "Feature", "properties": { "tree_id": 361, "label": "Tree", "confidence": 0.5897, "pixel_xmin": 988.0, "pixel_ymin": 1250.0, "pixel_xmax": 1054.0, "pixel_ymax": 1300.0, "pixel_center_x": 1021.0, "pixel_center_y": 1275.0, "geo_easting": 407802.15, "geo_northing": 3283872.45, "inside_boundary": true, "verification_priority": "MEDIUM", "priority_reason": "Inside project corridor (corridor impact, statutory check) [Conf: 59.0%]", "priority_rank": 2 }, "geometry": { "type": "Point", "coordinates": [ 407802.150000000023283, 3283872.450000000186265 ] } },
{ "type": "Feature", "properties": { "tree_id": 362, "label": "Tree", "confidence": 0.5888, "pixel_xmin": 2000.0, "pixel_ymin": 1019.0, "pixel_xmax": 2030.0, "pixel_ymax": 1050.0, "pixel_center_x": 2015.0, "pixel_center_y": 1034.5, "geo_easting": 407901.55, "geo_northing": 3283896.5, "inside_boundary": true, "verification_priority": "MEDIUM", "priority_reason": "Inside project corridor (corridor impact, statutory check) [Conf: 58.9%]", "priority_rank": 2 }, "geometry": { "type": "Point", "coordinates": [ 407901.549999999988358, 3283896.5 ] } },
{ "type": "Feature", "properties": { "tree_id": 363, "label": "Tree", "confidence": 0.5888, "pixel_xmin": 2383.0, "pixel_ymin": 1926.0, "pixel_xmax": 2418.0, "pixel_ymax": 1960.0, "pixel_center_x": 2400.5, "pixel_center_y": 1943.0, "geo_easting": 407940.1, "geo_northing": 3283805.65, "inside_boundary": false, "verification_priority": "MEDIUM", "priority_reason": "Outside corridor with moderate confidence [Conf: 58.9%]", "priority_rank": 2 }, "geometry": { "type": "Point", "coordinates": [ 407940.099999999976717, 3283805.65 ] } },
{ "type": "Feature", "properties": { "tree_id": 364, "label": "Tree", "confidence": 0.5885, "pixel_xmin": 1611.0, "pixel_ymin": 692.0, "pixel_xmax": 1661.0, "pixel_ymax": 738.0, "pixel_center_x": 1636.0, "pixel_center_y": 715.0, "geo_easting": 407863.65, "geo_northing": 3283928.45, "inside_boundary": false, "verification_priority": "MEDIUM", "priority_reason": "Outside corridor with moderate confidence [Conf: 58.9%]", "priority_rank": 2 }, "geometry": { "type": "Point", "coordinates": [ 407863.650000000023283, 3283928.450000000186265 ] } },
{ "type": "Feature", "properties": { "tree_id": 365, "label": "Tree", "confidence": 0.5885, "pixel_xmin": 636.0, "pixel_ymin": 1071.0, "pixel_xmax": 700.0, "pixel_ymax": 1149.0, "pixel_center_x": 668.0, "pixel_center_y": 1110.0, "geo_easting": 407766.85, "geo_northing": 3283888.95, "inside_boundary": false, "verification_priority": "MEDIUM", "priority_reason": "Outside corridor with moderate confidence [Conf: 58.9%]", "priority_rank": 2 }, "geometry": { "type": "Point", "coordinates": [ 407766.849999999976717, 3283888.950000000186265 ] } },
{ "type": "Feature", "properties": { "tree_id": 366, "label": "Tree", "confidence": 0.5884, "pixel_xmin": 318.0, "pixel_ymin": 348.0, "pixel_xmax": 351.0, "pixel_ymax": 379.0, "pixel_center_x": 334.5, "pixel_center_y": 363.5, "geo_easting": 407733.5, "geo_northing": 3283963.6, "inside_boundary": false, "verification_priority": "MEDIUM", "priority_reason": "Outside corridor with moderate confidence [Conf: 58.8%]", "priority_rank": 2 }, "geometry": { "type": "Point", "coordinates": [ 407733.5, 3283963.6 ] } },
{ "type": "Feature", "properties": { "tree_id": 367, "label": "Tree", "confidence": 0.588, "pixel_xmin": 5.0, "pixel_ymin": 1421.0, "pixel_xmax": 34.0, "pixel_ymax": 1450.0, "pixel_center_x": 19.5, "pixel_center_y": 1435.5, "geo_easting": 407702.0, "geo_northing": 3283856.4, "inside_boundary": true, "verification_priority": "MEDIUM", "priority_reason": "Inside project corridor (corridor impact, statutory check) [Conf: 58.8%]", "priority_rank": 2 }, "geometry": { "type": "Point", "coordinates": [ 407702.0, 3283856.4 ] } },
{ "type": "Feature", "properties": { "tree_id": 368, "label": "Tree", "confidence": 0.5876, "pixel_xmin": 356.0, "pixel_ymin": 350.0, "pixel_xmax": 381.0, "pixel_ymax": 378.0, "pixel_center_x": 368.5, "pixel_center_y": 364.0, "geo_easting": 407736.9, "geo_northing": 3283963.55, "inside_boundary": false, "verification_priority": "MEDIUM", "priority_reason": "Outside corridor with moderate confidence [Conf: 58.8%]", "priority_rank": 2 }, "geometry": { "type": "Point", "coordinates": [ 407736.900000000023283, 3283963.549999999813735 ] } },
{ "type": "Feature", "properties": { "tree_id": 369, "label": "Tree", "confidence": 0.5876, "pixel_xmin": 568.0, "pixel_ymin": 897.0, "pixel_xmax": 611.0, "pixel_ymax": 938.0, "pixel_center_x": 589.5, "pixel_center_y": 917.5, "geo_easting": 407759.0, "geo_northing": 3283908.2, "inside_boundary": false, "verification_priority": "MEDIUM", "priority_reason": "Outside corridor with moderate confidence [Conf: 58.8%]", "priority_rank": 2 }, "geometry": { "type": "Point", "coordinates": [ 407759.0, 3283908.200000000186265 ] } },
{ "type": "Feature", "properties": { "tree_id": 370, "label": "Tree", "confidence": 0.5875, "pixel_xmin": 1990.0, "pixel_ymin": 48.0, "pixel_xmax": 2045.0, "pixel_ymax": 98.0, "pixel_center_x": 2017.5, "pixel_center_y": 73.0, "geo_easting": 407901.8, "geo_northing": 3283992.65, "inside_boundary": false, "verification_priority": "MEDIUM", "priority_reason": "Outside corridor with moderate confidence [Conf: 58.8%]", "priority_rank": 2 }, "geometry": { "type": "Point", "coordinates": [ 407901.799999999988358, 3283992.65 ] } },
{ "type": "Feature", "properties": { "tree_id": 371, "label": "Tree", "confidence": 0.5866, "pixel_xmin": 1608.0, "pixel_ymin": 782.0, "pixel_xmax": 1648.0, "pixel_ymax": 828.0, "pixel_center_x": 1628.0, "pixel_center_y": 805.0, "geo_easting": 407862.85, "geo_northing": 3283919.45, "inside_boundary": true, "verification_priority": "MEDIUM", "priority_reason": "Inside project corridor (corridor impact, statutory check) [Conf: 58.7%]", "priority_rank": 2 }, "geometry": { "type": "Point", "coordinates": [ 407862.849999999976717, 3283919.450000000186265 ] } },
{ "type": "Feature", "properties": { "tree_id": 372, "label": "Tree", "confidence": 0.5864, "pixel_xmin": 46.0, "pixel_ymin": 116.0, "pixel_xmax": 72.0, "pixel_ymax": 142.0, "pixel_center_x": 59.0, "pixel_center_y": 129.0, "geo_easting": 407705.95, "geo_northing": 3283987.05, "inside_boundary": false, "verification_priority": "MEDIUM", "priority_reason": "Outside corridor with moderate confidence [Conf: 58.6%]", "priority_rank": 2 }, "geometry": { "type": "Point", "coordinates": [ 407705.950000000011642, 3283987.049999999813735 ] } },
{ "type": "Feature", "properties": { "tree_id": 373, "label": "Tree", "confidence": 0.5864, "pixel_xmin": 831.0, "pixel_ymin": 721.0, "pixel_xmax": 874.0, "pixel_ymax": 764.0, "pixel_center_x": 852.5, "pixel_center_y": 742.5, "geo_easting": 407785.3, "geo_northing": 3283925.7, "inside_boundary": false, "verification_priority": "MEDIUM", "priority_reason": "Outside corridor with moderate confidence [Conf: 58.6%]", "priority_rank": 2 }, "geometry": { "type": "Point", "coordinates": [ 407785.299999999988358, 3283925.700000000186265 ] } },
{ "type": "Feature", "properties": { "tree_id": 374, "label": "Tree", "confidence": 0.5851, "pixel_xmin": 1078.0, "pixel_ymin": 900.0, "pixel_xmax": 1123.0, "pixel_ymax": 933.0, "pixel_center_x": 1100.5, "pixel_center_y": 916.5, "geo_easting": 407810.1, "geo_northing": 3283908.3, "inside_boundary": false, "verification_priority": "MEDIUM", "priority_reason": "Outside corridor with moderate confidence [Conf: 58.5%]", "priority_rank": 2 }, "geometry": { "type": "Point", "coordinates": [ 407810.099999999976717, 3283908.299999999813735 ] } },
{ "type": "Feature", "properties": { "tree_id": 375, "label": "Tree", "confidence": 0.585, "pixel_xmin": 1660.0, "pixel_ymin": 659.0, "pixel_xmax": 1701.0, "pixel_ymax": 701.0, "pixel_center_x": 1680.5, "pixel_center_y": 680.0, "geo_easting": 407868.1, "geo_northing": 3283931.95, "inside_boundary": false, "verification_priority": "MEDIUM", "priority_reason": "Outside corridor with moderate confidence [Conf: 58.5%]", "priority_rank": 2 }, "geometry": { "type": "Point", "coordinates": [ 407868.099999999976717, 3283931.950000000186265 ] } },
{ "type": "Feature", "properties": { "tree_id": 376, "label": "Tree", "confidence": 0.5849, "pixel_xmin": 677.0, "pixel_ymin": 479.0, "pixel_xmax": 699.0, "pixel_ymax": 509.0, "pixel_center_x": 688.0, "pixel_center_y": 494.0, "geo_easting": 407768.85, "geo_northing": 3283950.55, "inside_boundary": false, "verification_priority": "MEDIUM", "priority_reason": "Outside corridor with moderate confidence [Conf: 58.5%]", "priority_rank": 2 }, "geometry": { "type": "Point", "coordinates": [ 407768.849999999976717, 3283950.549999999813735 ] } },
{ "type": "Feature", "properties": { "tree_id": 377, "label": "Tree", "confidence": 0.5846, "pixel_xmin": 600.0, "pixel_ymin": 1526.0, "pixel_xmax": 630.0, "pixel_ymax": 1565.0, "pixel_center_x": 615.0, "pixel_center_y": 1545.5, "geo_easting": 407761.55, "geo_northing": 3283845.4, "inside_boundary": true, "verification_priority": "MEDIUM", "priority_reason": "Inside project corridor (corridor impact, statutory check) [Conf: 58.5%]", "priority_rank": 2 }, "geometry": { "type": "Point", "coordinates": [ 407761.549999999988358, 3283845.4 ] } },
{ "type": "Feature", "properties": { "tree_id": 378, "label": "Tree", "confidence": 0.5846, "pixel_xmin": 2366.0, "pixel_ymin": 2114.0, "pixel_xmax": 2489.0, "pixel_ymax": 2239.0, "pixel_center_x": 2427.5, "pixel_center_y": 2176.5, "geo_easting": 407942.8, "geo_northing": 3283782.3, "inside_boundary": false, "verification_priority": "MEDIUM", "priority_reason": "Outside corridor with moderate confidence [Conf: 58.5%]", "priority_rank": 2 }, "geometry": { "type": "Point", "coordinates": [ 407942.799999999988358, 3283782.299999999813735 ] } },
{ "type": "Feature", "properties": { "tree_id": 379, "label": "Tree", "confidence": 0.5842, "pixel_xmin": 918.0, "pixel_ymin": 396.0, "pixel_xmax": 954.0, "pixel_ymax": 437.0, "pixel_center_x": 936.0, "pixel_center_y": 416.5, "geo_easting": 407793.65, "geo_northing": 3283958.3, "inside_boundary": false, "verification_priority": "MEDIUM", "priority_reason": "Outside corridor with moderate confidence [Conf: 58.4%]", "priority_rank": 2 }, "geometry": { "type": "Point", "coordinates": [ 407793.650000000023283, 3283958.299999999813735 ] } },
{ "type": "Feature", "properties": { "tree_id": 380, "label": "Tree", "confidence": 0.584, "pixel_xmin": 829.0, "pixel_ymin": 1247.0, "pixel_xmax": 889.0, "pixel_ymax": 1310.0, "pixel_center_x": 859.0, "pixel_center_y": 1278.5, "geo_easting": 407785.95, "geo_northing": 3283872.1, "inside_boundary": true, "verification_priority": "MEDIUM", "priority_reason": "Inside project corridor (corridor impact, statutory check) [Conf: 58.4%]", "priority_rank": 2 }, "geometry": { "type": "Point", "coordinates": [ 407785.950000000011642, 3283872.1 ] } },
{ "type": "Feature", "properties": { "tree_id": 381, "label": "Tree", "confidence": 0.5836, "pixel_xmin": 431.0, "pixel_ymin": 501.0, "pixel_xmax": 460.0, "pixel_ymax": 533.0, "pixel_center_x": 445.5, "pixel_center_y": 517.0, "geo_easting": 407744.6, "geo_northing": 3283948.25, "inside_boundary": false, "verification_priority": "MEDIUM", "priority_reason": "Outside corridor with moderate confidence [Conf: 58.4%]", "priority_rank": 2 }, "geometry": { "type": "Point", "coordinates": [ 407744.599999999976717, 3283948.25 ] } },
{ "type": "Feature", "properties": { "tree_id": 382, "label": "Tree", "confidence": 0.5836, "pixel_xmin": 483.0, "pixel_ymin": 1718.0, "pixel_xmax": 529.0, "pixel_ymax": 1762.0, "pixel_center_x": 506.0, "pixel_center_y": 1740.0, "geo_easting": 407750.65, "geo_northing": 3283825.95, "inside_boundary": true, "verification_priority": "MEDIUM", "priority_reason": "Inside project corridor (corridor impact, statutory check) [Conf: 58.4%]", "priority_rank": 2 }, "geometry": { "type": "Point", "coordinates": [ 407750.650000000023283, 3283825.950000000186265 ] } },
{ "type": "Feature", "properties": { "tree_id": 383, "label": "Tree", "confidence": 0.5834, "pixel_xmin": 987.0, "pixel_ymin": 370.0, "pixel_xmax": 1032.0, "pixel_ymax": 400.0, "pixel_center_x": 1009.5, "pixel_center_y": 385.0, "geo_easting": 407801.0, "geo_northing": 3283961.45, "inside_boundary": false, "verification_priority": "MEDIUM", "priority_reason": "Outside corridor with moderate confidence [Conf: 58.3%]", "priority_rank": 2 }, "geometry": { "type": "Point", "coordinates": [ 407801.0, 3283961.450000000186265 ] } },
{ "type": "Feature", "properties": { "tree_id": 384, "label": "Tree", "confidence": 0.5833, "pixel_xmin": 600.0, "pixel_ymin": 421.0, "pixel_xmax": 639.0, "pixel_ymax": 478.0, "pixel_center_x": 619.5, "pixel_center_y": 449.5, "geo_easting": 407762.0, "geo_northing": 3283955.0, "inside_boundary": false, "verification_priority": "MEDIUM", "priority_reason": "Outside corridor with moderate confidence [Conf: 58.3%]", "priority_rank": 2 }, "geometry": { "type": "Point", "coordinates": [ 407762.0, 3283955.0 ] } },
{ "type": "Feature", "properties": { "tree_id": 385, "label": "Tree", "confidence": 0.5832, "pixel_xmin": 1304.0, "pixel_ymin": 717.0, "pixel_xmax": 1360.0, "pixel_ymax": 777.0, "pixel_center_x": 1332.0, "pixel_center_y": 747.0, "geo_easting": 407833.25, "geo_northing": 3283925.25, "inside_boundary": false, "verification_priority": "MEDIUM", "priority_reason": "Outside corridor with moderate confidence [Conf: 58.3%]", "priority_rank": 2 }, "geometry": { "type": "Point", "coordinates": [ 407833.25, 3283925.25 ] } },
{ "type": "Feature", "properties": { "tree_id": 386, "label": "Tree", "confidence": 0.5828, "pixel_xmin": 2370.0, "pixel_ymin": 2066.0, "pixel_xmax": 2424.0, "pixel_ymax": 2123.0, "pixel_center_x": 2397.0, "pixel_center_y": 2094.5, "geo_easting": 407939.75, "geo_northing": 3283790.5, "inside_boundary": false, "verification_priority": "MEDIUM", "priority_reason": "Outside corridor with moderate confidence [Conf: 58.3%]", "priority_rank": 2 }, "geometry": { "type": "Point", "coordinates": [ 407939.75, 3283790.5 ] } },
{ "type": "Feature", "properties": { "tree_id": 387, "label": "Tree", "confidence": 0.582, "pixel_xmin": 1578.0, "pixel_ymin": 2462.0, "pixel_xmax": 1613.0, "pixel_ymax": 2497.0, "pixel_center_x": 1595.5, "pixel_center_y": 2479.5, "geo_easting": 407859.6, "geo_northing": 3283752.0, "inside_boundary": false, "verification_priority": "MEDIUM", "priority_reason": "Outside corridor with moderate confidence [Conf: 58.2%]", "priority_rank": 2 }, "geometry": { "type": "Point", "coordinates": [ 407859.599999999976717, 3283752.0 ] } },
{ "type": "Feature", "properties": { "tree_id": 388, "label": "Tree", "confidence": 0.5818, "pixel_xmin": 172.0, "pixel_ymin": 915.0, "pixel_xmax": 198.0, "pixel_ymax": 942.0, "pixel_center_x": 185.0, "pixel_center_y": 928.5, "geo_easting": 407718.55, "geo_northing": 3283907.1, "inside_boundary": false, "verification_priority": "MEDIUM", "priority_reason": "Outside corridor with moderate confidence [Conf: 58.2%]", "priority_rank": 2 }, "geometry": { "type": "Point", "coordinates": [ 407718.549999999988358, 3283907.1 ] } },
{ "type": "Feature", "properties": { "tree_id": 389, "label": "Tree", "confidence": 0.5814, "pixel_xmin": 0.0, "pixel_ymin": 828.0, "pixel_xmax": 33.0, "pixel_ymax": 874.0, "pixel_center_x": 16.5, "pixel_center_y": 851.0, "geo_easting": 407701.7, "geo_northing": 3283914.85, "inside_boundary": false, "verification_priority": "MEDIUM", "priority_reason": "Outside corridor with moderate confidence [Conf: 58.1%]", "priority_rank": 2 }, "geometry": { "type": "Point", "coordinates": [ 407701.700000000011642, 3283914.85 ] } },
{ "type": "Feature", "properties": { "tree_id": 390, "label": "Tree", "confidence": 0.5803, "pixel_xmin": 1037.0, "pixel_ymin": 1392.0, "pixel_xmax": 1062.0, "pixel_ymax": 1425.0, "pixel_center_x": 1049.5, "pixel_center_y": 1408.5, "geo_easting": 407805.0, "geo_northing": 3283859.1, "inside_boundary": true, "verification_priority": "MEDIUM", "priority_reason": "Inside project corridor (corridor impact, statutory check) [Conf: 58.0%]", "priority_rank": 2 }, "geometry": { "type": "Point", "coordinates": [ 407805.0, 3283859.1 ] } },
{ "type": "Feature", "properties": { "tree_id": 391, "label": "Tree", "confidence": 0.5795, "pixel_xmin": 1103.0, "pixel_ymin": 942.0, "pixel_xmax": 1148.0, "pixel_ymax": 985.0, "pixel_center_x": 1125.5, "pixel_center_y": 963.5, "geo_easting": 407812.6, "geo_northing": 3283903.6, "inside_boundary": true, "verification_priority": "MEDIUM", "priority_reason": "Inside project corridor (corridor impact, statutory check) [Conf: 58.0%]", "priority_rank": 2 }, "geometry": { "type": "Point", "coordinates": [ 407812.599999999976717, 3283903.6 ] } },
{ "type": "Feature", "properties": { "tree_id": 392, "label": "Tree", "confidence": 0.5793, "pixel_xmin": 1150.0, "pixel_ymin": 911.0, "pixel_xmax": 1190.0, "pixel_ymax": 949.0, "pixel_center_x": 1170.0, "pixel_center_y": 930.0, "geo_easting": 407817.05, "geo_northing": 3283906.95, "inside_boundary": false, "verification_priority": "MEDIUM", "priority_reason": "Outside corridor with moderate confidence [Conf: 57.9%]", "priority_rank": 2 }, "geometry": { "type": "Point", "coordinates": [ 407817.049999999988358, 3283906.950000000186265 ] } },
{ "type": "Feature", "properties": { "tree_id": 393, "label": "Tree", "confidence": 0.5788, "pixel_xmin": 559.0, "pixel_ymin": 671.0, "pixel_xmax": 582.0, "pixel_ymax": 695.0, "pixel_center_x": 570.5, "pixel_center_y": 683.0, "geo_easting": 407757.1, "geo_northing": 3283931.65, "inside_boundary": false, "verification_priority": "MEDIUM", "priority_reason": "Outside corridor with moderate confidence [Conf: 57.9%]", "priority_rank": 2 }, "geometry": { "type": "Point", "coordinates": [ 407757.099999999976717, 3283931.65 ] } },
{ "type": "Feature", "properties": { "tree_id": 394, "label": "Tree", "confidence": 0.5785, "pixel_xmin": 1053.0, "pixel_ymin": 2258.0, "pixel_xmax": 1077.0, "pixel_ymax": 2284.0, "pixel_center_x": 1065.0, "pixel_center_y": 2271.0, "geo_easting": 407806.55, "geo_northing": 3283772.85, "inside_boundary": false, "verification_priority": "MEDIUM", "priority_reason": "Outside corridor with moderate confidence [Conf: 57.9%]", "priority_rank": 2 }, "geometry": { "type": "Point", "coordinates": [ 407806.549999999988358, 3283772.85 ] } },
{ "type": "Feature", "properties": { "tree_id": 395, "label": "Tree", "confidence": 0.5781, "pixel_xmin": 271.0, "pixel_ymin": 1398.0, "pixel_xmax": 330.0, "pixel_ymax": 1461.0, "pixel_center_x": 300.5, "pixel_center_y": 1429.5, "geo_easting": 407730.1, "geo_northing": 3283857.0, "inside_boundary": true, "verification_priority": "MEDIUM", "priority_reason": "Inside project corridor (corridor impact, statutory check) [Conf: 57.8%]", "priority_rank": 2 }, "geometry": { "type": "Point", "coordinates": [ 407730.099999999976717, 3283857.0 ] } },
{ "type": "Feature", "properties": { "tree_id": 396, "label": "Tree", "confidence": 0.5779, "pixel_xmin": 1982.0, "pixel_ymin": 654.0, "pixel_xmax": 2055.0, "pixel_ymax": 740.0, "pixel_center_x": 2018.5, "pixel_center_y": 697.0, "geo_easting": 407901.9, "geo_northing": 3283930.25, "inside_boundary": true, "verification_priority": "MEDIUM", "priority_reason": "Inside project corridor (corridor impact, statutory check) [Conf: 57.8%]", "priority_rank": 2 }, "geometry": { "type": "Point", "coordinates": [ 407901.900000000023283, 3283930.25 ] } },
{ "type": "Feature", "properties": { "tree_id": 397, "label": "Tree", "confidence": 0.5778, "pixel_xmin": 0.0, "pixel_ymin": 1985.0, "pixel_xmax": 59.0, "pixel_ymax": 2068.0, "pixel_center_x": 29.5, "pixel_center_y": 2026.5, "geo_easting": 407703.0, "geo_northing": 3283797.3, "inside_boundary": false, "verification_priority": "MEDIUM", "priority_reason": "Outside corridor with moderate confidence [Conf: 57.8%]", "priority_rank": 2 }, "geometry": { "type": "Point", "coordinates": [ 407703.0, 3283797.299999999813735 ] } },
{ "type": "Feature", "properties": { "tree_id": 398, "label": "Tree", "confidence": 0.5773, "pixel_xmin": 2045.0, "pixel_ymin": 1642.0, "pixel_xmax": 2095.0, "pixel_ymax": 1694.0, "pixel_center_x": 2070.0, "pixel_center_y": 1668.0, "geo_easting": 407907.05, "geo_northing": 3283833.15, "inside_boundary": false, "verification_priority": "MEDIUM", "priority_reason": "Outside corridor with moderate confidence [Conf: 57.7%]", "priority_rank": 2 }, "geometry": { "type": "Point", "coordinates": [ 407907.049999999988358, 3283833.15 ] } },
{ "type": "Feature", "properties": { "tree_id": 399, "label": "Tree", "confidence": 0.5762, "pixel_xmin": 673.0, "pixel_ymin": 0.0, "pixel_xmax": 700.0, "pixel_ymax": 33.0, "pixel_center_x": 686.5, "pixel_center_y": 16.5, "geo_easting": 407768.7, "geo_northing": 3283998.3, "inside_boundary": false, "verification_priority": "MEDIUM", "priority_reason": "Outside corridor with moderate confidence [Conf: 57.6%]", "priority_rank": 2 }, "geometry": { "type": "Point", "coordinates": [ 407768.700000000011642, 3283998.299999999813735 ] } },
{ "type": "Feature", "properties": { "tree_id": 400, "label": "Tree", "confidence": 0.5754, "pixel_xmin": 2038.0, "pixel_ymin": 1200.0, "pixel_xmax": 2082.0, "pixel_ymax": 1230.0, "pixel_center_x": 2060.0, "pixel_center_y": 1215.0, "geo_easting": 407906.05, "geo_northing": 3283878.45, "inside_boundary": false, "verification_priority": "MEDIUM", "priority_reason": "Outside corridor with moderate confidence [Conf: 57.5%]", "priority_rank": 2 }, "geometry": { "type": "Point", "coordinates": [ 407906.049999999988358, 3283878.450000000186265 ] } },
{ "type": "Feature", "properties": { "tree_id": 401, "label": "Tree", "confidence": 0.5743, "pixel_xmin": 1128.0, "pixel_ymin": 1810.0, "pixel_xmax": 1164.0, "pixel_ymax": 1851.0, "pixel_center_x": 1146.0, "pixel_center_y": 1830.5, "geo_easting": 407814.65, "geo_northing": 3283816.9, "inside_boundary": false, "verification_priority": "MEDIUM", "priority_reason": "Outside corridor with moderate confidence [Conf: 57.4%]", "priority_rank": 2 }, "geometry": { "type": "Point", "coordinates": [ 407814.650000000023283, 3283816.9 ] } },
{ "type": "Feature", "properties": { "tree_id": 402, "label": "Tree", "confidence": 0.5736, "pixel_xmin": 1751.0, "pixel_ymin": 1640.0, "pixel_xmax": 1799.0, "pixel_ymax": 1688.0, "pixel_center_x": 1775.0, "pixel_center_y": 1664.0, "geo_easting": 407877.55, "geo_northing": 3283833.55, "inside_boundary": false, "verification_priority": "MEDIUM", "priority_reason": "Outside corridor with moderate confidence [Conf: 57.4%]", "priority_rank": 2 }, "geometry": { "type": "Point", "coordinates": [ 407877.549999999988358, 3283833.549999999813735 ] } },
{ "type": "Feature", "properties": { "tree_id": 403, "label": "Tree", "confidence": 0.5732, "pixel_xmin": 1211.0, "pixel_ymin": 1469.0, "pixel_xmax": 1240.0, "pixel_ymax": 1498.0, "pixel_center_x": 1225.5, "pixel_center_y": 1483.5, "geo_easting": 407822.6, "geo_northing": 3283851.6, "inside_boundary": true, "verification_priority": "MEDIUM", "priority_reason": "Inside project corridor (corridor impact, statutory check) [Conf: 57.3%]", "priority_rank": 2 }, "geometry": { "type": "Point", "coordinates": [ 407822.599999999976717, 3283851.6 ] } },
{ "type": "Feature", "properties": { "tree_id": 404, "label": "Tree", "confidence": 0.5732, "pixel_xmin": 1218.0, "pixel_ymin": 2323.0, "pixel_xmax": 1244.0, "pixel_ymax": 2352.0, "pixel_center_x": 1231.0, "pixel_center_y": 2337.5, "geo_easting": 407823.15, "geo_northing": 3283766.2, "inside_boundary": false, "verification_priority": "MEDIUM", "priority_reason": "Outside corridor with moderate confidence [Conf: 57.3%]", "priority_rank": 2 }, "geometry": { "type": "Point", "coordinates": [ 407823.150000000023283, 3283766.200000000186265 ] } },
{ "type": "Feature", "properties": { "tree_id": 405, "label": "Tree", "confidence": 0.5724, "pixel_xmin": 1365.0, "pixel_ymin": 375.0, "pixel_xmax": 1403.0, "pixel_ymax": 414.0, "pixel_center_x": 1384.0, "pixel_center_y": 394.5, "geo_easting": 407838.45, "geo_northing": 3283960.5, "inside_boundary": false, "verification_priority": "MEDIUM", "priority_reason": "Outside corridor with moderate confidence [Conf: 57.2%]", "priority_rank": 2 }, "geometry": { "type": "Point", "coordinates": [ 407838.450000000011642, 3283960.5 ] } },
{ "type": "Feature", "properties": { "tree_id": 406, "label": "Tree", "confidence": 0.5723, "pixel_xmin": 763.0, "pixel_ymin": 0.0, "pixel_xmax": 816.0, "pixel_ymax": 26.0, "pixel_center_x": 789.5, "pixel_center_y": 13.0, "geo_easting": 407779.0, "geo_northing": 3283998.65, "inside_boundary": false, "verification_priority": "MEDIUM", "priority_reason": "Outside corridor with moderate confidence [Conf: 57.2%]", "priority_rank": 2 }, "geometry": { "type": "Point", "coordinates": [ 407779.0, 3283998.65 ] } },
{ "type": "Feature", "properties": { "tree_id": 407, "label": "Tree", "confidence": 0.5719, "pixel_xmin": 1139.0, "pixel_ymin": 52.0, "pixel_xmax": 1199.0, "pixel_ymax": 114.0, "pixel_center_x": 1169.0, "pixel_center_y": 83.0, "geo_easting": 407816.95, "geo_northing": 3283991.65, "inside_boundary": false, "verification_priority": "MEDIUM", "priority_reason": "Outside corridor with moderate confidence [Conf: 57.2%]", "priority_rank": 2 }, "geometry": { "type": "Point", "coordinates": [ 407816.950000000011642, 3283991.65 ] } },
{ "type": "Feature", "properties": { "tree_id": 408, "label": "Tree", "confidence": 0.5718, "pixel_xmin": 1609.0, "pixel_ymin": 1888.0, "pixel_xmax": 1646.0, "pixel_ymax": 1929.0, "pixel_center_x": 1627.5, "pixel_center_y": 1908.5, "geo_easting": 407862.8, "geo_northing": 3283809.1, "inside_boundary": false, "verification_priority": "MEDIUM", "priority_reason": "Outside corridor with moderate confidence [Conf: 57.2%]", "priority_rank": 2 }, "geometry": { "type": "Point", "coordinates": [ 407862.799999999988358, 3283809.1 ] } },
{ "type": "Feature", "properties": { "tree_id": 409, "label": "Tree", "confidence": 0.5711, "pixel_xmin": 2208.0, "pixel_ymin": 1183.0, "pixel_xmax": 2248.0, "pixel_ymax": 1226.0, "pixel_center_x": 2228.0, "pixel_center_y": 1204.5, "geo_easting": 407922.85, "geo_northing": 3283879.5, "inside_boundary": false, "verification_priority": "MEDIUM", "priority_reason": "Outside corridor with moderate confidence [Conf: 57.1%]", "priority_rank": 2 }, "geometry": { "type": "Point", "coordinates": [ 407922.849999999976717, 3283879.5 ] } },
{ "type": "Feature", "properties": { "tree_id": 410, "label": "Tree", "confidence": 0.5711, "pixel_xmin": 2165.0, "pixel_ymin": 1531.0, "pixel_xmax": 2204.0, "pixel_ymax": 1572.0, "pixel_center_x": 2184.5, "pixel_center_y": 1551.5, "geo_easting": 407918.5, "geo_northing": 3283844.8, "inside_boundary": false, "verification_priority": "MEDIUM", "priority_reason": "Outside corridor with moderate confidence [Conf: 57.1%]", "priority_rank": 2 }, "geometry": { "type": "Point", "coordinates": [ 407918.5, 3283844.799999999813735 ] } },
{ "type": "Feature", "properties": { "tree_id": 411, "label": "Tree", "confidence": 0.571, "pixel_xmin": 1346.0, "pixel_ymin": 1580.0, "pixel_xmax": 1373.0, "pixel_ymax": 1600.0, "pixel_center_x": 1359.5, "pixel_center_y": 1590.0, "geo_easting": 407836.0, "geo_northing": 3283840.95, "inside_boundary": false, "verification_priority": "MEDIUM", "priority_reason": "Outside corridor with moderate confidence [Conf: 57.1%]", "priority_rank": 2 }, "geometry": { "type": "Point", "coordinates": [ 407836.0, 3283840.950000000186265 ] } },
{ "type": "Feature", "properties": { "tree_id": 412, "label": "Tree", "confidence": 0.5708, "pixel_xmin": 234.0, "pixel_ymin": 0.0, "pixel_xmax": 280.0, "pixel_ymax": 43.0, "pixel_center_x": 257.0, "pixel_center_y": 21.5, "geo_easting": 407725.75, "geo_northing": 3283997.8, "inside_boundary": false, "verification_priority": "MEDIUM", "priority_reason": "Outside corridor with moderate confidence [Conf: 57.1%]", "priority_rank": 2 }, "geometry": { "type": "Point", "coordinates": [ 407725.75, 3283997.799999999813735 ] } },
{ "type": "Feature", "properties": { "tree_id": 413, "label": "Tree", "confidence": 0.5707, "pixel_xmin": 70.0, "pixel_ymin": 1107.0, "pixel_xmax": 111.0, "pixel_ymax": 1145.0, "pixel_center_x": 90.5, "pixel_center_y": 1126.0, "geo_easting": 407709.1, "geo_northing": 3283887.35, "inside_boundary": false, "verification_priority": "MEDIUM", "priority_reason": "Outside corridor with moderate confidence [Conf: 57.1%]", "priority_rank": 2 }, "geometry": { "type": "Point", "coordinates": [ 407709.099999999976717, 3283887.35 ] } },
{ "type": "Feature", "properties": { "tree_id": 414, "label": "Tree", "confidence": 0.5704, "pixel_xmin": 1630.0, "pixel_ymin": 133.0, "pixel_xmax": 1692.0, "pixel_ymax": 196.0, "pixel_center_x": 1661.0, "pixel_center_y": 164.5, "geo_easting": 407866.15, "geo_northing": 3283983.5, "inside_boundary": false, "verification_priority": "MEDIUM", "priority_reason": "Outside corridor with moderate confidence [Conf: 57.0%]", "priority_rank": 2 }, "geometry": { "type": "Point", "coordinates": [ 407866.150000000023283, 3283983.5 ] } },
{ "type": "Feature", "properties": { "tree_id": 415, "label": "Tree", "confidence": 0.5704, "pixel_xmin": 935.0, "pixel_ymin": 137.0, "pixel_xmax": 999.0, "pixel_ymax": 224.0, "pixel_center_x": 967.0, "pixel_center_y": 180.5, "geo_easting": 407796.75, "geo_northing": 3283981.9, "inside_boundary": false, "verification_priority": "MEDIUM", "priority_reason": "Outside corridor with moderate confidence [Conf: 57.0%]", "priority_rank": 2 }, "geometry": { "type": "Point", "coordinates": [ 407796.75, 3283981.9 ] } },
{ "type": "Feature", "properties": { "tree_id": 416, "label": "Tree", "confidence": 0.5703, "pixel_xmin": 1045.0, "pixel_ymin": 600.0, "pixel_xmax": 1092.0, "pixel_ymax": 635.0, "pixel_center_x": 1068.5, "pixel_center_y": 617.5, "geo_easting": 407806.9, "geo_northing": 3283938.2, "inside_boundary": false, "verification_priority": "MEDIUM", "priority_reason": "Outside corridor with moderate confidence [Conf: 57.0%]", "priority_rank": 2 }, "geometry": { "type": "Point", "coordinates": [ 407806.900000000023283, 3283938.200000000186265 ] } },
{ "type": "Feature", "properties": { "tree_id": 417, "label": "Tree", "confidence": 0.5699, "pixel_xmin": 536.0, "pixel_ymin": 872.0, "pixel_xmax": 574.0, "pixel_ymax": 911.0, "pixel_center_x": 555.0, "pixel_center_y": 891.5, "geo_easting": 407755.55, "geo_northing": 3283910.8, "inside_boundary": false, "verification_priority": "MEDIUM", "priority_reason": "Outside corridor with moderate confidence [Conf: 57.0%]", "priority_rank": 2 }, "geometry": { "type": "Point", "coordinates": [ 407755.549999999988358, 3283910.799999999813735 ] } },
{ "type": "Feature", "properties": { "tree_id": 418, "label": "Tree", "confidence": 0.5698, "pixel_xmin": 1800.0, "pixel_ymin": 965.0, "pixel_xmax": 1838.0, "pixel_ymax": 1015.0, "pixel_center_x": 1819.0, "pixel_center_y": 990.0, "geo_easting": 407881.95, "geo_northing": 3283900.95, "inside_boundary": true, "verification_priority": "MEDIUM", "priority_reason": "Inside project corridor (corridor impact, statutory check) [Conf: 57.0%]", "priority_rank": 2 }, "geometry": { "type": "Point", "coordinates": [ 407881.950000000011642, 3283900.950000000186265 ] } },
{ "type": "Feature", "properties": { "tree_id": 419, "label": "Tree", "confidence": 0.5697, "pixel_xmin": 1395.0, "pixel_ymin": 758.0, "pixel_xmax": 1439.0, "pixel_ymax": 798.0, "pixel_center_x": 1417.0, "pixel_center_y": 778.0, "geo_easting": 407841.75, "geo_northing": 3283922.15, "inside_boundary": false, "verification_priority": "MEDIUM", "priority_reason": "Outside corridor with moderate confidence [Conf: 57.0%]", "priority_rank": 2 }, "geometry": { "type": "Point", "coordinates": [ 407841.75, 3283922.15 ] } },
{ "type": "Feature", "properties": { "tree_id": 420, "label": "Tree", "confidence": 0.5697, "pixel_xmin": 168.0, "pixel_ymin": 600.0, "pixel_xmax": 199.0, "pixel_ymax": 627.0, "pixel_center_x": 183.5, "pixel_center_y": 613.5, "geo_easting": 407718.4, "geo_northing": 3283938.6, "inside_boundary": false, "verification_priority": "MEDIUM", "priority_reason": "Outside corridor with moderate confidence [Conf: 57.0%]", "priority_rank": 2 }, "geometry": { "type": "Point", "coordinates": [ 407718.400000000023283, 3283938.6 ] } },
{ "type": "Feature", "properties": { "tree_id": 421, "label": "Tree", "confidence": 0.5696, "pixel_xmin": 1616.0, "pixel_ymin": 744.0, "pixel_xmax": 1649.0, "pixel_ymax": 777.0, "pixel_center_x": 1632.5, "pixel_center_y": 760.5, "geo_easting": 407863.3, "geo_northing": 3283923.9, "inside_boundary": true, "verification_priority": "MEDIUM", "priority_reason": "Inside project corridor (corridor impact, statutory check) [Conf: 57.0%]", "priority_rank": 2 }, "geometry": { "type": "Point", "coordinates": [ 407863.299999999988358, 3283923.9 ] } },
{ "type": "Feature", "properties": { "tree_id": 422, "label": "Tree", "confidence": 0.5695, "pixel_xmin": 1858.0, "pixel_ymin": 2104.0, "pixel_xmax": 1899.0, "pixel_ymax": 2147.0, "pixel_center_x": 1878.5, "pixel_center_y": 2125.5, "geo_easting": 407887.9, "geo_northing": 3283787.4, "inside_boundary": false, "verification_priority": "MEDIUM", "priority_reason": "Outside corridor with moderate confidence [Conf: 57.0%]", "priority_rank": 2 }, "geometry": { "type": "Point", "coordinates": [ 407887.900000000023283, 3283787.4 ] } },
{ "type": "Feature", "properties": { "tree_id": 423, "label": "Tree", "confidence": 0.5689, "pixel_xmin": 1999.0, "pixel_ymin": 2015.0, "pixel_xmax": 2032.0, "pixel_ymax": 2047.0, "pixel_center_x": 2015.5, "pixel_center_y": 2031.0, "geo_easting": 407901.6, "geo_northing": 3283796.85, "inside_boundary": false, "verification_priority": "MEDIUM", "priority_reason": "Outside corridor with moderate confidence [Conf: 56.9%]", "priority_rank": 2 }, "geometry": { "type": "Point", "coordinates": [ 407901.599999999976717, 3283796.85 ] } },
{ "type": "Feature", "properties": { "tree_id": 424, "label": "Tree", "confidence": 0.5686, "pixel_xmin": 1288.0, "pixel_ymin": 2184.0, "pixel_xmax": 1336.0, "pixel_ymax": 2234.0, "pixel_center_x": 1312.0, "pixel_center_y": 2209.0, "geo_easting": 407831.25, "geo_northing": 3283779.05, "inside_boundary": false, "verification_priority": "MEDIUM", "priority_reason": "Outside corridor with moderate confidence [Conf: 56.9%]", "priority_rank": 2 }, "geometry": { "type": "Point", "coordinates": [ 407831.25, 3283779.049999999813735 ] } },
{ "type": "Feature", "properties": { "tree_id": 425, "label": "Tree", "confidence": 0.5685, "pixel_xmin": 1431.0, "pixel_ymin": 1936.0, "pixel_xmax": 1461.0, "pixel_ymax": 1971.0, "pixel_center_x": 1446.0, "pixel_center_y": 1953.5, "geo_easting": 407844.65, "geo_northing": 3283804.6, "inside_boundary": false, "verification_priority": "MEDIUM", "priority_reason": "Outside corridor with moderate confidence [Conf: 56.9%]", "priority_rank": 2 }, "geometry": { "type": "Point", "coordinates": [ 407844.650000000023283, 3283804.6 ] } },
{ "type": "Feature", "properties": { "tree_id": 426, "label": "Tree", "confidence": 0.5674, "pixel_xmin": 1200.0, "pixel_ymin": 321.0, "pixel_xmax": 1228.0, "pixel_ymax": 356.0, "pixel_center_x": 1214.0, "pixel_center_y": 338.5, "geo_easting": 407821.45, "geo_northing": 3283966.1, "inside_boundary": false, "verification_priority": "MEDIUM", "priority_reason": "Outside corridor with moderate confidence [Conf: 56.7%]", "priority_rank": 2 }, "geometry": { "type": "Point", "coordinates": [ 407821.450000000011642, 3283966.1 ] } },
{ "type": "Feature", "properties": { "tree_id": 427, "label": "Tree", "confidence": 0.5668, "pixel_xmin": 1599.0, "pixel_ymin": 1446.0, "pixel_xmax": 1641.0, "pixel_ymax": 1491.0, "pixel_center_x": 1620.0, "pixel_center_y": 1468.5, "geo_easting": 407862.05, "geo_northing": 3283853.1, "inside_boundary": false, "verification_priority": "MEDIUM", "priority_reason": "Outside corridor with moderate confidence [Conf: 56.7%]", "priority_rank": 2 }, "geometry": { "type": "Point", "coordinates": [ 407862.049999999988358, 3283853.1 ] } },
{ "type": "Feature", "properties": { "tree_id": 428, "label": "Tree", "confidence": 0.5668, "pixel_xmin": 389.0, "pixel_ymin": 1131.0, "pixel_xmax": 420.0, "pixel_ymax": 1166.0, "pixel_center_x": 404.5, "pixel_center_y": 1148.5, "geo_easting": 407740.5, "geo_northing": 3283885.1, "inside_boundary": false, "verification_priority": "MEDIUM", "priority_reason": "Outside corridor with moderate confidence [Conf: 56.7%]", "priority_rank": 2 }, "geometry": { "type": "Point", "coordinates": [ 407740.5, 3283885.1 ] } },
{ "type": "Feature", "properties": { "tree_id": 429, "label": "Tree", "confidence": 0.5664, "pixel_xmin": 1425.0, "pixel_ymin": 480.0, "pixel_xmax": 1475.0, "pixel_ymax": 531.0, "pixel_center_x": 1450.0, "pixel_center_y": 505.5, "geo_easting": 407845.05, "geo_northing": 3283949.4, "inside_boundary": false, "verification_priority": "MEDIUM", "priority_reason": "Outside corridor with moderate confidence [Conf: 56.6%]", "priority_rank": 2 }, "geometry": { "type": "Point", "coordinates": [ 407845.049999999988358, 3283949.4 ] } },
{ "type": "Feature", "properties": { "tree_id": 430, "label": "Tree", "confidence": 0.5663, "pixel_xmin": 2344.0, "pixel_ymin": 1744.0, "pixel_xmax": 2380.0, "pixel_ymax": 1783.0, "pixel_center_x": 2362.0, "pixel_center_y": 1763.5, "geo_easting": 407936.25, "geo_northing": 3283823.6, "inside_boundary": false, "verification_priority": "MEDIUM", "priority_reason": "Outside corridor with moderate confidence [Conf: 56.6%]", "priority_rank": 2 }, "geometry": { "type": "Point", "coordinates": [ 407936.25, 3283823.6 ] } },
{ "type": "Feature", "properties": { "tree_id": 431, "label": "Tree", "confidence": 0.5662, "pixel_xmin": 2034.0, "pixel_ymin": 2005.0, "pixel_xmax": 2063.0, "pixel_ymax": 2037.0, "pixel_center_x": 2048.5, "pixel_center_y": 2021.0, "geo_easting": 407904.9, "geo_northing": 3283797.85, "inside_boundary": false, "verification_priority": "MEDIUM", "priority_reason": "Outside corridor with moderate confidence [Conf: 56.6%]", "priority_rank": 2 }, "geometry": { "type": "Point", "coordinates": [ 407904.900000000023283, 3283797.85 ] } },
{ "type": "Feature", "properties": { "tree_id": 432, "label": "Tree", "confidence": 0.566, "pixel_xmin": 1232.0, "pixel_ymin": 1632.0, "pixel_xmax": 1267.0, "pixel_ymax": 1669.0, "pixel_center_x": 1249.5, "pixel_center_y": 1650.5, "geo_easting": 407825.0, "geo_northing": 3283834.9, "inside_boundary": false, "verification_priority": "MEDIUM", "priority_reason": "Outside corridor with moderate confidence [Conf: 56.6%]", "priority_rank": 2 }, "geometry": { "type": "Point", "coordinates": [ 407825.0, 3283834.9 ] } },
{ "type": "Feature", "properties": { "tree_id": 433, "label": "Tree", "confidence": 0.5658, "pixel_xmin": 1233.0, "pixel_ymin": 294.0, "pixel_xmax": 1263.0, "pixel_ymax": 328.0, "pixel_center_x": 1248.0, "pixel_center_y": 311.0, "geo_easting": 407824.85, "geo_northing": 3283968.85, "inside_boundary": false, "verification_priority": "MEDIUM", "priority_reason": "Outside corridor with moderate confidence [Conf: 56.6%]", "priority_rank": 2 }, "geometry": { "type": "Point", "coordinates": [ 407824.849999999976717, 3283968.85 ] } },
{ "type": "Feature", "properties": { "tree_id": 434, "label": "Tree", "confidence": 0.5656, "pixel_xmin": 941.0, "pixel_ymin": 738.0, "pixel_xmax": 981.0, "pixel_ymax": 778.0, "pixel_center_x": 961.0, "pixel_center_y": 758.0, "geo_easting": 407796.15, "geo_northing": 3283924.15, "inside_boundary": false, "verification_priority": "MEDIUM", "priority_reason": "Outside corridor with moderate confidence [Conf: 56.6%]", "priority_rank": 2 }, "geometry": { "type": "Point", "coordinates": [ 407796.150000000023283, 3283924.15 ] } },
{ "type": "Feature", "properties": { "tree_id": 435, "label": "Tree", "confidence": 0.5654, "pixel_xmin": 1063.0, "pixel_ymin": 457.0, "pixel_xmax": 1109.0, "pixel_ymax": 506.0, "pixel_center_x": 1086.0, "pixel_center_y": 481.5, "geo_easting": 407808.65, "geo_northing": 3283951.8, "inside_boundary": false, "verification_priority": "MEDIUM", "priority_reason": "Outside corridor with moderate confidence [Conf: 56.5%]", "priority_rank": 2 }, "geometry": { "type": "Point", "coordinates": [ 407808.650000000023283, 3283951.799999999813735 ] } },
{ "type": "Feature", "properties": { "tree_id": 436, "label": "Tree", "confidence": 0.5648, "pixel_xmin": 2044.0, "pixel_ymin": 1270.0, "pixel_xmax": 2087.0, "pixel_ymax": 1299.0, "pixel_center_x": 2065.5, "pixel_center_y": 1284.5, "geo_easting": 407906.6, "geo_northing": 3283871.5, "inside_boundary": false, "verification_priority": "MEDIUM", "priority_reason": "Outside corridor with moderate confidence [Conf: 56.5%]", "priority_rank": 2 }, "geometry": { "type": "Point", "coordinates": [ 407906.599999999976717, 3283871.5 ] } },
{ "type": "Feature", "properties": { "tree_id": 437, "label": "Tree", "confidence": 0.5648, "pixel_xmin": 1084.0, "pixel_ymin": 208.0, "pixel_xmax": 1114.0, "pixel_ymax": 240.0, "pixel_center_x": 1099.0, "pixel_center_y": 224.0, "geo_easting": 407809.95, "geo_northing": 3283977.55, "inside_boundary": false, "verification_priority": "MEDIUM", "priority_reason": "Outside corridor with moderate confidence [Conf: 56.5%]", "priority_rank": 2 }, "geometry": { "type": "Point", "coordinates": [ 407809.950000000011642, 3283977.549999999813735 ] } },
{ "type": "Feature", "properties": { "tree_id": 438, "label": "Tree", "confidence": 0.5646, "pixel_xmin": 1268.0, "pixel_ymin": 254.0, "pixel_xmax": 1291.0, "pixel_ymax": 276.0, "pixel_center_x": 1279.5, "pixel_center_y": 265.0, "geo_easting": 407828.0, "geo_northing": 3283973.45, "inside_boundary": false, "verification_priority": "MEDIUM", "priority_reason": "Outside corridor with moderate confidence [Conf: 56.5%]", "priority_rank": 2 }, "geometry": { "type": "Point", "coordinates": [ 407828.0, 3283973.450000000186265 ] } },
{ "type": "Feature", "properties": { "tree_id": 439, "label": "Tree", "confidence": 0.5646, "pixel_xmin": 2112.0, "pixel_ymin": 1737.0, "pixel_xmax": 2168.0, "pixel_ymax": 1788.0, "pixel_center_x": 2140.0, "pixel_center_y": 1762.5, "geo_easting": 407914.05, "geo_northing": 3283823.7, "inside_boundary": false, "verification_priority": "MEDIUM", "priority_reason": "Outside corridor with moderate confidence [Conf: 56.5%]", "priority_rank": 2 }, "geometry": { "type": "Point", "coordinates": [ 407914.049999999988358, 3283823.700000000186265 ] } },
{ "type": "Feature", "properties": { "tree_id": 440, "label": "Tree", "confidence": 0.5639, "pixel_xmin": 229.0, "pixel_ymin": 2259.0, "pixel_xmax": 262.0, "pixel_ymax": 2295.0, "pixel_center_x": 245.5, "pixel_center_y": 2277.0, "geo_easting": 407724.6, "geo_northing": 3283772.25, "inside_boundary": false, "verification_priority": "MEDIUM", "priority_reason": "Outside corridor with moderate confidence [Conf: 56.4%]", "priority_rank": 2 }, "geometry": { "type": "Point", "coordinates": [ 407724.599999999976717, 3283772.25 ] } },
{ "type": "Feature", "properties": { "tree_id": 441, "label": "Tree", "confidence": 0.5636, "pixel_xmin": 1972.0, "pixel_ymin": 2246.0, "pixel_xmax": 2000.0, "pixel_ymax": 2273.0, "pixel_center_x": 1986.0, "pixel_center_y": 2259.5, "geo_easting": 407898.65, "geo_northing": 3283774.0, "inside_boundary": false, "verification_priority": "MEDIUM", "priority_reason": "Outside corridor with moderate confidence [Conf: 56.4%]", "priority_rank": 2 }, "geometry": { "type": "Point", "coordinates": [ 407898.650000000023283, 3283774.0 ] } },
{ "type": "Feature", "properties": { "tree_id": 442, "label": "Tree", "confidence": 0.563, "pixel_xmin": 1715.0, "pixel_ymin": 2075.0, "pixel_xmax": 1751.0, "pixel_ymax": 2113.0, "pixel_center_x": 1733.0, "pixel_center_y": 2094.0, "geo_easting": 407873.35, "geo_northing": 3283790.55, "inside_boundary": false, "verification_priority": "MEDIUM", "priority_reason": "Outside corridor with moderate confidence [Conf: 56.3%]", "priority_rank": 2 }, "geometry": { "type": "Point", "coordinates": [ 407873.349999999976717, 3283790.549999999813735 ] } },
{ "type": "Feature", "properties": { "tree_id": 443, "label": "Tree", "confidence": 0.5624, "pixel_xmin": 300.0, "pixel_ymin": 601.0, "pixel_xmax": 333.0, "pixel_ymax": 631.0, "pixel_center_x": 316.5, "pixel_center_y": 616.0, "geo_easting": 407731.7, "geo_northing": 3283938.35, "inside_boundary": false, "verification_priority": "MEDIUM", "priority_reason": "Outside corridor with moderate confidence [Conf: 56.2%]", "priority_rank": 2 }, "geometry": { "type": "Point", "coordinates": [ 407731.700000000011642, 3283938.35 ] } },
{ "type": "Feature", "properties": { "tree_id": 444, "label": "Tree", "confidence": 0.5621, "pixel_xmin": 2103.0, "pixel_ymin": 681.0, "pixel_xmax": 2170.0, "pixel_ymax": 754.0, "pixel_center_x": 2136.5, "pixel_center_y": 717.5, "geo_easting": 407913.7, "geo_northing": 3283928.2, "inside_boundary": true, "verification_priority": "MEDIUM", "priority_reason": "Inside project corridor (corridor impact, statutory check) [Conf: 56.2%]", "priority_rank": 2 }, "geometry": { "type": "Point", "coordinates": [ 407913.700000000011642, 3283928.200000000186265 ] } },
{ "type": "Feature", "properties": { "tree_id": 445, "label": "Tree", "confidence": 0.5617, "pixel_xmin": 1881.0, "pixel_ymin": 604.0, "pixel_xmax": 1934.0, "pixel_ymax": 659.0, "pixel_center_x": 1907.5, "pixel_center_y": 631.5, "geo_easting": 407890.8, "geo_northing": 3283936.8, "inside_boundary": false, "verification_priority": "MEDIUM", "priority_reason": "Outside corridor with moderate confidence [Conf: 56.2%]", "priority_rank": 2 }, "geometry": { "type": "Point", "coordinates": [ 407890.799999999988358, 3283936.799999999813735 ] } },
{ "type": "Feature", "properties": { "tree_id": 446, "label": "Tree", "confidence": 0.5613, "pixel_xmin": 1587.0, "pixel_ymin": 2409.0, "pixel_xmax": 1635.0, "pixel_ymax": 2459.0, "pixel_center_x": 1611.0, "pixel_center_y": 2434.0, "geo_easting": 407861.15, "geo_northing": 3283756.55, "inside_boundary": false, "verification_priority": "MEDIUM", "priority_reason": "Outside corridor with moderate confidence [Conf: 56.1%]", "priority_rank": 2 }, "geometry": { "type": "Point", "coordinates": [ 407861.150000000023283, 3283756.549999999813735 ] } },
{ "type": "Feature", "properties": { "tree_id": 447, "label": "Tree", "confidence": 0.5611, "pixel_xmin": 1706.0, "pixel_ymin": 155.0, "pixel_xmax": 1745.0, "pixel_ymax": 195.0, "pixel_center_x": 1725.5, "pixel_center_y": 175.0, "geo_easting": 407872.6, "geo_northing": 3283982.45, "inside_boundary": false, "verification_priority": "MEDIUM", "priority_reason": "Outside corridor with moderate confidence [Conf: 56.1%]", "priority_rank": 2 }, "geometry": { "type": "Point", "coordinates": [ 407872.599999999976717, 3283982.450000000186265 ] } },
{ "type": "Feature", "properties": { "tree_id": 448, "label": "Tree", "confidence": 0.5609, "pixel_xmin": 2013.0, "pixel_ymin": 744.0, "pixel_xmax": 2073.0, "pixel_ymax": 811.0, "pixel_center_x": 2043.0, "pixel_center_y": 777.5, "geo_easting": 407904.35, "geo_northing": 3283922.2, "inside_boundary": true, "verification_priority": "MEDIUM", "priority_reason": "Inside project corridor (corridor impact, statutory check) [Conf: 56.1%]", "priority_rank": 2 }, "geometry": { "type": "Point", "coordinates": [ 407904.349999999976717, 3283922.200000000186265 ] } },
{ "type": "Feature", "properties": { "tree_id": 449, "label": "Tree", "confidence": 0.5607, "pixel_xmin": 1990.0, "pixel_ymin": 910.0, "pixel_xmax": 2023.0, "pixel_ymax": 946.0, "pixel_center_x": 2006.5, "pixel_center_y": 928.0, "geo_easting": 407900.7, "geo_northing": 3283907.15, "inside_boundary": true, "verification_priority": "MEDIUM", "priority_reason": "Inside project corridor (corridor impact, statutory check) [Conf: 56.1%]", "priority_rank": 2 }, "geometry": { "type": "Point", "coordinates": [ 407900.700000000011642, 3283907.15 ] } },
{ "type": "Feature", "properties": { "tree_id": 450, "label": "Tree", "confidence": 0.5606, "pixel_xmin": 300.0, "pixel_ymin": 836.0, "pixel_xmax": 364.0, "pixel_ymax": 912.0, "pixel_center_x": 332.0, "pixel_center_y": 874.0, "geo_easting": 407733.25, "geo_northing": 3283912.55, "inside_boundary": false, "verification_priority": "MEDIUM", "priority_reason": "Outside corridor with moderate confidence [Conf: 56.1%]", "priority_rank": 2 }, "geometry": { "type": "Point", "coordinates": [ 407733.25, 3283912.549999999813735 ] } },
{ "type": "Feature", "properties": { "tree_id": 451, "label": "Tree", "confidence": 0.5599, "pixel_xmin": 567.0, "pixel_ymin": 2342.0, "pixel_xmax": 606.0, "pixel_ymax": 2380.0, "pixel_center_x": 586.5, "pixel_center_y": 2361.0, "geo_easting": 407758.7, "geo_northing": 3283763.85, "inside_boundary": false, "verification_priority": "MEDIUM", "priority_reason": "Outside corridor with moderate confidence [Conf: 56.0%]", "priority_rank": 2 }, "geometry": { "type": "Point", "coordinates": [ 407758.700000000011642, 3283763.85 ] } },
{ "type": "Feature", "properties": { "tree_id": 452, "label": "Tree", "confidence": 0.5599, "pixel_xmin": 1684.0, "pixel_ymin": 710.0, "pixel_xmax": 1755.0, "pixel_ymax": 782.0, "pixel_center_x": 1719.5, "pixel_center_y": 746.0, "geo_easting": 407872.0, "geo_northing": 3283925.35, "inside_boundary": true, "verification_priority": "MEDIUM", "priority_reason": "Inside project corridor (corridor impact, statutory check) [Conf: 56.0%]", "priority_rank": 2 }, "geometry": { "type": "Point", "coordinates": [ 407872.0, 3283925.35 ] } },
{ "type": "Feature", "properties": { "tree_id": 453, "label": "Tree", "confidence": 0.5596, "pixel_xmin": 500.0, "pixel_ymin": 35.0, "pixel_xmax": 522.0, "pixel_ymax": 59.0, "pixel_center_x": 511.0, "pixel_center_y": 47.0, "geo_easting": 407751.15, "geo_northing": 3283995.25, "inside_boundary": false, "verification_priority": "MEDIUM", "priority_reason": "Outside corridor with moderate confidence [Conf: 56.0%]", "priority_rank": 2 }, "geometry": { "type": "Point", "coordinates": [ 407751.150000000023283, 3283995.25 ] } },
{ "type": "Feature", "properties": { "tree_id": 454, "label": "Tree", "confidence": 0.5593, "pixel_xmin": 1718.0, "pixel_ymin": 1878.0, "pixel_xmax": 1755.0, "pixel_ymax": 1918.0, "pixel_center_x": 1736.5, "pixel_center_y": 1898.0, "geo_easting": 407873.7, "geo_northing": 3283810.15, "inside_boundary": false, "verification_priority": "MEDIUM", "priority_reason": "Outside corridor with moderate confidence [Conf: 55.9%]", "priority_rank": 2 }, "geometry": { "type": "Point", "coordinates": [ 407873.700000000011642, 3283810.15 ] } },
{ "type": "Feature", "properties": { "tree_id": 455, "label": "Tree", "confidence": 0.5586, "pixel_xmin": 2262.0, "pixel_ymin": 1707.0, "pixel_xmax": 2293.0, "pixel_ymax": 1741.0, "pixel_center_x": 2277.5, "pixel_center_y": 1724.0, "geo_easting": 407927.8, "geo_northing": 3283827.55, "inside_boundary": false, "verification_priority": "MEDIUM", "priority_reason": "Outside corridor with moderate confidence [Conf: 55.9%]", "priority_rank": 2 }, "geometry": { "type": "Point", "coordinates": [ 407927.799999999988358, 3283827.549999999813735 ] } },
{ "type": "Feature", "properties": { "tree_id": 456, "label": "Tree", "confidence": 0.5586, "pixel_xmin": 749.0, "pixel_ymin": 1834.0, "pixel_xmax": 782.0, "pixel_ymax": 1867.0, "pixel_center_x": 765.5, "pixel_center_y": 1850.5, "geo_easting": 407776.6, "geo_northing": 3283814.9, "inside_boundary": false, "verification_priority": "MEDIUM", "priority_reason": "Outside corridor with moderate confidence [Conf: 55.9%]", "priority_rank": 2 }, "geometry": { "type": "Point", "coordinates": [ 407776.599999999976717, 3283814.9 ] } },
{ "type": "Feature", "properties": { "tree_id": 457, "label": "Tree", "confidence": 0.5584, "pixel_xmin": 401.0, "pixel_ymin": 1912.0, "pixel_xmax": 439.0, "pixel_ymax": 1962.0, "pixel_center_x": 420.0, "pixel_center_y": 1937.0, "geo_easting": 407742.05, "geo_northing": 3283806.25, "inside_boundary": false, "verification_priority": "MEDIUM", "priority_reason": "Outside corridor with moderate confidence [Conf: 55.8%]", "priority_rank": 2 }, "geometry": { "type": "Point", "coordinates": [ 407742.049999999988358, 3283806.25 ] } },
{ "type": "Feature", "properties": { "tree_id": 458, "label": "Tree", "confidence": 0.5582, "pixel_xmin": 1146.0, "pixel_ymin": 345.0, "pixel_xmax": 1183.0, "pixel_ymax": 385.0, "pixel_center_x": 1164.5, "pixel_center_y": 365.0, "geo_easting": 407816.5, "geo_northing": 3283963.45, "inside_boundary": false, "verification_priority": "MEDIUM", "priority_reason": "Outside corridor with moderate confidence [Conf: 55.8%]", "priority_rank": 2 }, "geometry": { "type": "Point", "coordinates": [ 407816.5, 3283963.450000000186265 ] } },
{ "type": "Feature", "properties": { "tree_id": 459, "label": "Tree", "confidence": 0.5577, "pixel_xmin": 1139.0, "pixel_ymin": 1712.0, "pixel_xmax": 1191.0, "pixel_ymax": 1768.0, "pixel_center_x": 1165.0, "pixel_center_y": 1740.0, "geo_easting": 407816.55, "geo_northing": 3283825.95, "inside_boundary": false, "verification_priority": "MEDIUM", "priority_reason": "Outside corridor with moderate confidence [Conf: 55.8%]", "priority_rank": 2 }, "geometry": { "type": "Point", "coordinates": [ 407816.549999999988358, 3283825.950000000186265 ] } },
{ "type": "Feature", "properties": { "tree_id": 460, "label": "Tree", "confidence": 0.5576, "pixel_xmin": 438.0, "pixel_ymin": 883.0, "pixel_xmax": 476.0, "pixel_ymax": 923.0, "pixel_center_x": 457.0, "pixel_center_y": 903.0, "geo_easting": 407745.75, "geo_northing": 3283909.65, "inside_boundary": false, "verification_priority": "MEDIUM", "priority_reason": "Outside corridor with moderate confidence [Conf: 55.8%]", "priority_rank": 2 }, "geometry": { "type": "Point", "coordinates": [ 407745.75, 3283909.65 ] } },
{ "type": "Feature", "properties": { "tree_id": 461, "label": "Tree", "confidence": 0.5572, "pixel_xmin": 905.0, "pixel_ymin": 2387.0, "pixel_xmax": 931.0, "pixel_ymax": 2415.0, "pixel_center_x": 918.0, "pixel_center_y": 2401.0, "geo_easting": 407791.85, "geo_northing": 3283759.85, "inside_boundary": false, "verification_priority": "MEDIUM", "priority_reason": "Outside corridor with moderate confidence [Conf: 55.7%]", "priority_rank": 2 }, "geometry": { "type": "Point", "coordinates": [ 407791.849999999976717, 3283759.85 ] } },
{ "type": "Feature", "properties": { "tree_id": 462, "label": "Tree", "confidence": 0.5567, "pixel_xmin": 1497.0, "pixel_ymin": 722.0, "pixel_xmax": 1546.0, "pixel_ymax": 768.0, "pixel_center_x": 1521.5, "pixel_center_y": 745.0, "geo_easting": 407852.2, "geo_northing": 3283925.45, "inside_boundary": false, "verification_priority": "MEDIUM", "priority_reason": "Outside corridor with moderate confidence [Conf: 55.7%]", "priority_rank": 2 }, "geometry": { "type": "Point", "coordinates": [ 407852.200000000011642, 3283925.450000000186265 ] } },
{ "type": "Feature", "properties": { "tree_id": 463, "label": "Tree", "confidence": 0.5566, "pixel_xmin": 1283.0, "pixel_ymin": 981.0, "pixel_xmax": 1334.0, "pixel_ymax": 1027.0, "pixel_center_x": 1308.5, "pixel_center_y": 1004.0, "geo_easting": 407830.9, "geo_northing": 3283899.55, "inside_boundary": true, "verification_priority": "MEDIUM", "priority_reason": "Inside project corridor (corridor impact, statutory check) [Conf: 55.7%]", "priority_rank": 2 }, "geometry": { "type": "Point", "coordinates": [ 407830.900000000023283, 3283899.549999999813735 ] } },
{ "type": "Feature", "properties": { "tree_id": 464, "label": "Tree", "confidence": 0.5563, "pixel_xmin": 1800.0, "pixel_ymin": 1710.0, "pixel_xmax": 1825.0, "pixel_ymax": 1738.0, "pixel_center_x": 1812.5, "pixel_center_y": 1724.0, "geo_easting": 407881.3, "geo_northing": 3283827.55, "inside_boundary": false, "verification_priority": "MEDIUM", "priority_reason": "Outside corridor with moderate confidence [Conf: 55.6%]", "priority_rank": 2 }, "geometry": { "type": "Point", "coordinates": [ 407881.299999999988358, 3283827.549999999813735 ] } },
{ "type": "Feature", "properties": { "tree_id": 465, "label": "Tree", "confidence": 0.5558, "pixel_xmin": 1669.0, "pixel_ymin": 1329.0, "pixel_xmax": 1728.0, "pixel_ymax": 1393.0, "pixel_center_x": 1698.5, "pixel_center_y": 1361.0, "geo_easting": 407869.9, "geo_northing": 3283863.85, "inside_boundary": false, "verification_priority": "MEDIUM", "priority_reason": "Outside corridor with moderate confidence [Conf: 55.6%]", "priority_rank": 2 }, "geometry": { "type": "Point", "coordinates": [ 407869.900000000023283, 3283863.85 ] } },
{ "type": "Feature", "properties": { "tree_id": 466, "label": "Tree", "confidence": 0.5557, "pixel_xmin": 2131.0, "pixel_ymin": 900.0, "pixel_xmax": 2182.0, "pixel_ymax": 929.0, "pixel_center_x": 2156.5, "pixel_center_y": 914.5, "geo_easting": 407915.7, "geo_northing": 3283908.5, "inside_boundary": true, "verification_priority": "MEDIUM", "priority_reason": "Inside project corridor (corridor impact, statutory check) [Conf: 55.6%]", "priority_rank": 2 }, "geometry": { "type": "Point", "coordinates": [ 407915.700000000011642, 3283908.5 ] } },
{ "type": "Feature", "properties": { "tree_id": 467, "label": "Tree", "confidence": 0.5553, "pixel_xmin": 1114.0, "pixel_ymin": 1752.0, "pixel_xmax": 1150.0, "pixel_ymax": 1790.0, "pixel_center_x": 1132.0, "pixel_center_y": 1771.0, "geo_easting": 407813.25, "geo_northing": 3283822.85, "inside_boundary": false, "verification_priority": "MEDIUM", "priority_reason": "Outside corridor with moderate confidence [Conf: 55.5%]", "priority_rank": 2 }, "geometry": { "type": "Point", "coordinates": [ 407813.25, 3283822.85 ] } },
{ "type": "Feature", "properties": { "tree_id": 468, "label": "Tree", "confidence": 0.555, "pixel_xmin": 2170.0, "pixel_ymin": 1693.0, "pixel_xmax": 2200.0, "pixel_ymax": 1727.0, "pixel_center_x": 2185.0, "pixel_center_y": 1710.0, "geo_easting": 407918.55, "geo_northing": 3283828.95, "inside_boundary": false, "verification_priority": "MEDIUM", "priority_reason": "Outside corridor with moderate confidence [Conf: 55.5%]", "priority_rank": 2 }, "geometry": { "type": "Point", "coordinates": [ 407918.549999999988358, 3283828.950000000186265 ] } },
{ "type": "Feature", "properties": { "tree_id": 469, "label": "Tree", "confidence": 0.5548, "pixel_xmin": 900.0, "pixel_ymin": 1898.0, "pixel_xmax": 925.0, "pixel_ymax": 1925.0, "pixel_center_x": 912.5, "pixel_center_y": 1911.5, "geo_easting": 407791.3, "geo_northing": 3283808.8, "inside_boundary": false, "verification_priority": "MEDIUM", "priority_reason": "Outside corridor with moderate confidence [Conf: 55.5%]", "priority_rank": 2 }, "geometry": { "type": "Point", "coordinates": [ 407791.299999999988358, 3283808.799999999813735 ] } },
{ "type": "Feature", "properties": { "tree_id": 470, "label": "Tree", "confidence": 0.5546, "pixel_xmin": 1507.0, "pixel_ymin": 2277.0, "pixel_xmax": 1544.0, "pixel_ymax": 2315.0, "pixel_center_x": 1525.5, "pixel_center_y": 2296.0, "geo_easting": 407852.6, "geo_northing": 3283770.35, "inside_boundary": false, "verification_priority": "MEDIUM", "priority_reason": "Outside corridor with moderate confidence [Conf: 55.5%]", "priority_rank": 2 }, "geometry": { "type": "Point", "coordinates": [ 407852.599999999976717, 3283770.35 ] } },
{ "type": "Feature", "properties": { "tree_id": 471, "label": "Tree", "confidence": 0.5543, "pixel_xmin": 2334.0, "pixel_ymin": 1456.0, "pixel_xmax": 2365.0, "pixel_ymax": 1488.0, "pixel_center_x": 2349.5, "pixel_center_y": 1472.0, "geo_easting": 407935.0, "geo_northing": 3283852.75, "inside_boundary": false, "verification_priority": "MEDIUM", "priority_reason": "Outside corridor with moderate confidence [Conf: 55.4%]", "priority_rank": 2 }, "geometry": { "type": "Point", "coordinates": [ 407935.0, 3283852.75 ] } },
{ "type": "Feature", "properties": { "tree_id": 472, "label": "Tree", "confidence": 0.554, "pixel_xmin": 1906.0, "pixel_ymin": 2179.0, "pixel_xmax": 1952.0, "pixel_ymax": 2200.0, "pixel_center_x": 1929.0, "pixel_center_y": 2189.5, "geo_easting": 407892.95, "geo_northing": 3283781.0, "inside_boundary": false, "verification_priority": "MEDIUM", "priority_reason": "Outside corridor with moderate confidence [Conf: 55.4%]", "priority_rank": 2 }, "geometry": { "type": "Point", "coordinates": [ 407892.950000000011642, 3283781.0 ] } },
{ "type": "Feature", "properties": { "tree_id": 473, "label": "Tree", "confidence": 0.5539, "pixel_xmin": 1725.0, "pixel_ymin": 590.0, "pixel_xmax": 1769.0, "pixel_ymax": 635.0, "pixel_center_x": 1747.0, "pixel_center_y": 612.5, "geo_easting": 407874.75, "geo_northing": 3283938.7, "inside_boundary": false, "verification_priority": "MEDIUM", "priority_reason": "Outside corridor with moderate confidence [Conf: 55.4%]", "priority_rank": 2 }, "geometry": { "type": "Point", "coordinates": [ 407874.75, 3283938.700000000186265 ] } },
{ "type": "Feature", "properties": { "tree_id": 474, "label": "Tree", "confidence": 0.5535, "pixel_xmin": 118.0, "pixel_ymin": 142.0, "pixel_xmax": 149.0, "pixel_ymax": 176.0, "pixel_center_x": 133.5, "pixel_center_y": 159.0, "geo_easting": 407713.4, "geo_northing": 3283984.05, "inside_boundary": false, "verification_priority": "MEDIUM", "priority_reason": "Outside corridor with moderate confidence [Conf: 55.4%]", "priority_rank": 2 }, "geometry": { "type": "Point", "coordinates": [ 407713.400000000023283, 3283984.049999999813735 ] } },
{ "type": "Feature", "properties": { "tree_id": 475, "label": "Tree", "confidence": 0.5534, "pixel_xmin": 1774.0, "pixel_ymin": 565.0, "pixel_xmax": 1830.0, "pixel_ymax": 612.0, "pixel_center_x": 1802.0, "pixel_center_y": 588.5, "geo_easting": 407880.25, "geo_northing": 3283941.1, "inside_boundary": false, "verification_priority": "MEDIUM", "priority_reason": "Outside corridor with moderate confidence [Conf: 55.3%]", "priority_rank": 2 }, "geometry": { "type": "Point", "coordinates": [ 407880.25, 3283941.1 ] } },
{ "type": "Feature", "properties": { "tree_id": 476, "label": "Tree", "confidence": 0.5534, "pixel_xmin": 1771.0, "pixel_ymin": 446.0, "pixel_xmax": 1812.0, "pixel_ymax": 490.0, "pixel_center_x": 1791.5, "pixel_center_y": 468.0, "geo_easting": 407879.2, "geo_northing": 3283953.15, "inside_boundary": false, "verification_priority": "MEDIUM", "priority_reason": "Outside corridor with moderate confidence [Conf: 55.3%]", "priority_rank": 2 }, "geometry": { "type": "Point", "coordinates": [ 407879.200000000011642, 3283953.15 ] } },
{ "type": "Feature", "properties": { "tree_id": 477, "label": "Tree", "confidence": 0.5532, "pixel_xmin": 188.0, "pixel_ymin": 629.0, "pixel_xmax": 226.0, "pixel_ymax": 667.0, "pixel_center_x": 207.0, "pixel_center_y": 648.0, "geo_easting": 407720.75, "geo_northing": 3283935.15, "inside_boundary": false, "verification_priority": "MEDIUM", "priority_reason": "Outside corridor with moderate confidence [Conf: 55.3%]", "priority_rank": 2 }, "geometry": { "type": "Point", "coordinates": [ 407720.75, 3283935.15 ] } },
{ "type": "Feature", "properties": { "tree_id": 478, "label": "Tree", "confidence": 0.5531, "pixel_xmin": 2050.0, "pixel_ymin": 1908.0, "pixel_xmax": 2083.0, "pixel_ymax": 1946.0, "pixel_center_x": 2066.5, "pixel_center_y": 1927.0, "geo_easting": 407906.7, "geo_northing": 3283807.25, "inside_boundary": false, "verification_priority": "MEDIUM", "priority_reason": "Outside corridor with moderate confidence [Conf: 55.3%]", "priority_rank": 2 }, "geometry": { "type": "Point", "coordinates": [ 407906.700000000011642, 3283807.25 ] } },
{ "type": "Feature", "properties": { "tree_id": 479, "label": "Tree", "confidence": 0.5529, "pixel_xmin": 1688.0, "pixel_ymin": 1213.0, "pixel_xmax": 1809.0, "pixel_ymax": 1336.0, "pixel_center_x": 1748.5, "pixel_center_y": 1274.5, "geo_easting": 407874.9, "geo_northing": 3283872.5, "inside_boundary": true, "verification_priority": "MEDIUM", "priority_reason": "Inside project corridor (corridor impact, statutory check) [Conf: 55.3%]", "priority_rank": 2 }, "geometry": { "type": "Point", "coordinates": [ 407874.900000000023283, 3283872.5 ] } },
{ "type": "Feature", "properties": { "tree_id": 480, "label": "Tree", "confidence": 0.5524, "pixel_xmin": 1426.0, "pixel_ymin": 2461.0, "pixel_xmax": 1459.0, "pixel_ymax": 2496.0, "pixel_center_x": 1442.5, "pixel_center_y": 2478.5, "geo_easting": 407844.3, "geo_northing": 3283752.1, "inside_boundary": false, "verification_priority": "MEDIUM", "priority_reason": "Outside corridor with moderate confidence [Conf: 55.2%]", "priority_rank": 2 }, "geometry": { "type": "Point", "coordinates": [ 407844.299999999988358, 3283752.1 ] } },
{ "type": "Feature", "properties": { "tree_id": 481, "label": "Tree", "confidence": 0.5523, "pixel_xmin": 1839.0, "pixel_ymin": 2023.0, "pixel_xmax": 1897.0, "pixel_ymax": 2089.0, "pixel_center_x": 1868.0, "pixel_center_y": 2056.0, "geo_easting": 407886.85, "geo_northing": 3283794.35, "inside_boundary": false, "verification_priority": "MEDIUM", "priority_reason": "Outside corridor with moderate confidence [Conf: 55.2%]", "priority_rank": 2 }, "geometry": { "type": "Point", "coordinates": [ 407886.849999999976717, 3283794.35 ] } },
{ "type": "Feature", "properties": { "tree_id": 482, "label": "Tree", "confidence": 0.552, "pixel_xmin": 2.0, "pixel_ymin": 1022.0, "pixel_xmax": 31.0, "pixel_ymax": 1051.0, "pixel_center_x": 16.5, "pixel_center_y": 1036.5, "geo_easting": 407701.7, "geo_northing": 3283896.3, "inside_boundary": false, "verification_priority": "MEDIUM", "priority_reason": "Outside corridor with moderate confidence [Conf: 55.2%]", "priority_rank": 2 }, "geometry": { "type": "Point", "coordinates": [ 407701.700000000011642, 3283896.299999999813735 ] } },
{ "type": "Feature", "properties": { "tree_id": 483, "label": "Tree", "confidence": 0.5516, "pixel_xmin": 2209.0, "pixel_ymin": 1269.0, "pixel_xmax": 2245.0, "pixel_ymax": 1299.0, "pixel_center_x": 2227.0, "pixel_center_y": 1284.0, "geo_easting": 407922.75, "geo_northing": 3283871.55, "inside_boundary": false, "verification_priority": "MEDIUM", "priority_reason": "Outside corridor with moderate confidence [Conf: 55.2%]", "priority_rank": 2 }, "geometry": { "type": "Point", "coordinates": [ 407922.75, 3283871.549999999813735 ] } },
{ "type": "Feature", "properties": { "tree_id": 484, "label": "Tree", "confidence": 0.5514, "pixel_xmin": 130.0, "pixel_ymin": 174.0, "pixel_xmax": 169.0, "pixel_ymax": 213.0, "pixel_center_x": 149.5, "pixel_center_y": 193.5, "geo_easting": 407715.0, "geo_northing": 3283980.6, "inside_boundary": false, "verification_priority": "MEDIUM", "priority_reason": "Outside corridor with moderate confidence [Conf: 55.1%]", "priority_rank": 2 }, "geometry": { "type": "Point", "coordinates": [ 407715.0, 3283980.6 ] } },
{ "type": "Feature", "properties": { "tree_id": 485, "label": "Tree", "confidence": 0.5511, "pixel_xmin": 494.0, "pixel_ymin": 385.0, "pixel_xmax": 534.0, "pixel_ymax": 425.0, "pixel_center_x": 514.0, "pixel_center_y": 405.0, "geo_easting": 407751.45, "geo_northing": 3283959.45, "inside_boundary": false, "verification_priority": "MEDIUM", "priority_reason": "Outside corridor with moderate confidence [Conf: 55.1%]", "priority_rank": 2 }, "geometry": { "type": "Point", "coordinates": [ 407751.450000000011642, 3283959.450000000186265 ] } },
{ "type": "Feature", "properties": { "tree_id": 486, "label": "Tree", "confidence": 0.5511, "pixel_xmin": 1811.0, "pixel_ymin": 204.0, "pixel_xmax": 1855.0, "pixel_ymax": 252.0, "pixel_center_x": 1833.0, "pixel_center_y": 228.0, "geo_easting": 407883.35, "geo_northing": 3283977.15, "inside_boundary": false, "verification_priority": "MEDIUM", "priority_reason": "Outside corridor with moderate confidence [Conf: 55.1%]", "priority_rank": 2 }, "geometry": { "type": "Point", "coordinates": [ 407883.349999999976717, 3283977.15 ] } },
{ "type": "Feature", "properties": { "tree_id": 487, "label": "Tree", "confidence": 0.5508, "pixel_xmin": 478.0, "pixel_ymin": 1339.0, "pixel_xmax": 538.0, "pixel_ymax": 1403.0, "pixel_center_x": 508.0, "pixel_center_y": 1371.0, "geo_easting": 407750.85, "geo_northing": 3283862.85, "inside_boundary": true, "verification_priority": "MEDIUM", "priority_reason": "Inside project corridor (corridor impact, statutory check) [Conf: 55.1%]", "priority_rank": 2 }, "geometry": { "type": "Point", "coordinates": [ 407750.849999999976717, 3283862.85 ] } },
{ "type": "Feature", "properties": { "tree_id": 488, "label": "Tree", "confidence": 0.5503, "pixel_xmin": 1505.0, "pixel_ymin": 2470.0, "pixel_xmax": 1545.0, "pixel_ymax": 2499.0, "pixel_center_x": 1525.0, "pixel_center_y": 2484.5, "geo_easting": 407852.55, "geo_northing": 3283751.5, "inside_boundary": false, "verification_priority": "MEDIUM", "priority_reason": "Outside corridor with moderate confidence [Conf: 55.0%]", "priority_rank": 2 }, "geometry": { "type": "Point", "coordinates": [ 407852.549999999988358, 3283751.5 ] } },
{ "type": "Feature", "properties": { "tree_id": 489, "label": "Tree", "confidence": 0.5501, "pixel_xmin": 1063.0, "pixel_ymin": 1800.0, "pixel_xmax": 1121.0, "pixel_ymax": 1849.0, "pixel_center_x": 1092.0, "pixel_center_y": 1824.5, "geo_easting": 407809.25, "geo_northing": 3283817.5, "inside_boundary": false, "verification_priority": "MEDIUM", "priority_reason": "Outside corridor with moderate confidence [Conf: 55.0%]", "priority_rank": 2 }, "geometry": { "type": "Point", "coordinates": [ 407809.25, 3283817.5 ] } },
{ "type": "Feature", "properties": { "tree_id": 490, "label": "Tree", "confidence": 0.5498, "pixel_xmin": 1145.0, "pixel_ymin": 701.0, "pixel_xmax": 1174.0, "pixel_ymax": 730.0, "pixel_center_x": 1159.5, "pixel_center_y": 715.5, "geo_easting": 407816.0, "geo_northing": 3283928.4, "inside_boundary": false, "verification_priority": "MEDIUM", "priority_reason": "Outside corridor with moderate confidence [Conf: 55.0%]", "priority_rank": 2 }, "geometry": { "type": "Point", "coordinates": [ 407816.0, 3283928.4 ] } },
{ "type": "Feature", "properties": { "tree_id": 491, "label": "Tree", "confidence": 0.5493, "pixel_xmin": 20.0, "pixel_ymin": 900.0, "pixel_xmax": 44.0, "pixel_ymax": 907.0, "pixel_center_x": 32.0, "pixel_center_y": 903.5, "geo_easting": 407703.25, "geo_northing": 3283909.6, "inside_boundary": false, "verification_priority": "MEDIUM", "priority_reason": "Outside corridor with moderate confidence [Conf: 54.9%]", "priority_rank": 2 }, "geometry": { "type": "Point", "coordinates": [ 407703.25, 3283909.6 ] } },
{ "type": "Feature", "properties": { "tree_id": 492, "label": "Tree", "confidence": 0.5492, "pixel_xmin": 1111.0, "pixel_ymin": 228.0, "pixel_xmax": 1157.0, "pixel_ymax": 277.0, "pixel_center_x": 1134.0, "pixel_center_y": 252.5, "geo_easting": 407813.45, "geo_northing": 3283974.7, "inside_boundary": false, "verification_priority": "MEDIUM", "priority_reason": "Outside corridor with moderate confidence [Conf: 54.9%]", "priority_rank": 2 }, "geometry": { "type": "Point", "coordinates": [ 407813.450000000011642, 3283974.700000000186265 ] } },
{ "type": "Feature", "properties": { "tree_id": 493, "label": "Tree", "confidence": 0.5491, "pixel_xmin": 2349.0, "pixel_ymin": 1402.0, "pixel_xmax": 2391.0, "pixel_ymax": 1445.0, "pixel_center_x": 2370.0, "pixel_center_y": 1423.5, "geo_easting": 407937.05, "geo_northing": 3283857.6, "inside_boundary": false, "verification_priority": "MEDIUM", "priority_reason": "Outside corridor with moderate confidence [Conf: 54.9%]", "priority_rank": 2 }, "geometry": { "type": "Point", "coordinates": [ 407937.049999999988358, 3283857.6 ] } },
{ "type": "Feature", "properties": { "tree_id": 494, "label": "Tree", "confidence": 0.549, "pixel_xmin": 303.0, "pixel_ymin": 900.0, "pixel_xmax": 358.0, "pixel_ymax": 942.0, "pixel_center_x": 330.5, "pixel_center_y": 921.0, "geo_easting": 407733.1, "geo_northing": 3283907.85, "inside_boundary": false, "verification_priority": "MEDIUM", "priority_reason": "Outside corridor with moderate confidence [Conf: 54.9%]", "priority_rank": 2 }, "geometry": { "type": "Point", "coordinates": [ 407733.099999999976717, 3283907.85 ] } },
{ "type": "Feature", "properties": { "tree_id": 495, "label": "Tree", "confidence": 0.5486, "pixel_xmin": 1776.0, "pixel_ymin": 1584.0, "pixel_xmax": 1814.0, "pixel_ymax": 1625.0, "pixel_center_x": 1795.0, "pixel_center_y": 1604.5, "geo_easting": 407879.55, "geo_northing": 3283839.5, "inside_boundary": false, "verification_priority": "MEDIUM", "priority_reason": "Outside corridor with moderate confidence [Conf: 54.9%]", "priority_rank": 2 }, "geometry": { "type": "Point", "coordinates": [ 407879.549999999988358, 3283839.5 ] } },
{ "type": "Feature", "properties": { "tree_id": 496, "label": "Tree", "confidence": 0.5483, "pixel_xmin": 1910.0, "pixel_ymin": 1059.0, "pixel_xmax": 1945.0, "pixel_ymax": 1093.0, "pixel_center_x": 1927.5, "pixel_center_y": 1076.0, "geo_easting": 407892.8, "geo_northing": 3283892.35, "inside_boundary": true, "verification_priority": "MEDIUM", "priority_reason": "Inside project corridor (corridor impact, statutory check) [Conf: 54.8%]", "priority_rank": 2 }, "geometry": { "type": "Point", "coordinates": [ 407892.799999999988358, 3283892.35 ] } },
{ "type": "Feature", "properties": { "tree_id": 497, "label": "Tree", "confidence": 0.548, "pixel_xmin": 2155.0, "pixel_ymin": 976.0, "pixel_xmax": 2187.0, "pixel_ymax": 1015.0, "pixel_center_x": 2171.0, "pixel_center_y": 995.5, "geo_easting": 407917.15, "geo_northing": 3283900.4, "inside_boundary": true, "verification_priority": "MEDIUM", "priority_reason": "Inside project corridor (corridor impact, statutory check) [Conf: 54.8%]", "priority_rank": 2 }, "geometry": { "type": "Point", "coordinates": [ 407917.150000000023283, 3283900.4 ] } },
{ "type": "Feature", "properties": { "tree_id": 498, "label": "Tree", "confidence": 0.5478, "pixel_xmin": 2211.0, "pixel_ymin": 2051.0, "pixel_xmax": 2251.0, "pixel_ymax": 2092.0, "pixel_center_x": 2231.0, "pixel_center_y": 2071.5, "geo_easting": 407923.15, "geo_northing": 3283792.8, "inside_boundary": false, "verification_priority": "MEDIUM", "priority_reason": "Outside corridor with moderate confidence [Conf: 54.8%]", "priority_rank": 2 }, "geometry": { "type": "Point", "coordinates": [ 407923.150000000023283, 3283792.799999999813735 ] } },
{ "type": "Feature", "properties": { "tree_id": 499, "label": "Tree", "confidence": 0.5476, "pixel_xmin": 405.0, "pixel_ymin": 528.0, "pixel_xmax": 435.0, "pixel_ymax": 557.0, "pixel_center_x": 420.0, "pixel_center_y": 542.5, "geo_easting": 407742.05, "geo_northing": 3283945.7, "inside_boundary": false, "verification_priority": "MEDIUM", "priority_reason": "Outside corridor with moderate confidence [Conf: 54.8%]", "priority_rank": 2 }, "geometry": { "type": "Point", "coordinates": [ 407742.049999999988358, 3283945.700000000186265 ] } },
{ "type": "Feature", "properties": { "tree_id": 500, "label": "Tree", "confidence": 0.5471, "pixel_xmin": 2053.0, "pixel_ymin": 1704.0, "pixel_xmax": 2099.0, "pixel_ymax": 1758.0, "pixel_center_x": 2076.0, "pixel_center_y": 1731.0, "geo_easting": 407907.65, "geo_northing": 3283826.85, "inside_boundary": false, "verification_priority": "MEDIUM", "priority_reason": "Outside corridor with moderate confidence [Conf: 54.7%]", "priority_rank": 2 }, "geometry": { "type": "Point", "coordinates": [ 407907.650000000023283, 3283826.85 ] } },
{ "type": "Feature", "properties": { "tree_id": 501, "label": "Tree", "confidence": 0.5469, "pixel_xmin": 812.0, "pixel_ymin": 113.0, "pixel_xmax": 865.0, "pixel_ymax": 169.0, "pixel_center_x": 838.5, "pixel_center_y": 141.0, "geo_easting": 407783.9, "geo_northing": 3283985.85, "inside_boundary": false, "verification_priority": "MEDIUM", "priority_reason": "Outside corridor with moderate confidence [Conf: 54.7%]", "priority_rank": 2 }, "geometry": { "type": "Point", "coordinates": [ 407783.900000000023283, 3283985.85 ] } },
{ "type": "Feature", "properties": { "tree_id": 502, "label": "Tree", "confidence": 0.5466, "pixel_xmin": 1447.0, "pixel_ymin": 1372.0, "pixel_xmax": 1479.0, "pixel_ymax": 1407.0, "pixel_center_x": 1463.0, "pixel_center_y": 1389.5, "geo_easting": 407846.35, "geo_northing": 3283861.0, "inside_boundary": true, "verification_priority": "MEDIUM", "priority_reason": "Inside project corridor (corridor impact, statutory check) [Conf: 54.7%]", "priority_rank": 2 }, "geometry": { "type": "Point", "coordinates": [ 407846.349999999976717, 3283861.0 ] } },
{ "type": "Feature", "properties": { "tree_id": 503, "label": "Tree", "confidence": 0.5464, "pixel_xmin": 2010.0, "pixel_ymin": 1834.0, "pixel_xmax": 2043.0, "pixel_ymax": 1868.0, "pixel_center_x": 2026.5, "pixel_center_y": 1851.0, "geo_easting": 407902.7, "geo_northing": 3283814.85, "inside_boundary": false, "verification_priority": "MEDIUM", "priority_reason": "Outside corridor with moderate confidence [Conf: 54.6%]", "priority_rank": 2 }, "geometry": { "type": "Point", "coordinates": [ 407902.700000000011642, 3283814.85 ] } },
{ "type": "Feature", "properties": { "tree_id": 504, "label": "Tree", "confidence": 0.5461, "pixel_xmin": 1276.0, "pixel_ymin": 876.0, "pixel_xmax": 1313.0, "pixel_ymax": 914.0, "pixel_center_x": 1294.5, "pixel_center_y": 895.0, "geo_easting": 407829.5, "geo_northing": 3283910.45, "inside_boundary": true, "verification_priority": "MEDIUM", "priority_reason": "Inside project corridor (corridor impact, statutory check) [Conf: 54.6%]", "priority_rank": 2 }, "geometry": { "type": "Point", "coordinates": [ 407829.5, 3283910.450000000186265 ] } },
{ "type": "Feature", "properties": { "tree_id": 505, "label": "Tree", "confidence": 0.5456, "pixel_xmin": 210.0, "pixel_ymin": 2309.0, "pixel_xmax": 251.0, "pixel_ymax": 2355.0, "pixel_center_x": 230.5, "pixel_center_y": 2332.0, "geo_easting": 407723.1, "geo_northing": 3283766.75, "inside_boundary": false, "verification_priority": "MEDIUM", "priority_reason": "Outside corridor with moderate confidence [Conf: 54.6%]", "priority_rank": 2 }, "geometry": { "type": "Point", "coordinates": [ 407723.099999999976717, 3283766.75 ] } },
{ "type": "Feature", "properties": { "tree_id": 506, "label": "Tree", "confidence": 0.5456, "pixel_xmin": 2186.0, "pixel_ymin": 969.0, "pixel_xmax": 2216.0, "pixel_ymax": 1006.0, "pixel_center_x": 2201.0, "pixel_center_y": 987.5, "geo_easting": 407920.15, "geo_northing": 3283901.2, "inside_boundary": true, "verification_priority": "MEDIUM", "priority_reason": "Inside project corridor (corridor impact, statutory check) [Conf: 54.6%]", "priority_rank": 2 }, "geometry": { "type": "Point", "coordinates": [ 407920.150000000023283, 3283901.200000000186265 ] } },
{ "type": "Feature", "properties": { "tree_id": 507, "label": "Tree", "confidence": 0.5452, "pixel_xmin": 2231.0, "pixel_ymin": 2100.0, "pixel_xmax": 2264.0, "pixel_ymax": 2119.0, "pixel_center_x": 2247.5, "pixel_center_y": 2109.5, "geo_easting": 407924.8, "geo_northing": 3283789.0, "inside_boundary": false, "verification_priority": "MEDIUM", "priority_reason": "Outside corridor with moderate confidence [Conf: 54.5%]", "priority_rank": 2 }, "geometry": { "type": "Point", "coordinates": [ 407924.799999999988358, 3283789.0 ] } },
{ "type": "Feature", "properties": { "tree_id": 508, "label": "Tree", "confidence": 0.5448, "pixel_xmin": 1152.0, "pixel_ymin": 467.0, "pixel_xmax": 1197.0, "pixel_ymax": 506.0, "pixel_center_x": 1174.5, "pixel_center_y": 486.5, "geo_easting": 407817.5, "geo_northing": 3283951.3, "inside_boundary": false, "verification_priority": "MEDIUM", "priority_reason": "Outside corridor with moderate confidence [Conf: 54.5%]", "priority_rank": 2 }, "geometry": { "type": "Point", "coordinates": [ 407817.5, 3283951.299999999813735 ] } },
{ "type": "Feature", "properties": { "tree_id": 509, "label": "Tree", "confidence": 0.5447, "pixel_xmin": 1868.0, "pixel_ymin": 1527.0, "pixel_xmax": 1900.0, "pixel_ymax": 1574.0, "pixel_center_x": 1884.0, "pixel_center_y": 1550.5, "geo_easting": 407888.45, "geo_northing": 3283844.9, "inside_boundary": false, "verification_priority": "MEDIUM", "priority_reason": "Outside corridor with moderate confidence [Conf: 54.5%]", "priority_rank": 2 }, "geometry": { "type": "Point", "coordinates": [ 407888.450000000011642, 3283844.9 ] } },
{ "type": "Feature", "properties": { "tree_id": 510, "label": "Tree", "confidence": 0.5447, "pixel_xmin": 1485.0, "pixel_ymin": 1013.0, "pixel_xmax": 1580.0, "pixel_ymax": 1116.0, "pixel_center_x": 1532.5, "pixel_center_y": 1064.5, "geo_easting": 407853.3, "geo_northing": 3283893.5, "inside_boundary": true, "verification_priority": "MEDIUM", "priority_reason": "Inside project corridor (corridor impact, statutory check) [Conf: 54.5%]", "priority_rank": 2 }, "geometry": { "type": "Point", "coordinates": [ 407853.299999999988358, 3283893.5 ] } },
{ "type": "Feature", "properties": { "tree_id": 511, "label": "Tree", "confidence": 0.5443, "pixel_xmin": 2234.0, "pixel_ymin": 1236.0, "pixel_xmax": 2284.0, "pixel_ymax": 1284.0, "pixel_center_x": 2259.0, "pixel_center_y": 1260.0, "geo_easting": 407925.95, "geo_northing": 3283873.95, "inside_boundary": false, "verification_priority": "MEDIUM", "priority_reason": "Outside corridor with moderate confidence [Conf: 54.4%]", "priority_rank": 2 }, "geometry": { "type": "Point", "coordinates": [ 407925.950000000011642, 3283873.950000000186265 ] } },
{ "type": "Feature", "properties": { "tree_id": 512, "label": "Tree", "confidence": 0.5443, "pixel_xmin": 178.0, "pixel_ymin": 345.0, "pixel_xmax": 229.0, "pixel_ymax": 399.0, "pixel_center_x": 203.5, "pixel_center_y": 372.0, "geo_easting": 407720.4, "geo_northing": 3283962.75, "inside_boundary": false, "verification_priority": "MEDIUM", "priority_reason": "Outside corridor with moderate confidence [Conf: 54.4%]", "priority_rank": 2 }, "geometry": { "type": "Point", "coordinates": [ 407720.400000000023283, 3283962.75 ] } },
{ "type": "Feature", "properties": { "tree_id": 513, "label": "Tree", "confidence": 0.5439, "pixel_xmin": 2411.0, "pixel_ymin": 111.0, "pixel_xmax": 2452.0, "pixel_ymax": 151.0, "pixel_center_x": 2431.5, "pixel_center_y": 131.0, "geo_easting": 407943.2, "geo_northing": 3283986.85, "inside_boundary": false, "verification_priority": "MEDIUM", "priority_reason": "Outside corridor with moderate confidence [Conf: 54.4%]", "priority_rank": 2 }, "geometry": { "type": "Point", "coordinates": [ 407943.200000000011642, 3283986.85 ] } },
{ "type": "Feature", "properties": { "tree_id": 514, "label": "Tree", "confidence": 0.5435, "pixel_xmin": 1677.0, "pixel_ymin": 1632.0, "pixel_xmax": 1711.0, "pixel_ymax": 1665.0, "pixel_center_x": 1694.0, "pixel_center_y": 1648.5, "geo_easting": 407869.45, "geo_northing": 3283835.1, "inside_boundary": false, "verification_priority": "MEDIUM", "priority_reason": "Outside corridor with moderate confidence [Conf: 54.4%]", "priority_rank": 2 }, "geometry": { "type": "Point", "coordinates": [ 407869.450000000011642, 3283835.1 ] } },
{ "type": "Feature", "properties": { "tree_id": 515, "label": "Tree", "confidence": 0.5429, "pixel_xmin": 384.0, "pixel_ymin": 1245.0, "pixel_xmax": 492.0, "pixel_ymax": 1362.0, "pixel_center_x": 438.0, "pixel_center_y": 1303.5, "geo_easting": 407743.85, "geo_northing": 3283869.6, "inside_boundary": true, "verification_priority": "MEDIUM", "priority_reason": "Inside project corridor (corridor impact, statutory check) [Conf: 54.3%]", "priority_rank": 2 }, "geometry": { "type": "Point", "coordinates": [ 407743.849999999976717, 3283869.6 ] } },
{ "type": "Feature", "properties": { "tree_id": 516, "label": "Tree", "confidence": 0.5424, "pixel_xmin": 2250.0, "pixel_ymin": 1914.0, "pixel_xmax": 2290.0, "pixel_ymax": 1953.0, "pixel_center_x": 2270.0, "pixel_center_y": 1933.5, "geo_easting": 407927.05, "geo_northing": 3283806.6, "inside_boundary": false, "verification_priority": "MEDIUM", "priority_reason": "Outside corridor with moderate confidence [Conf: 54.2%]", "priority_rank": 2 }, "geometry": { "type": "Point", "coordinates": [ 407927.049999999988358, 3283806.6 ] } },
{ "type": "Feature", "properties": { "tree_id": 517, "label": "Tree", "confidence": 0.5423, "pixel_xmin": 1158.0, "pixel_ymin": 212.0, "pixel_xmax": 1201.0, "pixel_ymax": 261.0, "pixel_center_x": 1179.5, "pixel_center_y": 236.5, "geo_easting": 407818.0, "geo_northing": 3283976.3, "inside_boundary": false, "verification_priority": "MEDIUM", "priority_reason": "Outside corridor with moderate confidence [Conf: 54.2%]", "priority_rank": 2 }, "geometry": { "type": "Point", "coordinates": [ 407818.0, 3283976.299999999813735 ] } },
{ "type": "Feature", "properties": { "tree_id": 518, "label": "Tree", "confidence": 0.5419, "pixel_xmin": 333.0, "pixel_ymin": 46.0, "pixel_xmax": 374.0, "pixel_ymax": 86.0, "pixel_center_x": 353.5, "pixel_center_y": 66.0, "geo_easting": 407735.4, "geo_northing": 3283993.35, "inside_boundary": false, "verification_priority": "MEDIUM", "priority_reason": "Outside corridor with moderate confidence [Conf: 54.2%]", "priority_rank": 2 }, "geometry": { "type": "Point", "coordinates": [ 407735.400000000023283, 3283993.35 ] } },
{ "type": "Feature", "properties": { "tree_id": 519, "label": "Tree", "confidence": 0.5415, "pixel_xmin": 1223.0, "pixel_ymin": 951.0, "pixel_xmax": 1274.0, "pixel_ymax": 1015.0, "pixel_center_x": 1248.5, "pixel_center_y": 983.0, "geo_easting": 407824.9, "geo_northing": 3283901.65, "inside_boundary": true, "verification_priority": "MEDIUM", "priority_reason": "Inside project corridor (corridor impact, statutory check) [Conf: 54.1%]", "priority_rank": 2 }, "geometry": { "type": "Point", "coordinates": [ 407824.900000000023283, 3283901.65 ] } },
{ "type": "Feature", "properties": { "tree_id": 520, "label": "Tree", "confidence": 0.5412, "pixel_xmin": 1859.0, "pixel_ymin": 1825.0, "pixel_xmax": 1913.0, "pixel_ymax": 1882.0, "pixel_center_x": 1886.0, "pixel_center_y": 1853.5, "geo_easting": 407888.65, "geo_northing": 3283814.6, "inside_boundary": false, "verification_priority": "MEDIUM", "priority_reason": "Outside corridor with moderate confidence [Conf: 54.1%]", "priority_rank": 2 }, "geometry": { "type": "Point", "coordinates": [ 407888.650000000023283, 3283814.6 ] } },
{ "type": "Feature", "properties": { "tree_id": 521, "label": "Tree", "confidence": 0.5409, "pixel_xmin": 2270.0, "pixel_ymin": 2375.0, "pixel_xmax": 2314.0, "pixel_ymax": 2418.0, "pixel_center_x": 2292.0, "pixel_center_y": 2396.5, "geo_easting": 407929.25, "geo_northing": 3283760.3, "inside_boundary": false, "verification_priority": "MEDIUM", "priority_reason": "Outside corridor with moderate confidence [Conf: 54.1%]", "priority_rank": 2 }, "geometry": { "type": "Point", "coordinates": [ 407929.25, 3283760.299999999813735 ] } },
{ "type": "Feature", "properties": { "tree_id": 522, "label": "Tree", "confidence": 0.5409, "pixel_xmin": 1588.0, "pixel_ymin": 1072.0, "pixel_xmax": 1623.0, "pixel_ymax": 1106.0, "pixel_center_x": 1605.5, "pixel_center_y": 1089.0, "geo_easting": 407860.6, "geo_northing": 3283891.05, "inside_boundary": true, "verification_priority": "MEDIUM", "priority_reason": "Inside project corridor (corridor impact, statutory check) [Conf: 54.1%]", "priority_rank": 2 }, "geometry": { "type": "Point", "coordinates": [ 407860.599999999976717, 3283891.049999999813735 ] } },
{ "type": "Feature", "properties": { "tree_id": 523, "label": "Tree", "confidence": 0.5407, "pixel_xmin": 368.0, "pixel_ymin": 692.0, "pixel_xmax": 397.0, "pixel_ymax": 728.0, "pixel_center_x": 382.5, "pixel_center_y": 710.0, "geo_easting": 407738.3, "geo_northing": 3283928.95, "inside_boundary": false, "verification_priority": "MEDIUM", "priority_reason": "Outside corridor with moderate confidence [Conf: 54.1%]", "priority_rank": 2 }, "geometry": { "type": "Point", "coordinates": [ 407738.299999999988358, 3283928.950000000186265 ] } },
{ "type": "Feature", "properties": { "tree_id": 524, "label": "Tree", "confidence": 0.5405, "pixel_xmin": 2325.0, "pixel_ymin": 1521.0, "pixel_xmax": 2357.0, "pixel_ymax": 1551.0, "pixel_center_x": 2341.0, "pixel_center_y": 1536.0, "geo_easting": 407934.15, "geo_northing": 3283846.35, "inside_boundary": false, "verification_priority": "MEDIUM", "priority_reason": "Outside corridor with moderate confidence [Conf: 54.0%]", "priority_rank": 2 }, "geometry": { "type": "Point", "coordinates": [ 407934.150000000023283, 3283846.35 ] } },
{ "type": "Feature", "properties": { "tree_id": 525, "label": "Tree", "confidence": 0.5401, "pixel_xmin": 1500.0, "pixel_ymin": 870.0, "pixel_xmax": 1533.0, "pixel_ymax": 917.0, "pixel_center_x": 1516.5, "pixel_center_y": 893.5, "geo_easting": 407851.7, "geo_northing": 3283910.6, "inside_boundary": true, "verification_priority": "MEDIUM", "priority_reason": "Inside project corridor (corridor impact, statutory check) [Conf: 54.0%]", "priority_rank": 2 }, "geometry": { "type": "Point", "coordinates": [ 407851.700000000011642, 3283910.6 ] } },
{ "type": "Feature", "properties": { "tree_id": 526, "label": "Tree", "confidence": 0.5394, "pixel_xmin": 844.0, "pixel_ymin": 1800.0, "pixel_xmax": 876.0, "pixel_ymax": 1818.0, "pixel_center_x": 860.0, "pixel_center_y": 1809.0, "geo_easting": 407786.05, "geo_northing": 3283819.05, "inside_boundary": false, "verification_priority": "MEDIUM", "priority_reason": "Outside corridor with moderate confidence [Conf: 53.9%]", "priority_rank": 2 }, "geometry": { "type": "Point", "coordinates": [ 407786.049999999988358, 3283819.049999999813735 ] } },
{ "type": "Feature", "properties": { "tree_id": 527, "label": "Tree", "confidence": 0.5393, "pixel_xmin": 419.0, "pixel_ymin": 409.0, "pixel_xmax": 449.0, "pixel_ymax": 441.0, "pixel_center_x": 434.0, "pixel_center_y": 425.0, "geo_easting": 407743.45, "geo_northing": 3283957.45, "inside_boundary": false, "verification_priority": "MEDIUM", "priority_reason": "Outside corridor with moderate confidence [Conf: 53.9%]", "priority_rank": 2 }, "geometry": { "type": "Point", "coordinates": [ 407743.450000000011642, 3283957.450000000186265 ] } },
{ "type": "Feature", "properties": { "tree_id": 528, "label": "Tree", "confidence": 0.5392, "pixel_xmin": 2027.0, "pixel_ymin": 1253.0, "pixel_xmax": 2057.0, "pixel_ymax": 1287.0, "pixel_center_x": 2042.0, "pixel_center_y": 1270.0, "geo_easting": 407904.25, "geo_northing": 3283872.95, "inside_boundary": false, "verification_priority": "MEDIUM", "priority_reason": "Outside corridor with moderate confidence [Conf: 53.9%]", "priority_rank": 2 }, "geometry": { "type": "Point", "coordinates": [ 407904.25, 3283872.950000000186265 ] } },
{ "type": "Feature", "properties": { "tree_id": 529, "label": "Tree", "confidence": 0.5388, "pixel_xmin": 1225.0, "pixel_ymin": 461.0, "pixel_xmax": 1258.0, "pixel_ymax": 499.0, "pixel_center_x": 1241.5, "pixel_center_y": 480.0, "geo_easting": 407824.2, "geo_northing": 3283951.95, "inside_boundary": false, "verification_priority": "MEDIUM", "priority_reason": "Outside corridor with moderate confidence [Conf: 53.9%]", "priority_rank": 2 }, "geometry": { "type": "Point", "coordinates": [ 407824.200000000011642, 3283951.950000000186265 ] } },
{ "type": "Feature", "properties": { "tree_id": 530, "label": "Tree", "confidence": 0.5383, "pixel_xmin": 392.0, "pixel_ymin": 681.0, "pixel_xmax": 428.0, "pixel_ymax": 699.0, "pixel_center_x": 410.0, "pixel_center_y": 690.0, "geo_easting": 407741.05, "geo_northing": 3283930.95, "inside_boundary": false, "verification_priority": "MEDIUM", "priority_reason": "Outside corridor with moderate confidence [Conf: 53.8%]", "priority_rank": 2 }, "geometry": { "type": "Point", "coordinates": [ 407741.049999999988358, 3283930.950000000186265 ] } },
{ "type": "Feature", "properties": { "tree_id": 531, "label": "Tree", "confidence": 0.5379, "pixel_xmin": 1649.0, "pixel_ymin": 0.0, "pixel_xmax": 1729.0, "pixel_ymax": 68.0, "pixel_center_x": 1689.0, "pixel_center_y": 34.0, "geo_easting": 407868.95, "geo_northing": 3283996.55, "inside_boundary": false, "verification_priority": "MEDIUM", "priority_reason": "Outside corridor with moderate confidence [Conf: 53.8%]", "priority_rank": 2 }, "geometry": { "type": "Point", "coordinates": [ 407868.950000000011642, 3283996.549999999813735 ] } },
{ "type": "Feature", "properties": { "tree_id": 532, "label": "Tree", "confidence": 0.5377, "pixel_xmin": 2150.0, "pixel_ymin": 1804.0, "pixel_xmax": 2190.0, "pixel_ymax": 1852.0, "pixel_center_x": 2170.0, "pixel_center_y": 1828.0, "geo_easting": 407917.05, "geo_northing": 3283817.15, "inside_boundary": false, "verification_priority": "MEDIUM", "priority_reason": "Outside corridor with moderate confidence [Conf: 53.8%]", "priority_rank": 2 }, "geometry": { "type": "Point", "coordinates": [ 407917.049999999988358, 3283817.15 ] } },
{ "type": "Feature", "properties": { "tree_id": 533, "label": "Tree", "confidence": 0.5377, "pixel_xmin": 2245.0, "pixel_ymin": 1182.0, "pixel_xmax": 2293.0, "pixel_ymax": 1235.0, "pixel_center_x": 2269.0, "pixel_center_y": 1208.5, "geo_easting": 407926.95, "geo_northing": 3283879.1, "inside_boundary": false, "verification_priority": "MEDIUM", "priority_reason": "Outside corridor with moderate confidence [Conf: 53.8%]", "priority_rank": 2 }, "geometry": { "type": "Point", "coordinates": [ 407926.950000000011642, 3283879.1 ] } },
{ "type": "Feature", "properties": { "tree_id": 534, "label": "Tree", "confidence": 0.5376, "pixel_xmin": 1833.0, "pixel_ymin": 1396.0, "pixel_xmax": 1863.0, "pixel_ymax": 1427.0, "pixel_center_x": 1848.0, "pixel_center_y": 1411.5, "geo_easting": 407884.85, "geo_northing": 3283858.8, "inside_boundary": false, "verification_priority": "MEDIUM", "priority_reason": "Outside corridor with moderate confidence [Conf: 53.8%]", "priority_rank": 2 }, "geometry": { "type": "Point", "coordinates": [ 407884.849999999976717, 3283858.799999999813735 ] } },
{ "type": "Feature", "properties": { "tree_id": 535, "label": "Tree", "confidence": 0.5375, "pixel_xmin": 1642.0, "pixel_ymin": 522.0, "pixel_xmax": 1693.0, "pixel_ymax": 575.0, "pixel_center_x": 1667.5, "pixel_center_y": 548.5, "geo_easting": 407866.8, "geo_northing": 3283945.1, "inside_boundary": false, "verification_priority": "MEDIUM", "priority_reason": "Outside corridor with moderate confidence [Conf: 53.8%]", "priority_rank": 2 }, "geometry": { "type": "Point", "coordinates": [ 407866.799999999988358, 3283945.1 ] } },
{ "type": "Feature", "properties": { "tree_id": 536, "label": "Tree", "confidence": 0.5375, "pixel_xmin": 2054.0, "pixel_ymin": 1329.0, "pixel_xmax": 2078.0, "pixel_ymax": 1352.0, "pixel_center_x": 2066.0, "pixel_center_y": 1340.5, "geo_easting": 407906.65, "geo_northing": 3283865.9, "inside_boundary": false, "verification_priority": "MEDIUM", "priority_reason": "Outside corridor with moderate confidence [Conf: 53.8%]", "priority_rank": 2 }, "geometry": { "type": "Point", "coordinates": [ 407906.650000000023283, 3283865.9 ] } },
{ "type": "Feature", "properties": { "tree_id": 537, "label": "Tree", "confidence": 0.5374, "pixel_xmin": 1915.0, "pixel_ymin": 23.0, "pixel_xmax": 1946.0, "pixel_ymax": 53.0, "pixel_center_x": 1930.5, "pixel_center_y": 38.0, "geo_easting": 407893.1, "geo_northing": 3283996.15, "inside_boundary": false, "verification_priority": "MEDIUM", "priority_reason": "Outside corridor with moderate confidence [Conf: 53.7%]", "priority_rank": 2 }, "geometry": { "type": "Point", "coordinates": [ 407893.099999999976717, 3283996.15 ] } },
{ "type": "Feature", "properties": { "tree_id": 538, "label": "Tree", "confidence": 0.5373, "pixel_xmin": 1815.0, "pixel_ymin": 824.0, "pixel_xmax": 1890.0, "pixel_ymax": 910.0, "pixel_center_x": 1852.5, "pixel_center_y": 867.0, "geo_easting": 407885.3, "geo_northing": 3283913.25, "inside_boundary": true, "verification_priority": "MEDIUM", "priority_reason": "Inside project corridor (corridor impact, statutory check) [Conf: 53.7%]", "priority_rank": 2 }, "geometry": { "type": "Point", "coordinates": [ 407885.299999999988358, 3283913.25 ] } },
{ "type": "Feature", "properties": { "tree_id": 539, "label": "Tree", "confidence": 0.5371, "pixel_xmin": 2001.0, "pixel_ymin": 1974.0, "pixel_xmax": 2034.0, "pixel_ymax": 2010.0, "pixel_center_x": 2017.5, "pixel_center_y": 1992.0, "geo_easting": 407901.8, "geo_northing": 3283800.75, "inside_boundary": false, "verification_priority": "MEDIUM", "priority_reason": "Outside corridor with moderate confidence [Conf: 53.7%]", "priority_rank": 2 }, "geometry": { "type": "Point", "coordinates": [ 407901.799999999988358, 3283800.75 ] } },
{ "type": "Feature", "properties": { "tree_id": 540, "label": "Tree", "confidence": 0.537, "pixel_xmin": 1767.0, "pixel_ymin": 1891.0, "pixel_xmax": 1798.0, "pixel_ymax": 1925.0, "pixel_center_x": 1782.5, "pixel_center_y": 1908.0, "geo_easting": 407878.3, "geo_northing": 3283809.15, "inside_boundary": false, "verification_priority": "MEDIUM", "priority_reason": "Outside corridor with moderate confidence [Conf: 53.7%]", "priority_rank": 2 }, "geometry": { "type": "Point", "coordinates": [ 407878.299999999988358, 3283809.15 ] } },
{ "type": "Feature", "properties": { "tree_id": 541, "label": "Tree", "confidence": 0.5369, "pixel_xmin": 2104.0, "pixel_ymin": 1977.0, "pixel_xmax": 2136.0, "pixel_ymax": 2010.0, "pixel_center_x": 2120.0, "pixel_center_y": 1993.5, "geo_easting": 407912.05, "geo_northing": 3283800.6, "inside_boundary": false, "verification_priority": "MEDIUM", "priority_reason": "Outside corridor with moderate confidence [Conf: 53.7%]", "priority_rank": 2 }, "geometry": { "type": "Point", "coordinates": [ 407912.049999999988358, 3283800.6 ] } },
{ "type": "Feature", "properties": { "tree_id": 542, "label": "Tree", "confidence": 0.5368, "pixel_xmin": 934.0, "pixel_ymin": 1447.0, "pixel_xmax": 958.0, "pixel_ymax": 1475.0, "pixel_center_x": 946.0, "pixel_center_y": 1461.0, "geo_easting": 407794.65, "geo_northing": 3283853.85, "inside_boundary": true, "verification_priority": "MEDIUM", "priority_reason": "Inside project corridor (corridor impact, statutory check) [Conf: 53.7%]", "priority_rank": 2 }, "geometry": { "type": "Point", "coordinates": [ 407794.650000000023283, 3283853.85 ] } },
{ "type": "Feature", "properties": { "tree_id": 543, "label": "Tree", "confidence": 0.5365, "pixel_xmin": 2470.0, "pixel_ymin": 1932.0, "pixel_xmax": 2499.0, "pixel_ymax": 1968.0, "pixel_center_x": 2484.5, "pixel_center_y": 1950.0, "geo_easting": 407948.5, "geo_northing": 3283804.95, "inside_boundary": false, "verification_priority": "MEDIUM", "priority_reason": "Outside corridor with moderate confidence [Conf: 53.6%]", "priority_rank": 2 }, "geometry": { "type": "Point", "coordinates": [ 407948.5, 3283804.950000000186265 ] } },
{ "type": "Feature", "properties": { "tree_id": 544, "label": "Tree", "confidence": 0.5365, "pixel_xmin": 87.0, "pixel_ymin": 628.0, "pixel_xmax": 119.0, "pixel_ymax": 665.0, "pixel_center_x": 103.0, "pixel_center_y": 646.5, "geo_easting": 407710.35, "geo_northing": 3283935.3, "inside_boundary": false, "verification_priority": "MEDIUM", "priority_reason": "Outside corridor with moderate confidence [Conf: 53.6%]", "priority_rank": 2 }, "geometry": { "type": "Point", "coordinates": [ 407710.349999999976717, 3283935.299999999813735 ] } },
{ "type": "Feature", "properties": { "tree_id": 545, "label": "Tree", "confidence": 0.5359, "pixel_xmin": 1693.0, "pixel_ymin": 508.0, "pixel_xmax": 1733.0, "pixel_ymax": 551.0, "pixel_center_x": 1713.0, "pixel_center_y": 529.5, "geo_easting": 407871.35, "geo_northing": 3283947.0, "inside_boundary": false, "verification_priority": "MEDIUM", "priority_reason": "Outside corridor with moderate confidence [Conf: 53.6%]", "priority_rank": 2 }, "geometry": { "type": "Point", "coordinates": [ 407871.349999999976717, 3283947.0 ] } },
{ "type": "Feature", "properties": { "tree_id": 546, "label": "Tree", "confidence": 0.5356, "pixel_xmin": 1214.0, "pixel_ymin": 589.0, "pixel_xmax": 1257.0, "pixel_ymax": 635.0, "pixel_center_x": 1235.5, "pixel_center_y": 612.0, "geo_easting": 407823.6, "geo_northing": 3283938.75, "inside_boundary": false, "verification_priority": "MEDIUM", "priority_reason": "Outside corridor with moderate confidence [Conf: 53.6%]", "priority_rank": 2 }, "geometry": { "type": "Point", "coordinates": [ 407823.599999999976717, 3283938.75 ] } },
{ "type": "Feature", "properties": { "tree_id": 547, "label": "Tree", "confidence": 0.5351, "pixel_xmin": 995.0, "pixel_ymin": 1893.0, "pixel_xmax": 1019.0, "pixel_ymax": 1920.0, "pixel_center_x": 1007.0, "pixel_center_y": 1906.5, "geo_easting": 407800.75, "geo_northing": 3283809.3, "inside_boundary": false, "verification_priority": "MEDIUM", "priority_reason": "Outside corridor with moderate confidence [Conf: 53.5%]", "priority_rank": 2 }, "geometry": { "type": "Point", "coordinates": [ 407800.75, 3283809.299999999813735 ] } },
{ "type": "Feature", "properties": { "tree_id": 548, "label": "Tree", "confidence": 0.5349, "pixel_xmin": 443.0, "pixel_ymin": 1389.0, "pixel_xmax": 486.0, "pixel_ymax": 1432.0, "pixel_center_x": 464.5, "pixel_center_y": 1410.5, "geo_easting": 407746.5, "geo_northing": 3283858.9, "inside_boundary": true, "verification_priority": "MEDIUM", "priority_reason": "Inside project corridor (corridor impact, statutory check) [Conf: 53.5%]", "priority_rank": 2 }, "geometry": { "type": "Point", "coordinates": [ 407746.5, 3283858.9 ] } },
{ "type": "Feature", "properties": { "tree_id": 549, "label": "Tree", "confidence": 0.5349, "pixel_xmin": 2466.0, "pixel_ymin": 1829.0, "pixel_xmax": 2497.0, "pixel_ymax": 1860.0, "pixel_center_x": 2481.5, "pixel_center_y": 1844.5, "geo_easting": 407948.2, "geo_northing": 3283815.5, "inside_boundary": false, "verification_priority": "MEDIUM", "priority_reason": "Outside corridor with moderate confidence [Conf: 53.5%]", "priority_rank": 2 }, "geometry": { "type": "Point", "coordinates": [ 407948.200000000011642, 3283815.5 ] } },
{ "type": "Feature", "properties": { "tree_id": 550, "label": "Tree", "confidence": 0.5347, "pixel_xmin": 2328.0, "pixel_ymin": 1792.0, "pixel_xmax": 2364.0, "pixel_ymax": 1829.0, "pixel_center_x": 2346.0, "pixel_center_y": 1810.5, "geo_easting": 407934.65, "geo_northing": 3283818.9, "inside_boundary": false, "verification_priority": "MEDIUM", "priority_reason": "Outside corridor with moderate confidence [Conf: 53.5%]", "priority_rank": 2 }, "geometry": { "type": "Point", "coordinates": [ 407934.650000000023283, 3283818.9 ] } },
{ "type": "Feature", "properties": { "tree_id": 551, "label": "Tree", "confidence": 0.5343, "pixel_xmin": 2331.0, "pixel_ymin": 1966.0, "pixel_xmax": 2362.0, "pixel_ymax": 1998.0, "pixel_center_x": 2346.5, "pixel_center_y": 1982.0, "geo_easting": 407934.7, "geo_northing": 3283801.75, "inside_boundary": false, "verification_priority": "MEDIUM", "priority_reason": "Outside corridor with moderate confidence [Conf: 53.4%]", "priority_rank": 2 }, "geometry": { "type": "Point", "coordinates": [ 407934.700000000011642, 3283801.75 ] } },
{ "type": "Feature", "properties": { "tree_id": 552, "label": "Tree", "confidence": 0.5341, "pixel_xmin": 1144.0, "pixel_ymin": 1903.0, "pixel_xmax": 1180.0, "pixel_ymax": 1935.0, "pixel_center_x": 1162.0, "pixel_center_y": 1919.0, "geo_easting": 407816.25, "geo_northing": 3283808.05, "inside_boundary": false, "verification_priority": "MEDIUM", "priority_reason": "Outside corridor with moderate confidence [Conf: 53.4%]", "priority_rank": 2 }, "geometry": { "type": "Point", "coordinates": [ 407816.25, 3283808.049999999813735 ] } },
{ "type": "Feature", "properties": { "tree_id": 553, "label": "Tree", "confidence": 0.5339, "pixel_xmin": 275.0, "pixel_ymin": 329.0, "pixel_xmax": 314.0, "pixel_ymax": 370.0, "pixel_center_x": 294.5, "pixel_center_y": 349.5, "geo_easting": 407729.5, "geo_northing": 3283965.0, "inside_boundary": false, "verification_priority": "MEDIUM", "priority_reason": "Outside corridor with moderate confidence [Conf: 53.4%]", "priority_rank": 2 }, "geometry": { "type": "Point", "coordinates": [ 407729.5, 3283965.0 ] } },
{ "type": "Feature", "properties": { "tree_id": 554, "label": "Tree", "confidence": 0.5337, "pixel_xmin": 1201.0, "pixel_ymin": 40.0, "pixel_xmax": 1237.0, "pixel_ymax": 76.0, "pixel_center_x": 1219.0, "pixel_center_y": 58.0, "geo_easting": 407821.95, "geo_northing": 3283994.15, "inside_boundary": false, "verification_priority": "MEDIUM", "priority_reason": "Outside corridor with moderate confidence [Conf: 53.4%]", "priority_rank": 2 }, "geometry": { "type": "Point", "coordinates": [ 407821.950000000011642, 3283994.15 ] } },
{ "type": "Feature", "properties": { "tree_id": 555, "label": "Tree", "confidence": 0.5335, "pixel_xmin": 2410.0, "pixel_ymin": 1990.0, "pixel_xmax": 2453.0, "pixel_ymax": 2025.0, "pixel_center_x": 2431.5, "pixel_center_y": 2007.5, "geo_easting": 407943.2, "geo_northing": 3283799.2, "inside_boundary": false, "verification_priority": "MEDIUM", "priority_reason": "Outside corridor with moderate confidence [Conf: 53.3%]", "priority_rank": 2 }, "geometry": { "type": "Point", "coordinates": [ 407943.200000000011642, 3283799.200000000186265 ] } },
{ "type": "Feature", "properties": { "tree_id": 556, "label": "Tree", "confidence": 0.5331, "pixel_xmin": 1916.0, "pixel_ymin": 1897.0, "pixel_xmax": 1953.0, "pixel_ymax": 1940.0, "pixel_center_x": 1934.5, "pixel_center_y": 1918.5, "geo_easting": 407893.5, "geo_northing": 3283808.1, "inside_boundary": false, "verification_priority": "MEDIUM", "priority_reason": "Outside corridor with moderate confidence [Conf: 53.3%]", "priority_rank": 2 }, "geometry": { "type": "Point", "coordinates": [ 407893.5, 3283808.1 ] } },
{ "type": "Feature", "properties": { "tree_id": 557, "label": "Tree", "confidence": 0.5331, "pixel_xmin": 1243.0, "pixel_ymin": 142.0, "pixel_xmax": 1281.0, "pixel_ymax": 179.0, "pixel_center_x": 1262.0, "pixel_center_y": 160.5, "geo_easting": 407826.25, "geo_northing": 3283983.9, "inside_boundary": false, "verification_priority": "MEDIUM", "priority_reason": "Outside corridor with moderate confidence [Conf: 53.3%]", "priority_rank": 2 }, "geometry": { "type": "Point", "coordinates": [ 407826.25, 3283983.9 ] } },
{ "type": "Feature", "properties": { "tree_id": 558, "label": "Tree", "confidence": 0.5327, "pixel_xmin": 1437.0, "pixel_ymin": 1154.0, "pixel_xmax": 1481.0, "pixel_ymax": 1196.0, "pixel_center_x": 1459.0, "pixel_center_y": 1175.0, "geo_easting": 407845.95, "geo_northing": 3283882.45, "inside_boundary": true, "verification_priority": "MEDIUM", "priority_reason": "Inside project corridor (corridor impact, statutory check) [Conf: 53.3%]", "priority_rank": 2 }, "geometry": { "type": "Point", "coordinates": [ 407845.950000000011642, 3283882.450000000186265 ] } },
{ "type": "Feature", "properties": { "tree_id": 559, "label": "Tree", "confidence": 0.5325, "pixel_xmin": 1813.0, "pixel_ymin": 1947.0, "pixel_xmax": 1856.0, "pixel_ymax": 2003.0, "pixel_center_x": 1834.5, "pixel_center_y": 1975.0, "geo_easting": 407883.5, "geo_northing": 3283802.45, "inside_boundary": false, "verification_priority": "MEDIUM", "priority_reason": "Outside corridor with moderate confidence [Conf: 53.2%]", "priority_rank": 2 }, "geometry": { "type": "Point", "coordinates": [ 407883.5, 3283802.450000000186265 ] } },
{ "type": "Feature", "properties": { "tree_id": 560, "label": "Tree", "confidence": 0.5324, "pixel_xmin": 1375.0, "pixel_ymin": 1917.0, "pixel_xmax": 1422.0, "pixel_ymax": 1965.0, "pixel_center_x": 1398.5, "pixel_center_y": 1941.0, "geo_easting": 407839.9, "geo_northing": 3283805.85, "inside_boundary": false, "verification_priority": "MEDIUM", "priority_reason": "Outside corridor with moderate confidence [Conf: 53.2%]", "priority_rank": 2 }, "geometry": { "type": "Point", "coordinates": [ 407839.900000000023283, 3283805.85 ] } },
{ "type": "Feature", "properties": { "tree_id": 561, "label": "Tree", "confidence": 0.5323, "pixel_xmin": 1523.0, "pixel_ymin": 400.0, "pixel_xmax": 1559.0, "pixel_ymax": 433.0, "pixel_center_x": 1541.0, "pixel_center_y": 416.5, "geo_easting": 407854.15, "geo_northing": 3283958.3, "inside_boundary": false, "verification_priority": "MEDIUM", "priority_reason": "Outside corridor with moderate confidence [Conf: 53.2%]", "priority_rank": 2 }, "geometry": { "type": "Point", "coordinates": [ 407854.150000000023283, 3283958.299999999813735 ] } },
{ "type": "Feature", "properties": { "tree_id": 562, "label": "Tree", "confidence": 0.5319, "pixel_xmin": 1281.0, "pixel_ymin": 948.0, "pixel_xmax": 1312.0, "pixel_ymax": 979.0, "pixel_center_x": 1296.5, "pixel_center_y": 963.5, "geo_easting": 407829.7, "geo_northing": 3283903.6, "inside_boundary": true, "verification_priority": "MEDIUM", "priority_reason": "Inside project corridor (corridor impact, statutory check) [Conf: 53.2%]", "priority_rank": 2 }, "geometry": { "type": "Point", "coordinates": [ 407829.700000000011642, 3283903.6 ] } },
{ "type": "Feature", "properties": { "tree_id": 563, "label": "Tree", "confidence": 0.5318, "pixel_xmin": 2405.0, "pixel_ymin": 2027.0, "pixel_xmax": 2462.0, "pixel_ymax": 2076.0, "pixel_center_x": 2433.5, "pixel_center_y": 2051.5, "geo_easting": 407943.4, "geo_northing": 3283794.8, "inside_boundary": false, "verification_priority": "MEDIUM", "priority_reason": "Outside corridor with moderate confidence [Conf: 53.2%]", "priority_rank": 2 }, "geometry": { "type": "Point", "coordinates": [ 407943.400000000023283, 3283794.799999999813735 ] } },
{ "type": "Feature", "properties": { "tree_id": 564, "label": "Tree", "confidence": 0.5317, "pixel_xmin": 1706.0, "pixel_ymin": 1721.0, "pixel_xmax": 1777.0, "pixel_ymax": 1789.0, "pixel_center_x": 1741.5, "pixel_center_y": 1755.0, "geo_easting": 407874.2, "geo_northing": 3283824.45, "inside_boundary": false, "verification_priority": "MEDIUM", "priority_reason": "Outside corridor with moderate confidence [Conf: 53.2%]", "priority_rank": 2 }, "geometry": { "type": "Point", "coordinates": [ 407874.200000000011642, 3283824.450000000186265 ] } },
{ "type": "Feature", "properties": { "tree_id": 565, "label": "Tree", "confidence": 0.5317, "pixel_xmin": 1726.0, "pixel_ymin": 352.0, "pixel_xmax": 1782.0, "pixel_ymax": 398.0, "pixel_center_x": 1754.0, "pixel_center_y": 375.0, "geo_easting": 407875.45, "geo_northing": 3283962.45, "inside_boundary": false, "verification_priority": "MEDIUM", "priority_reason": "Outside corridor with moderate confidence [Conf: 53.2%]", "priority_rank": 2 }, "geometry": { "type": "Point", "coordinates": [ 407875.450000000011642, 3283962.450000000186265 ] } },
{ "type": "Feature", "properties": { "tree_id": 566, "label": "Tree", "confidence": 0.5316, "pixel_xmin": 1847.0, "pixel_ymin": 939.0, "pixel_xmax": 1898.0, "pixel_ymax": 996.0, "pixel_center_x": 1872.5, "pixel_center_y": 967.5, "geo_easting": 407887.3, "geo_northing": 3283903.2, "inside_boundary": true, "verification_priority": "MEDIUM", "priority_reason": "Inside project corridor (corridor impact, statutory check) [Conf: 53.2%]", "priority_rank": 2 }, "geometry": { "type": "Point", "coordinates": [ 407887.299999999988358, 3283903.200000000186265 ] } },
{ "type": "Feature", "properties": { "tree_id": 567, "label": "Tree", "confidence": 0.5315, "pixel_xmin": 1543.0, "pixel_ymin": 1500.0, "pixel_xmax": 1590.0, "pixel_ymax": 1536.0, "pixel_center_x": 1566.5, "pixel_center_y": 1518.0, "geo_easting": 407856.7, "geo_northing": 3283848.15, "inside_boundary": false, "verification_priority": "MEDIUM", "priority_reason": "Outside corridor with moderate confidence [Conf: 53.1%]", "priority_rank": 2 }, "geometry": { "type": "Point", "coordinates": [ 407856.700000000011642, 3283848.15 ] } },
{ "type": "Feature", "properties": { "tree_id": 568, "label": "Tree", "confidence": 0.5309, "pixel_xmin": 1696.0, "pixel_ymin": 1122.0, "pixel_xmax": 1739.0, "pixel_ymax": 1167.0, "pixel_center_x": 1717.5, "pixel_center_y": 1144.5, "geo_easting": 407871.8, "geo_northing": 3283885.5, "inside_boundary": true, "verification_priority": "MEDIUM", "priority_reason": "Inside project corridor (corridor impact, statutory check) [Conf: 53.1%]", "priority_rank": 2 }, "geometry": { "type": "Point", "coordinates": [ 407871.799999999988358, 3283885.5 ] } },
{ "type": "Feature", "properties": { "tree_id": 569, "label": "Tree", "confidence": 0.5306, "pixel_xmin": 300.0, "pixel_ymin": 1850.0, "pixel_xmax": 316.0, "pixel_ymax": 1890.0, "pixel_center_x": 308.0, "pixel_center_y": 1870.0, "geo_easting": 407730.85, "geo_northing": 3283812.95, "inside_boundary": true, "verification_priority": "MEDIUM", "priority_reason": "Inside project corridor (corridor impact, statutory check) [Conf: 53.1%]", "priority_rank": 2 }, "geometry": { "type": "Point", "coordinates": [ 407730.849999999976717, 3283812.950000000186265 ] } },
{ "type": "Feature", "properties": { "tree_id": 570, "label": "Tree", "confidence": 0.5306, "pixel_xmin": 1331.0, "pixel_ymin": 1165.0, "pixel_xmax": 1360.0, "pixel_ymax": 1196.0, "pixel_center_x": 1345.5, "pixel_center_y": 1180.5, "geo_easting": 407834.6, "geo_northing": 3283881.9, "inside_boundary": true, "verification_priority": "MEDIUM", "priority_reason": "Inside project corridor (corridor impact, statutory check) [Conf: 53.1%]", "priority_rank": 2 }, "geometry": { "type": "Point", "coordinates": [ 407834.599999999976717, 3283881.9 ] } },
{ "type": "Feature", "properties": { "tree_id": 571, "label": "Tree", "confidence": 0.5304, "pixel_xmin": 2210.0, "pixel_ymin": 787.0, "pixel_xmax": 2242.0, "pixel_ymax": 819.0, "pixel_center_x": 2226.0, "pixel_center_y": 803.0, "geo_easting": 407922.65, "geo_northing": 3283919.65, "inside_boundary": true, "verification_priority": "MEDIUM", "priority_reason": "Inside project corridor (corridor impact, statutory check) [Conf: 53.0%]", "priority_rank": 2 }, "geometry": { "type": "Point", "coordinates": [ 407922.650000000023283, 3283919.65 ] } },
{ "type": "Feature", "properties": { "tree_id": 572, "label": "Tree", "confidence": 0.5303, "pixel_xmin": 2077.0, "pixel_ymin": 1859.0, "pixel_xmax": 2110.0, "pixel_ymax": 1895.0, "pixel_center_x": 2093.5, "pixel_center_y": 1877.0, "geo_easting": 407909.4, "geo_northing": 3283812.25, "inside_boundary": false, "verification_priority": "MEDIUM", "priority_reason": "Outside corridor with moderate confidence [Conf: 53.0%]", "priority_rank": 2 }, "geometry": { "type": "Point", "coordinates": [ 407909.400000000023283, 3283812.25 ] } },
{ "type": "Feature", "properties": { "tree_id": 573, "label": "Tree", "confidence": 0.5302, "pixel_xmin": 51.0, "pixel_ymin": 224.0, "pixel_xmax": 94.0, "pixel_ymax": 264.0, "pixel_center_x": 72.5, "pixel_center_y": 244.0, "geo_easting": 407707.3, "geo_northing": 3283975.55, "inside_boundary": false, "verification_priority": "MEDIUM", "priority_reason": "Outside corridor with moderate confidence [Conf: 53.0%]", "priority_rank": 2 }, "geometry": { "type": "Point", "coordinates": [ 407707.299999999988358, 3283975.549999999813735 ] } },
{ "type": "Feature", "properties": { "tree_id": 574, "label": "Tree", "confidence": 0.5296, "pixel_xmin": 1706.0, "pixel_ymin": 1838.0, "pixel_xmax": 1740.0, "pixel_ymax": 1873.0, "pixel_center_x": 1723.0, "pixel_center_y": 1855.5, "geo_easting": 407872.35, "geo_northing": 3283814.4, "inside_boundary": false, "verification_priority": "MEDIUM", "priority_reason": "Outside corridor with moderate confidence [Conf: 53.0%]", "priority_rank": 2 }, "geometry": { "type": "Point", "coordinates": [ 407872.349999999976717, 3283814.4 ] } },
{ "type": "Feature", "properties": { "tree_id": 575, "label": "Tree", "confidence": 0.5293, "pixel_xmin": 1993.0, "pixel_ymin": 172.0, "pixel_xmax": 2050.0, "pixel_ymax": 243.0, "pixel_center_x": 2021.5, "pixel_center_y": 207.5, "geo_easting": 407902.2, "geo_northing": 3283979.2, "inside_boundary": false, "verification_priority": "MEDIUM", "priority_reason": "Outside corridor with moderate confidence [Conf: 52.9%]", "priority_rank": 2 }, "geometry": { "type": "Point", "coordinates": [ 407902.200000000011642, 3283979.200000000186265 ] } },
{ "type": "Feature", "properties": { "tree_id": 576, "label": "Tree", "confidence": 0.5291, "pixel_xmin": 2425.0, "pixel_ymin": 158.0, "pixel_xmax": 2468.0, "pixel_ymax": 199.0, "pixel_center_x": 2446.5, "pixel_center_y": 178.5, "geo_easting": 407944.7, "geo_northing": 3283982.1, "inside_boundary": false, "verification_priority": "MEDIUM", "priority_reason": "Outside corridor with moderate confidence [Conf: 52.9%]", "priority_rank": 2 }, "geometry": { "type": "Point", "coordinates": [ 407944.700000000011642, 3283982.1 ] } },
{ "type": "Feature", "properties": { "tree_id": 577, "label": "Tree", "confidence": 0.5291, "pixel_xmin": 2261.0, "pixel_ymin": 1769.0, "pixel_xmax": 2301.0, "pixel_ymax": 1808.0, "pixel_center_x": 2281.0, "pixel_center_y": 1788.5, "geo_easting": 407928.15, "geo_northing": 3283821.1, "inside_boundary": false, "verification_priority": "MEDIUM", "priority_reason": "Outside corridor with moderate confidence [Conf: 52.9%]", "priority_rank": 2 }, "geometry": { "type": "Point", "coordinates": [ 407928.150000000023283, 3283821.1 ] } },
{ "type": "Feature", "properties": { "tree_id": 578, "label": "Tree", "confidence": 0.5282, "pixel_xmin": 1127.0, "pixel_ymin": 142.0, "pixel_xmax": 1168.0, "pixel_ymax": 183.0, "pixel_center_x": 1147.5, "pixel_center_y": 162.5, "geo_easting": 407814.8, "geo_northing": 3283983.7, "inside_boundary": false, "verification_priority": "MEDIUM", "priority_reason": "Outside corridor with moderate confidence [Conf: 52.8%]", "priority_rank": 2 }, "geometry": { "type": "Point", "coordinates": [ 407814.799999999988358, 3283983.700000000186265 ] } },
{ "type": "Feature", "properties": { "tree_id": 579, "label": "Tree", "confidence": 0.5281, "pixel_xmin": 401.0, "pixel_ymin": 558.0, "pixel_xmax": 429.0, "pixel_ymax": 587.0, "pixel_center_x": 415.0, "pixel_center_y": 572.5, "geo_easting": 407741.55, "geo_northing": 3283942.7, "inside_boundary": false, "verification_priority": "MEDIUM", "priority_reason": "Outside corridor with moderate confidence [Conf: 52.8%]", "priority_rank": 2 }, "geometry": { "type": "Point", "coordinates": [ 407741.549999999988358, 3283942.700000000186265 ] } },
{ "type": "Feature", "properties": { "tree_id": 580, "label": "Tree", "confidence": 0.5279, "pixel_xmin": 2385.0, "pixel_ymin": 2230.0, "pixel_xmax": 2425.0, "pixel_ymax": 2269.0, "pixel_center_x": 2405.0, "pixel_center_y": 2249.5, "geo_easting": 407940.55, "geo_northing": 3283775.0, "inside_boundary": false, "verification_priority": "MEDIUM", "priority_reason": "Outside corridor with moderate confidence [Conf: 52.8%]", "priority_rank": 2 }, "geometry": { "type": "Point", "coordinates": [ 407940.549999999988358, 3283775.0 ] } },
{ "type": "Feature", "properties": { "tree_id": 581, "label": "Tree", "confidence": 0.5266, "pixel_xmin": 1857.0, "pixel_ymin": 1959.0, "pixel_xmax": 1926.0, "pixel_ymax": 2017.0, "pixel_center_x": 1891.5, "pixel_center_y": 1988.0, "geo_easting": 407889.2, "geo_northing": 3283801.15, "inside_boundary": false, "verification_priority": "MEDIUM", "priority_reason": "Outside corridor with moderate confidence [Conf: 52.7%]", "priority_rank": 2 }, "geometry": { "type": "Point", "coordinates": [ 407889.200000000011642, 3283801.15 ] } },
{ "type": "Feature", "properties": { "tree_id": 582, "label": "Tree", "confidence": 0.5261, "pixel_xmin": 1841.0, "pixel_ymin": 2137.0, "pixel_xmax": 1864.0, "pixel_ymax": 2159.0, "pixel_center_x": 1852.5, "pixel_center_y": 2148.0, "geo_easting": 407885.3, "geo_northing": 3283785.15, "inside_boundary": false, "verification_priority": "MEDIUM", "priority_reason": "Outside corridor with moderate confidence [Conf: 52.6%]", "priority_rank": 2 }, "geometry": { "type": "Point", "coordinates": [ 407885.299999999988358, 3283785.15 ] } },
{ "type": "Feature", "properties": { "tree_id": 583, "label": "Tree", "confidence": 0.526, "pixel_xmin": 1821.0, "pixel_ymin": 1528.0, "pixel_xmax": 1855.0, "pixel_ymax": 1563.0, "pixel_center_x": 1838.0, "pixel_center_y": 1545.5, "geo_easting": 407883.85, "geo_northing": 3283845.4, "inside_boundary": false, "verification_priority": "MEDIUM", "priority_reason": "Outside corridor with moderate confidence [Conf: 52.6%]", "priority_rank": 2 }, "geometry": { "type": "Point", "coordinates": [ 407883.849999999976717, 3283845.4 ] } },
{ "type": "Feature", "properties": { "tree_id": 584, "label": "Tree", "confidence": 0.5258, "pixel_xmin": 1509.0, "pixel_ymin": 2403.0, "pixel_xmax": 1542.0, "pixel_ymax": 2438.0, "pixel_center_x": 1525.5, "pixel_center_y": 2420.5, "geo_easting": 407852.6, "geo_northing": 3283757.9, "inside_boundary": false, "verification_priority": "MEDIUM", "priority_reason": "Outside corridor with moderate confidence [Conf: 52.6%]", "priority_rank": 2 }, "geometry": { "type": "Point", "coordinates": [ 407852.599999999976717, 3283757.9 ] } },
{ "type": "Feature", "properties": { "tree_id": 585, "label": "Tree", "confidence": 0.5255, "pixel_xmin": 1237.0, "pixel_ymin": 1440.0, "pixel_xmax": 1269.0, "pixel_ymax": 1474.0, "pixel_center_x": 1253.0, "pixel_center_y": 1457.0, "geo_easting": 407825.35, "geo_northing": 3283854.25, "inside_boundary": true, "verification_priority": "MEDIUM", "priority_reason": "Inside project corridor (corridor impact, statutory check) [Conf: 52.5%]", "priority_rank": 2 }, "geometry": { "type": "Point", "coordinates": [ 407825.349999999976717, 3283854.25 ] } },
{ "type": "Feature", "properties": { "tree_id": 586, "label": "Tree", "confidence": 0.5247, "pixel_xmin": 1915.0, "pixel_ymin": 1817.0, "pixel_xmax": 1949.0, "pixel_ymax": 1852.0, "pixel_center_x": 1932.0, "pixel_center_y": 1834.5, "geo_easting": 407893.25, "geo_northing": 3283816.5, "inside_boundary": false, "verification_priority": "MEDIUM", "priority_reason": "Outside corridor with moderate confidence [Conf: 52.5%]", "priority_rank": 2 }, "geometry": { "type": "Point", "coordinates": [ 407893.25, 3283816.5 ] } },
{ "type": "Feature", "properties": { "tree_id": 587, "label": "Tree", "confidence": 0.5241, "pixel_xmin": 2058.0, "pixel_ymin": 2153.0, "pixel_xmax": 2103.0, "pixel_ymax": 2197.0, "pixel_center_x": 2080.5, "pixel_center_y": 2175.0, "geo_easting": 407908.1, "geo_northing": 3283782.45, "inside_boundary": false, "verification_priority": "MEDIUM", "priority_reason": "Outside corridor with moderate confidence [Conf: 52.4%]", "priority_rank": 2 }, "geometry": { "type": "Point", "coordinates": [ 407908.099999999976717, 3283782.450000000186265 ] } },
{ "type": "Feature", "properties": { "tree_id": 588, "label": "Tree", "confidence": 0.5241, "pixel_xmin": 1090.0, "pixel_ymin": 2114.0, "pixel_xmax": 1118.0, "pixel_ymax": 2142.0, "pixel_center_x": 1104.0, "pixel_center_y": 2128.0, "geo_easting": 407810.45, "geo_northing": 3283787.15, "inside_boundary": false, "verification_priority": "MEDIUM", "priority_reason": "Outside corridor with moderate confidence [Conf: 52.4%]", "priority_rank": 2 }, "geometry": { "type": "Point", "coordinates": [ 407810.450000000011642, 3283787.15 ] } },
{ "type": "Feature", "properties": { "tree_id": 589, "label": "Tree", "confidence": 0.5239, "pixel_xmin": 2298.0, "pixel_ymin": 1722.0, "pixel_xmax": 2334.0, "pixel_ymax": 1756.0, "pixel_center_x": 2316.0, "pixel_center_y": 1739.0, "geo_easting": 407931.65, "geo_northing": 3283826.05, "inside_boundary": false, "verification_priority": "MEDIUM", "priority_reason": "Outside corridor with moderate confidence [Conf: 52.4%]", "priority_rank": 2 }, "geometry": { "type": "Point", "coordinates": [ 407931.650000000023283, 3283826.049999999813735 ] } },
{ "type": "Feature", "properties": { "tree_id": 590, "label": "Tree", "confidence": 0.5237, "pixel_xmin": 1414.0, "pixel_ymin": 1665.0, "pixel_xmax": 1442.0, "pixel_ymax": 1694.0, "pixel_center_x": 1428.0, "pixel_center_y": 1679.5, "geo_easting": 407842.85, "geo_northing": 3283832.0, "inside_boundary": false, "verification_priority": "MEDIUM", "priority_reason": "Outside corridor with moderate confidence [Conf: 52.4%]", "priority_rank": 2 }, "geometry": { "type": "Point", "coordinates": [ 407842.849999999976717, 3283832.0 ] } },
{ "type": "Feature", "properties": { "tree_id": 591, "label": "Tree", "confidence": 0.5235, "pixel_xmin": 1853.0, "pixel_ymin": 53.0, "pixel_xmax": 1889.0, "pixel_ymax": 86.0, "pixel_center_x": 1871.0, "pixel_center_y": 69.5, "geo_easting": 407887.15, "geo_northing": 3283993.0, "inside_boundary": false, "verification_priority": "MEDIUM", "priority_reason": "Outside corridor with moderate confidence [Conf: 52.3%]", "priority_rank": 2 }, "geometry": { "type": "Point", "coordinates": [ 407887.150000000023283, 3283993.0 ] } },
{ "type": "Feature", "properties": { "tree_id": 592, "label": "Tree", "confidence": 0.5227, "pixel_xmin": 1015.0, "pixel_ymin": 461.0, "pixel_xmax": 1061.0, "pixel_ymax": 509.0, "pixel_center_x": 1038.0, "pixel_center_y": 485.0, "geo_easting": 407803.85, "geo_northing": 3283951.45, "inside_boundary": false, "verification_priority": "MEDIUM", "priority_reason": "Outside corridor with moderate confidence [Conf: 52.3%]", "priority_rank": 2 }, "geometry": { "type": "Point", "coordinates": [ 407803.849999999976717, 3283951.450000000186265 ] } },
{ "type": "Feature", "properties": { "tree_id": 593, "label": "Tree", "confidence": 0.5226, "pixel_xmin": 940.0, "pixel_ymin": 1283.0, "pixel_xmax": 999.0, "pixel_ymax": 1365.0, "pixel_center_x": 969.5, "pixel_center_y": 1324.0, "geo_easting": 407797.0, "geo_northing": 3283867.55, "inside_boundary": true, "verification_priority": "MEDIUM", "priority_reason": "Inside project corridor (corridor impact, statutory check) [Conf: 52.3%]", "priority_rank": 2 }, "geometry": { "type": "Point", "coordinates": [ 407797.0, 3283867.549999999813735 ] } },
{ "type": "Feature", "properties": { "tree_id": 594, "label": "Tree", "confidence": 0.522, "pixel_xmin": 1679.0, "pixel_ymin": 2308.0, "pixel_xmax": 1709.0, "pixel_ymax": 2340.0, "pixel_center_x": 1694.0, "pixel_center_y": 2324.0, "geo_easting": 407869.45, "geo_northing": 3283767.55, "inside_boundary": false, "verification_priority": "MEDIUM", "priority_reason": "Outside corridor with moderate confidence [Conf: 52.2%]", "priority_rank": 2 }, "geometry": { "type": "Point", "coordinates": [ 407869.450000000011642, 3283767.549999999813735 ] } },
{ "type": "Feature", "properties": { "tree_id": 595, "label": "Tree", "confidence": 0.5211, "pixel_xmin": 1032.0, "pixel_ymin": 877.0, "pixel_xmax": 1051.0, "pixel_ymax": 897.0, "pixel_center_x": 1041.5, "pixel_center_y": 887.0, "geo_easting": 407804.2, "geo_northing": 3283911.25, "inside_boundary": false, "verification_priority": "MEDIUM", "priority_reason": "Outside corridor with moderate confidence [Conf: 52.1%]", "priority_rank": 2 }, "geometry": { "type": "Point", "coordinates": [ 407804.200000000011642, 3283911.25 ] } },
{ "type": "Feature", "properties": { "tree_id": 596, "label": "Tree", "confidence": 0.521, "pixel_xmin": 1151.0, "pixel_ymin": 2067.0, "pixel_xmax": 1206.0, "pixel_ymax": 2120.0, "pixel_center_x": 1178.5, "pixel_center_y": 2093.5, "geo_easting": 407817.9, "geo_northing": 3283790.6, "inside_boundary": false, "verification_priority": "MEDIUM", "priority_reason": "Outside corridor with moderate confidence [Conf: 52.1%]", "priority_rank": 2 }, "geometry": { "type": "Point", "coordinates": [ 407817.900000000023283, 3283790.6 ] } },
{ "type": "Feature", "properties": { "tree_id": 597, "label": "Tree", "confidence": 0.5205, "pixel_xmin": 319.0, "pixel_ymin": 1885.0, "pixel_xmax": 352.0, "pixel_ymax": 1900.0, "pixel_center_x": 335.5, "pixel_center_y": 1892.5, "geo_easting": 407733.6, "geo_northing": 3283810.7, "inside_boundary": false, "verification_priority": "MEDIUM", "priority_reason": "Outside corridor with moderate confidence [Conf: 52.0%]", "priority_rank": 2 }, "geometry": { "type": "Point", "coordinates": [ 407733.599999999976717, 3283810.700000000186265 ] } },
{ "type": "Feature", "properties": { "tree_id": 598, "label": "Tree", "confidence": 0.5201, "pixel_xmin": 936.0, "pixel_ymin": 937.0, "pixel_xmax": 968.0, "pixel_ymax": 972.0, "pixel_center_x": 952.0, "pixel_center_y": 954.5, "geo_easting": 407795.25, "geo_northing": 3283904.5, "inside_boundary": false, "verification_priority": "MEDIUM", "priority_reason": "Outside corridor with moderate confidence [Conf: 52.0%]", "priority_rank": 2 }, "geometry": { "type": "Point", "coordinates": [ 407795.25, 3283904.5 ] } },
{ "type": "Feature", "properties": { "tree_id": 599, "label": "Tree", "confidence": 0.52, "pixel_xmin": 1782.0, "pixel_ymin": 918.0, "pixel_xmax": 1822.0, "pixel_ymax": 955.0, "pixel_center_x": 1802.0, "pixel_center_y": 936.5, "geo_easting": 407880.25, "geo_northing": 3283906.3, "inside_boundary": true, "verification_priority": "MEDIUM", "priority_reason": "Inside project corridor (corridor impact, statutory check) [Conf: 52.0%]", "priority_rank": 2 }, "geometry": { "type": "Point", "coordinates": [ 407880.25, 3283906.299999999813735 ] } },
{ "type": "Feature", "properties": { "tree_id": 600, "label": "Tree", "confidence": 0.5199, "pixel_xmin": 1644.0, "pixel_ymin": 1852.0, "pixel_xmax": 1668.0, "pixel_ymax": 1877.0, "pixel_center_x": 1656.0, "pixel_center_y": 1864.5, "geo_easting": 407865.65, "geo_northing": 3283813.5, "inside_boundary": false, "verification_priority": "MEDIUM", "priority_reason": "Outside corridor with moderate confidence [Conf: 52.0%]", "priority_rank": 2 }, "geometry": { "type": "Point", "coordinates": [ 407865.650000000023283, 3283813.5 ] } },
{ "type": "Feature", "properties": { "tree_id": 601, "label": "Tree", "confidence": 0.5199, "pixel_xmin": 1868.0, "pixel_ymin": 1502.0, "pixel_xmax": 1993.0, "pixel_ymax": 1620.0, "pixel_center_x": 1930.5, "pixel_center_y": 1561.0, "geo_easting": 407893.1, "geo_northing": 3283843.85, "inside_boundary": false, "verification_priority": "MEDIUM", "priority_reason": "Outside corridor with moderate confidence [Conf: 52.0%]", "priority_rank": 2 }, "geometry": { "type": "Point", "coordinates": [ 407893.099999999976717, 3283843.85 ] } },
{ "type": "Feature", "properties": { "tree_id": 602, "label": "Tree", "confidence": 0.5197, "pixel_xmin": 2038.0, "pixel_ymin": 1583.0, "pixel_xmax": 2078.0, "pixel_ymax": 1629.0, "pixel_center_x": 2058.0, "pixel_center_y": 1606.0, "geo_easting": 407905.85, "geo_northing": 3283839.35, "inside_boundary": false, "verification_priority": "MEDIUM", "priority_reason": "Outside corridor with moderate confidence [Conf: 52.0%]", "priority_rank": 2 }, "geometry": { "type": "Point", "coordinates": [ 407905.849999999976717, 3283839.35 ] } },
{ "type": "Feature", "properties": { "tree_id": 603, "label": "Tree", "confidence": 0.5193, "pixel_xmin": 437.0, "pixel_ymin": 2246.0, "pixel_xmax": 462.0, "pixel_ymax": 2268.0, "pixel_center_x": 449.5, "pixel_center_y": 2257.0, "geo_easting": 407745.0, "geo_northing": 3283774.25, "inside_boundary": false, "verification_priority": "MEDIUM", "priority_reason": "Outside corridor with moderate confidence [Conf: 51.9%]", "priority_rank": 2 }, "geometry": { "type": "Point", "coordinates": [ 407745.0, 3283774.25 ] } },
{ "type": "Feature", "properties": { "tree_id": 604, "label": "Tree", "confidence": 0.5193, "pixel_xmin": 603.0, "pixel_ymin": 2267.0, "pixel_xmax": 642.0, "pixel_ymax": 2309.0, "pixel_center_x": 622.5, "pixel_center_y": 2288.0, "geo_easting": 407762.3, "geo_northing": 3283771.15, "inside_boundary": false, "verification_priority": "MEDIUM", "priority_reason": "Outside corridor with moderate confidence [Conf: 51.9%]", "priority_rank": 2 }, "geometry": { "type": "Point", "coordinates": [ 407762.299999999988358, 3283771.15 ] } },
{ "type": "Feature", "properties": { "tree_id": 605, "label": "Tree", "confidence": 0.5192, "pixel_xmin": 292.0, "pixel_ymin": 300.0, "pixel_xmax": 338.0, "pixel_ymax": 328.0, "pixel_center_x": 315.0, "pixel_center_y": 314.0, "geo_easting": 407731.55, "geo_northing": 3283968.55, "inside_boundary": false, "verification_priority": "MEDIUM", "priority_reason": "Outside corridor with moderate confidence [Conf: 51.9%]", "priority_rank": 2 }, "geometry": { "type": "Point", "coordinates": [ 407731.549999999988358, 3283968.549999999813735 ] } },
{ "type": "Feature", "properties": { "tree_id": 606, "label": "Tree", "confidence": 0.5192, "pixel_xmin": 1500.0, "pixel_ymin": 340.0, "pixel_xmax": 1533.0, "pixel_ymax": 396.0, "pixel_center_x": 1516.5, "pixel_center_y": 368.0, "geo_easting": 407851.7, "geo_northing": 3283963.15, "inside_boundary": false, "verification_priority": "MEDIUM", "priority_reason": "Outside corridor with moderate confidence [Conf: 51.9%]", "priority_rank": 2 }, "geometry": { "type": "Point", "coordinates": [ 407851.700000000011642, 3283963.15 ] } },
{ "type": "Feature", "properties": { "tree_id": 607, "label": "Tree", "confidence": 0.5188, "pixel_xmin": 2100.0, "pixel_ymin": 1333.0, "pixel_xmax": 2135.0, "pixel_ymax": 1383.0, "pixel_center_x": 2117.5, "pixel_center_y": 1358.0, "geo_easting": 407911.8, "geo_northing": 3283864.15, "inside_boundary": false, "verification_priority": "MEDIUM", "priority_reason": "Outside corridor with moderate confidence [Conf: 51.9%]", "priority_rank": 2 }, "geometry": { "type": "Point", "coordinates": [ 407911.799999999988358, 3283864.15 ] } },
{ "type": "Feature", "properties": { "tree_id": 608, "label": "Tree", "confidence": 0.5187, "pixel_xmin": 2455.0, "pixel_ymin": 1864.0, "pixel_xmax": 2495.0, "pixel_ymax": 1899.0, "pixel_center_x": 2475.0, "pixel_center_y": 1881.5, "geo_easting": 407947.55, "geo_northing": 3283811.8, "inside_boundary": false, "verification_priority": "MEDIUM", "priority_reason": "Outside corridor with moderate confidence [Conf: 51.9%]", "priority_rank": 2 }, "geometry": { "type": "Point", "coordinates": [ 407947.549999999988358, 3283811.799999999813735 ] } },
{ "type": "Feature", "properties": { "tree_id": 609, "label": "Tree", "confidence": 0.518, "pixel_xmin": 1201.0, "pixel_ymin": 140.0, "pixel_xmax": 1230.0, "pixel_ymax": 169.0, "pixel_center_x": 1215.5, "pixel_center_y": 154.5, "geo_easting": 407821.6, "geo_northing": 3283984.5, "inside_boundary": false, "verification_priority": "MEDIUM", "priority_reason": "Outside corridor with moderate confidence [Conf: 51.8%]", "priority_rank": 2 }, "geometry": { "type": "Point", "coordinates": [ 407821.599999999976717, 3283984.5 ] } },
{ "type": "Feature", "properties": { "tree_id": 610, "label": "Tree", "confidence": 0.5178, "pixel_xmin": 1218.0, "pixel_ymin": 1369.0, "pixel_xmax": 1253.0, "pixel_ymax": 1403.0, "pixel_center_x": 1235.5, "pixel_center_y": 1386.0, "geo_easting": 407823.6, "geo_northing": 3283861.35, "inside_boundary": true, "verification_priority": "MEDIUM", "priority_reason": "Inside project corridor (corridor impact, statutory check) [Conf: 51.8%]", "priority_rank": 2 }, "geometry": { "type": "Point", "coordinates": [ 407823.599999999976717, 3283861.35 ] } },
{ "type": "Feature", "properties": { "tree_id": 611, "label": "Tree", "confidence": 0.5177, "pixel_xmin": 390.0, "pixel_ymin": 31.0, "pixel_xmax": 423.0, "pixel_ymax": 64.0, "pixel_center_x": 406.5, "pixel_center_y": 47.5, "geo_easting": 407740.7, "geo_northing": 3283995.2, "inside_boundary": false, "verification_priority": "MEDIUM", "priority_reason": "Outside corridor with moderate confidence [Conf: 51.8%]", "priority_rank": 2 }, "geometry": { "type": "Point", "coordinates": [ 407740.700000000011642, 3283995.200000000186265 ] } },
{ "type": "Feature", "properties": { "tree_id": 612, "label": "Tree", "confidence": 0.5172, "pixel_xmin": 1239.0, "pixel_ymin": 2300.0, "pixel_xmax": 1259.0, "pixel_ymax": 2322.0, "pixel_center_x": 1249.0, "pixel_center_y": 2311.0, "geo_easting": 407824.95, "geo_northing": 3283768.85, "inside_boundary": false, "verification_priority": "MEDIUM", "priority_reason": "Outside corridor with moderate confidence [Conf: 51.7%]", "priority_rank": 2 }, "geometry": { "type": "Point", "coordinates": [ 407824.950000000011642, 3283768.85 ] } },
{ "type": "Feature", "properties": { "tree_id": 613, "label": "Tree", "confidence": 0.5171, "pixel_xmin": 1981.0, "pixel_ymin": 1125.0, "pixel_xmax": 2013.0, "pixel_ymax": 1156.0, "pixel_center_x": 1997.0, "pixel_center_y": 1140.5, "geo_easting": 407899.75, "geo_northing": 3283885.9, "inside_boundary": true, "verification_priority": "MEDIUM", "priority_reason": "Inside project corridor (corridor impact, statutory check) [Conf: 51.7%]", "priority_rank": 2 }, "geometry": { "type": "Point", "coordinates": [ 407899.75, 3283885.9 ] } },
{ "type": "Feature", "properties": { "tree_id": 614, "label": "Tree", "confidence": 0.5167, "pixel_xmin": 1626.0, "pixel_ymin": 425.0, "pixel_xmax": 1687.0, "pixel_ymax": 494.0, "pixel_center_x": 1656.5, "pixel_center_y": 459.5, "geo_easting": 407865.7, "geo_northing": 3283954.0, "inside_boundary": false, "verification_priority": "MEDIUM", "priority_reason": "Outside corridor with moderate confidence [Conf: 51.7%]", "priority_rank": 2 }, "geometry": { "type": "Point", "coordinates": [ 407865.700000000011642, 3283954.0 ] } },
{ "type": "Feature", "properties": { "tree_id": 615, "label": "Tree", "confidence": 0.5164, "pixel_xmin": 736.0, "pixel_ymin": 787.0, "pixel_xmax": 768.0, "pixel_ymax": 818.0, "pixel_center_x": 752.0, "pixel_center_y": 802.5, "geo_easting": 407775.25, "geo_northing": 3283919.7, "inside_boundary": false, "verification_priority": "MEDIUM", "priority_reason": "Outside corridor with moderate confidence [Conf: 51.6%]", "priority_rank": 2 }, "geometry": { "type": "Point", "coordinates": [ 407775.25, 3283919.700000000186265 ] } },
{ "type": "Feature", "properties": { "tree_id": 616, "label": "Tree", "confidence": 0.5163, "pixel_xmin": 1625.0, "pixel_ymin": 1479.0, "pixel_xmax": 1717.0, "pixel_ymax": 1582.0, "pixel_center_x": 1671.0, "pixel_center_y": 1530.5, "geo_easting": 407867.15, "geo_northing": 3283846.9, "inside_boundary": false, "verification_priority": "MEDIUM", "priority_reason": "Outside corridor with moderate confidence [Conf: 51.6%]", "priority_rank": 2 }, "geometry": { "type": "Point", "coordinates": [ 407867.150000000023283, 3283846.9 ] } },
{ "type": "Feature", "properties": { "tree_id": 617, "label": "Tree", "confidence": 0.5155, "pixel_xmin": 2031.0, "pixel_ymin": 2126.0, "pixel_xmax": 2064.0, "pixel_ymax": 2160.0, "pixel_center_x": 2047.5, "pixel_center_y": 2143.0, "geo_easting": 407904.8, "geo_northing": 3283785.65, "inside_boundary": false, "verification_priority": "MEDIUM", "priority_reason": "Outside corridor with moderate confidence [Conf: 51.5%]", "priority_rank": 2 }, "geometry": { "type": "Point", "coordinates": [ 407904.799999999988358, 3283785.65 ] } },
{ "type": "Feature", "properties": { "tree_id": 618, "label": "Tree", "confidence": 0.5155, "pixel_xmin": 294.0, "pixel_ymin": 23.0, "pixel_xmax": 325.0, "pixel_ymax": 54.0, "pixel_center_x": 309.5, "pixel_center_y": 38.5, "geo_easting": 407731.0, "geo_northing": 3283996.1, "inside_boundary": false, "verification_priority": "MEDIUM", "priority_reason": "Outside corridor with moderate confidence [Conf: 51.5%]", "priority_rank": 2 }, "geometry": { "type": "Point", "coordinates": [ 407731.0, 3283996.1 ] } },
{ "type": "Feature", "properties": { "tree_id": 619, "label": "Tree", "confidence": 0.5153, "pixel_xmin": 2041.0, "pixel_ymin": 2467.0, "pixel_xmax": 2073.0, "pixel_ymax": 2497.0, "pixel_center_x": 2057.0, "pixel_center_y": 2482.0, "geo_easting": 407905.75, "geo_northing": 3283751.75, "inside_boundary": false, "verification_priority": "MEDIUM", "priority_reason": "Outside corridor with moderate confidence [Conf: 51.5%]", "priority_rank": 2 }, "geometry": { "type": "Point", "coordinates": [ 407905.75, 3283751.75 ] } },
{ "type": "Feature", "properties": { "tree_id": 620, "label": "Tree", "confidence": 0.5151, "pixel_xmin": 734.0, "pixel_ymin": 322.0, "pixel_xmax": 803.0, "pixel_ymax": 400.0, "pixel_center_x": 768.5, "pixel_center_y": 361.0, "geo_easting": 407776.9, "geo_northing": 3283963.85, "inside_boundary": false, "verification_priority": "MEDIUM", "priority_reason": "Outside corridor with moderate confidence [Conf: 51.5%]", "priority_rank": 2 }, "geometry": { "type": "Point", "coordinates": [ 407776.900000000023283, 3283963.85 ] } },
{ "type": "Feature", "properties": { "tree_id": 621, "label": "Tree", "confidence": 0.5149, "pixel_xmin": 1984.0, "pixel_ymin": 2273.0, "pixel_xmax": 2022.0, "pixel_ymax": 2311.0, "pixel_center_x": 2003.0, "pixel_center_y": 2292.0, "geo_easting": 407900.35, "geo_northing": 3283770.75, "inside_boundary": false, "verification_priority": "MEDIUM", "priority_reason": "Outside corridor with moderate confidence [Conf: 51.5%]", "priority_rank": 2 }, "geometry": { "type": "Point", "coordinates": [ 407900.349999999976717, 3283770.75 ] } },
{ "type": "Feature", "properties": { "tree_id": 622, "label": "Tree", "confidence": 0.5144, "pixel_xmin": 58.0, "pixel_ymin": 668.0, "pixel_xmax": 93.0, "pixel_ymax": 699.0, "pixel_center_x": 75.5, "pixel_center_y": 683.5, "geo_easting": 407707.6, "geo_northing": 3283931.6, "inside_boundary": false, "verification_priority": "MEDIUM", "priority_reason": "Outside corridor with moderate confidence [Conf: 51.4%]", "priority_rank": 2 }, "geometry": { "type": "Point", "coordinates": [ 407707.599999999976717, 3283931.6 ] } },
{ "type": "Feature", "properties": { "tree_id": 623, "label": "Tree", "confidence": 0.5135, "pixel_xmin": 1992.0, "pixel_ymin": 1870.0, "pixel_xmax": 2035.0, "pixel_ymax": 1900.0, "pixel_center_x": 2013.5, "pixel_center_y": 1885.0, "geo_easting": 407901.4, "geo_northing": 3283811.45, "inside_boundary": false, "verification_priority": "MEDIUM", "priority_reason": "Outside corridor with moderate confidence [Conf: 51.3%]", "priority_rank": 2 }, "geometry": { "type": "Point", "coordinates": [ 407901.400000000023283, 3283811.450000000186265 ] } },
{ "type": "Feature", "properties": { "tree_id": 624, "label": "Tree", "confidence": 0.5134, "pixel_xmin": 1629.0, "pixel_ymin": 1287.0, "pixel_xmax": 1662.0, "pixel_ymax": 1318.0, "pixel_center_x": 1645.5, "pixel_center_y": 1302.5, "geo_easting": 407864.6, "geo_northing": 3283869.7, "inside_boundary": true, "verification_priority": "HIGH", "priority_reason": "Inside project corridor (corridor impact) & Low-tier confidence (mandatory ground audit)", "priority_rank": 1 }, "geometry": { "type": "Point", "coordinates": [ 407864.599999999976717, 3283869.700000000186265 ] } },
{ "type": "Feature", "properties": { "tree_id": 625, "label": "Tree", "confidence": 0.5132, "pixel_xmin": 361.0, "pixel_ymin": 1296.0, "pixel_xmax": 384.0, "pixel_ymax": 1322.0, "pixel_center_x": 372.5, "pixel_center_y": 1309.0, "geo_easting": 407737.3, "geo_northing": 3283869.05, "inside_boundary": true, "verification_priority": "HIGH", "priority_reason": "Inside project corridor (corridor impact) & Low-tier confidence (mandatory ground audit)", "priority_rank": 1 }, "geometry": { "type": "Point", "coordinates": [ 407737.299999999988358, 3283869.049999999813735 ] } },
{ "type": "Feature", "properties": { "tree_id": 626, "label": "Tree", "confidence": 0.5128, "pixel_xmin": 447.0, "pixel_ymin": 1910.0, "pixel_xmax": 498.0, "pixel_ymax": 1964.0, "pixel_center_x": 472.5, "pixel_center_y": 1937.0, "geo_easting": 407747.3, "geo_northing": 3283806.25, "inside_boundary": false, "verification_priority": "MEDIUM", "priority_reason": "Outside corridor with moderate confidence [Conf: 51.3%]", "priority_rank": 2 }, "geometry": { "type": "Point", "coordinates": [ 407747.299999999988358, 3283806.25 ] } },
{ "type": "Feature", "properties": { "tree_id": 627, "label": "Tree", "confidence": 0.5126, "pixel_xmin": 555.0, "pixel_ymin": 1328.0, "pixel_xmax": 580.0, "pixel_ymax": 1352.0, "pixel_center_x": 567.5, "pixel_center_y": 1340.0, "geo_easting": 407756.8, "geo_northing": 3283865.95, "inside_boundary": true, "verification_priority": "HIGH", "priority_reason": "Inside project corridor (corridor impact) & Low-tier confidence (mandatory ground audit)", "priority_rank": 1 }, "geometry": { "type": "Point", "coordinates": [ 407756.799999999988358, 3283865.950000000186265 ] } },
{ "type": "Feature", "properties": { "tree_id": 628, "label": "Tree", "confidence": 0.5125, "pixel_xmin": 501.0, "pixel_ymin": 329.0, "pixel_xmax": 545.0, "pixel_ymax": 371.0, "pixel_center_x": 523.0, "pixel_center_y": 350.0, "geo_easting": 407752.35, "geo_northing": 3283964.95, "inside_boundary": false, "verification_priority": "MEDIUM", "priority_reason": "Outside corridor with moderate confidence [Conf: 51.2%]", "priority_rank": 2 }, "geometry": { "type": "Point", "coordinates": [ 407752.349999999976717, 3283964.950000000186265 ] } },
{ "type": "Feature", "properties": { "tree_id": 629, "label": "Tree", "confidence": 0.5125, "pixel_xmin": 336.0, "pixel_ymin": 2100.0, "pixel_xmax": 387.0, "pixel_ymax": 2142.0, "pixel_center_x": 361.5, "pixel_center_y": 2121.0, "geo_easting": 407736.2, "geo_northing": 3283787.85, "inside_boundary": false, "verification_priority": "MEDIUM", "priority_reason": "Outside corridor with moderate confidence [Conf: 51.2%]", "priority_rank": 2 }, "geometry": { "type": "Point", "coordinates": [ 407736.200000000011642, 3283787.85 ] } },
{ "type": "Feature", "properties": { "tree_id": 630, "label": "Tree", "confidence": 0.5125, "pixel_xmin": 2007.0, "pixel_ymin": 1294.0, "pixel_xmax": 2035.0, "pixel_ymax": 1319.0, "pixel_center_x": 2021.0, "pixel_center_y": 1306.5, "geo_easting": 407902.15, "geo_northing": 3283869.3, "inside_boundary": false, "verification_priority": "MEDIUM", "priority_reason": "Outside corridor with moderate confidence [Conf: 51.2%]", "priority_rank": 2 }, "geometry": { "type": "Point", "coordinates": [ 407902.150000000023283, 3283869.299999999813735 ] } },
{ "type": "Feature", "properties": { "tree_id": 631, "label": "Tree", "confidence": 0.5122, "pixel_xmin": 1146.0, "pixel_ymin": 862.0, "pixel_xmax": 1197.0, "pixel_ymax": 909.0, "pixel_center_x": 1171.5, "pixel_center_y": 885.5, "geo_easting": 407817.2, "geo_northing": 3283911.4, "inside_boundary": false, "verification_priority": "MEDIUM", "priority_reason": "Outside corridor with moderate confidence [Conf: 51.2%]", "priority_rank": 2 }, "geometry": { "type": "Point", "coordinates": [ 407817.200000000011642, 3283911.4 ] } },
{ "type": "Feature", "properties": { "tree_id": 632, "label": "Tree", "confidence": 0.5115, "pixel_xmin": 1713.0, "pixel_ymin": 419.0, "pixel_xmax": 1743.0, "pixel_ymax": 451.0, "pixel_center_x": 1728.0, "pixel_center_y": 435.0, "geo_easting": 407872.85, "geo_northing": 3283956.45, "inside_boundary": false, "verification_priority": "MEDIUM", "priority_reason": "Outside corridor with moderate confidence [Conf: 51.1%]", "priority_rank": 2 }, "geometry": { "type": "Point", "coordinates": [ 407872.849999999976717, 3283956.450000000186265 ] } },
{ "type": "Feature", "properties": { "tree_id": 633, "label": "Tree", "confidence": 0.5111, "pixel_xmin": 773.0, "pixel_ymin": 815.0, "pixel_xmax": 810.0, "pixel_ymax": 853.0, "pixel_center_x": 791.5, "pixel_center_y": 834.0, "geo_easting": 407779.2, "geo_northing": 3283916.55, "inside_boundary": false, "verification_priority": "MEDIUM", "priority_reason": "Outside corridor with moderate confidence [Conf: 51.1%]", "priority_rank": 2 }, "geometry": { "type": "Point", "coordinates": [ 407779.200000000011642, 3283916.549999999813735 ] } },
{ "type": "Feature", "properties": { "tree_id": 634, "label": "Tree", "confidence": 0.5111, "pixel_xmin": 600.0, "pixel_ymin": 1447.0, "pixel_xmax": 646.0, "pixel_ymax": 1508.0, "pixel_center_x": 623.0, "pixel_center_y": 1477.5, "geo_easting": 407762.35, "geo_northing": 3283852.2, "inside_boundary": true, "verification_priority": "HIGH", "priority_reason": "Inside project corridor (corridor impact) & Low-tier confidence (mandatory ground audit)", "priority_rank": 1 }, "geometry": { "type": "Point", "coordinates": [ 407762.349999999976717, 3283852.200000000186265 ] } },
{ "type": "Feature", "properties": { "tree_id": 635, "label": "Tree", "confidence": 0.5104, "pixel_xmin": 2425.0, "pixel_ymin": 2100.0, "pixel_xmax": 2460.0, "pixel_ymax": 2130.0, "pixel_center_x": 2442.5, "pixel_center_y": 2115.0, "geo_easting": 407944.3, "geo_northing": 3283788.45, "inside_boundary": false, "verification_priority": "MEDIUM", "priority_reason": "Outside corridor with moderate confidence [Conf: 51.0%]", "priority_rank": 2 }, "geometry": { "type": "Point", "coordinates": [ 407944.299999999988358, 3283788.450000000186265 ] } },
{ "type": "Feature", "properties": { "tree_id": 636, "label": "Tree", "confidence": 0.5103, "pixel_xmin": 899.0, "pixel_ymin": 720.0, "pixel_xmax": 929.0, "pixel_ymax": 749.0, "pixel_center_x": 914.0, "pixel_center_y": 734.5, "geo_easting": 407791.45, "geo_northing": 3283926.5, "inside_boundary": false, "verification_priority": "MEDIUM", "priority_reason": "Outside corridor with moderate confidence [Conf: 51.0%]", "priority_rank": 2 }, "geometry": { "type": "Point", "coordinates": [ 407791.450000000011642, 3283926.5 ] } },
{ "type": "Feature", "properties": { "tree_id": 637, "label": "Tree", "confidence": 0.5102, "pixel_xmin": 1703.0, "pixel_ymin": 233.0, "pixel_xmax": 1743.0, "pixel_ymax": 277.0, "pixel_center_x": 1723.0, "pixel_center_y": 255.0, "geo_easting": 407872.35, "geo_northing": 3283974.45, "inside_boundary": false, "verification_priority": "MEDIUM", "priority_reason": "Outside corridor with moderate confidence [Conf: 51.0%]", "priority_rank": 2 }, "geometry": { "type": "Point", "coordinates": [ 407872.349999999976717, 3283974.450000000186265 ] } },
{ "type": "Feature", "properties": { "tree_id": 638, "label": "Tree", "confidence": 0.5102, "pixel_xmin": 1818.0, "pixel_ymin": 1238.0, "pixel_xmax": 1890.0, "pixel_ymax": 1299.0, "pixel_center_x": 1854.0, "pixel_center_y": 1268.5, "geo_easting": 407885.45, "geo_northing": 3283873.1, "inside_boundary": false, "verification_priority": "MEDIUM", "priority_reason": "Outside corridor with moderate confidence [Conf: 51.0%]", "priority_rank": 2 }, "geometry": { "type": "Point", "coordinates": [ 407885.450000000011642, 3283873.1 ] } },
{ "type": "Feature", "properties": { "tree_id": 639, "label": "Tree", "confidence": 0.5098, "pixel_xmin": 1084.0, "pixel_ymin": 158.0, "pixel_xmax": 1119.0, "pixel_ymax": 193.0, "pixel_center_x": 1101.5, "pixel_center_y": 175.5, "geo_easting": 407810.2, "geo_northing": 3283982.4, "inside_boundary": false, "verification_priority": "MEDIUM", "priority_reason": "Outside corridor with moderate confidence [Conf: 51.0%]", "priority_rank": 2 }, "geometry": { "type": "Point", "coordinates": [ 407810.200000000011642, 3283982.4 ] } },
{ "type": "Feature", "properties": { "tree_id": 640, "label": "Tree", "confidence": 0.5098, "pixel_xmin": 971.0, "pixel_ymin": 941.0, "pixel_xmax": 1003.0, "pixel_ymax": 974.0, "pixel_center_x": 987.0, "pixel_center_y": 957.5, "geo_easting": 407798.75, "geo_northing": 3283904.2, "inside_boundary": false, "verification_priority": "MEDIUM", "priority_reason": "Outside corridor with moderate confidence [Conf: 51.0%]", "priority_rank": 2 }, "geometry": { "type": "Point", "coordinates": [ 407798.75, 3283904.200000000186265 ] } },
{ "type": "Feature", "properties": { "tree_id": 641, "label": "Tree", "confidence": 0.5094, "pixel_xmin": 1891.0, "pixel_ymin": 2386.0, "pixel_xmax": 1916.0, "pixel_ymax": 2411.0, "pixel_center_x": 1903.5, "pixel_center_y": 2398.5, "geo_easting": 407890.4, "geo_northing": 3283760.1, "inside_boundary": false, "verification_priority": "MEDIUM", "priority_reason": "Outside corridor with moderate confidence [Conf: 50.9%]", "priority_rank": 2 }, "geometry": { "type": "Point", "coordinates": [ 407890.400000000023283, 3283760.1 ] } },
{ "type": "Feature", "properties": { "tree_id": 642, "label": "Tree", "confidence": 0.5088, "pixel_xmin": 1674.0, "pixel_ymin": 340.0, "pixel_xmax": 1707.0, "pixel_ymax": 372.0, "pixel_center_x": 1690.5, "pixel_center_y": 356.0, "geo_easting": 407869.1, "geo_northing": 3283964.35, "inside_boundary": false, "verification_priority": "MEDIUM", "priority_reason": "Outside corridor with moderate confidence [Conf: 50.9%]", "priority_rank": 2 }, "geometry": { "type": "Point", "coordinates": [ 407869.099999999976717, 3283964.35 ] } },
{ "type": "Feature", "properties": { "tree_id": 643, "label": "Tree", "confidence": 0.5086, "pixel_xmin": 710.0, "pixel_ymin": 1468.0, "pixel_xmax": 755.0, "pixel_ymax": 1510.0, "pixel_center_x": 732.5, "pixel_center_y": 1489.0, "geo_easting": 407773.3, "geo_northing": 3283851.05, "inside_boundary": true, "verification_priority": "HIGH", "priority_reason": "Inside project corridor (corridor impact) & Low-tier confidence (mandatory ground audit)", "priority_rank": 1 }, "geometry": { "type": "Point", "coordinates": [ 407773.299999999988358, 3283851.049999999813735 ] } },
{ "type": "Feature", "properties": { "tree_id": 644, "label": "Tree", "confidence": 0.5081, "pixel_xmin": 1314.0, "pixel_ymin": 852.0, "pixel_xmax": 1352.0, "pixel_ymax": 891.0, "pixel_center_x": 1333.0, "pixel_center_y": 871.5, "geo_easting": 407833.35, "geo_northing": 3283912.8, "inside_boundary": true, "verification_priority": "HIGH", "priority_reason": "Inside project corridor (corridor impact) & Low-tier confidence (mandatory ground audit)", "priority_rank": 1 }, "geometry": { "type": "Point", "coordinates": [ 407833.349999999976717, 3283912.799999999813735 ] } },
{ "type": "Feature", "properties": { "tree_id": 645, "label": "Tree", "confidence": 0.5081, "pixel_xmin": 1764.0, "pixel_ymin": 884.0, "pixel_xmax": 1805.0, "pixel_ymax": 920.0, "pixel_center_x": 1784.5, "pixel_center_y": 902.0, "geo_easting": 407878.5, "geo_northing": 3283909.75, "inside_boundary": true, "verification_priority": "HIGH", "priority_reason": "Inside project corridor (corridor impact) & Low-tier confidence (mandatory ground audit)", "priority_rank": 1 }, "geometry": { "type": "Point", "coordinates": [ 407878.5, 3283909.75 ] } },
{ "type": "Feature", "properties": { "tree_id": 646, "label": "Tree", "confidence": 0.5078, "pixel_xmin": 382.0, "pixel_ymin": 1532.0, "pixel_xmax": 452.0, "pixel_ymax": 1596.0, "pixel_center_x": 417.0, "pixel_center_y": 1564.0, "geo_easting": 407741.75, "geo_northing": 3283843.55, "inside_boundary": true, "verification_priority": "HIGH", "priority_reason": "Inside project corridor (corridor impact) & Low-tier confidence (mandatory ground audit)", "priority_rank": 1 }, "geometry": { "type": "Point", "coordinates": [ 407741.75, 3283843.549999999813735 ] } },
{ "type": "Feature", "properties": { "tree_id": 647, "label": "Tree", "confidence": 0.5075, "pixel_xmin": 982.0, "pixel_ymin": 758.0, "pixel_xmax": 1011.0, "pixel_ymax": 795.0, "pixel_center_x": 996.5, "pixel_center_y": 776.5, "geo_easting": 407799.7, "geo_northing": 3283922.3, "inside_boundary": false, "verification_priority": "MEDIUM", "priority_reason": "Outside corridor with moderate confidence [Conf: 50.7%]", "priority_rank": 2 }, "geometry": { "type": "Point", "coordinates": [ 407799.700000000011642, 3283922.299999999813735 ] } },
{ "type": "Feature", "properties": { "tree_id": 648, "label": "Tree", "confidence": 0.5071, "pixel_xmin": 2390.0, "pixel_ymin": 1710.0, "pixel_xmax": 2454.0, "pixel_ymax": 1772.0, "pixel_center_x": 2422.0, "pixel_center_y": 1741.0, "geo_easting": 407942.25, "geo_northing": 3283825.85, "inside_boundary": false, "verification_priority": "MEDIUM", "priority_reason": "Outside corridor with moderate confidence [Conf: 50.7%]", "priority_rank": 2 }, "geometry": { "type": "Point", "coordinates": [ 407942.25, 3283825.85 ] } },
{ "type": "Feature", "properties": { "tree_id": 649, "label": "Tree", "confidence": 0.507, "pixel_xmin": 578.0, "pixel_ymin": 939.0, "pixel_xmax": 618.0, "pixel_ymax": 979.0, "pixel_center_x": 598.0, "pixel_center_y": 959.0, "geo_easting": 407759.85, "geo_northing": 3283904.05, "inside_boundary": false, "verification_priority": "MEDIUM", "priority_reason": "Outside corridor with moderate confidence [Conf: 50.7%]", "priority_rank": 2 }, "geometry": { "type": "Point", "coordinates": [ 407759.849999999976717, 3283904.049999999813735 ] } },
{ "type": "Feature", "properties": { "tree_id": 650, "label": "Tree", "confidence": 0.5069, "pixel_xmin": 351.0, "pixel_ymin": 1063.0, "pixel_xmax": 391.0, "pixel_ymax": 1104.0, "pixel_center_x": 371.0, "pixel_center_y": 1083.5, "geo_easting": 407737.15, "geo_northing": 3283891.6, "inside_boundary": false, "verification_priority": "MEDIUM", "priority_reason": "Outside corridor with moderate confidence [Conf: 50.7%]", "priority_rank": 2 }, "geometry": { "type": "Point", "coordinates": [ 407737.150000000023283, 3283891.6 ] } },
{ "type": "Feature", "properties": { "tree_id": 651, "label": "Tree", "confidence": 0.5069, "pixel_xmin": 547.0, "pixel_ymin": 1086.0, "pixel_xmax": 609.0, "pixel_ymax": 1156.0, "pixel_center_x": 578.0, "pixel_center_y": 1121.0, "geo_easting": 407757.85, "geo_northing": 3283887.85, "inside_boundary": false, "verification_priority": "MEDIUM", "priority_reason": "Outside corridor with moderate confidence [Conf: 50.7%]", "priority_rank": 2 }, "geometry": { "type": "Point", "coordinates": [ 407757.849999999976717, 3283887.85 ] } },
{ "type": "Feature", "properties": { "tree_id": 652, "label": "Tree", "confidence": 0.5067, "pixel_xmin": 2140.0, "pixel_ymin": 1987.0, "pixel_xmax": 2171.0, "pixel_ymax": 2020.0, "pixel_center_x": 2155.5, "pixel_center_y": 2003.5, "geo_easting": 407915.6, "geo_northing": 3283799.6, "inside_boundary": false, "verification_priority": "MEDIUM", "priority_reason": "Outside corridor with moderate confidence [Conf: 50.7%]", "priority_rank": 2 }, "geometry": { "type": "Point", "coordinates": [ 407915.599999999976717, 3283799.6 ] } },
{ "type": "Feature", "properties": { "tree_id": 653, "label": "Tree", "confidence": 0.5067, "pixel_xmin": 1663.0, "pixel_ymin": 2481.0, "pixel_xmax": 1695.0, "pixel_ymax": 2500.0, "pixel_center_x": 1679.0, "pixel_center_y": 2490.5, "geo_easting": 407867.95, "geo_northing": 3283750.9, "inside_boundary": false, "verification_priority": "MEDIUM", "priority_reason": "Outside corridor with moderate confidence [Conf: 50.7%]", "priority_rank": 2 }, "geometry": { "type": "Point", "coordinates": [ 407867.950000000011642, 3283750.9 ] } },
{ "type": "Feature", "properties": { "tree_id": 654, "label": "Tree", "confidence": 0.5066, "pixel_xmin": 1260.0, "pixel_ymin": 111.0, "pixel_xmax": 1286.0, "pixel_ymax": 139.0, "pixel_center_x": 1273.0, "pixel_center_y": 125.0, "geo_easting": 407827.35, "geo_northing": 3283987.45, "inside_boundary": false, "verification_priority": "MEDIUM", "priority_reason": "Outside corridor with moderate confidence [Conf: 50.7%]", "priority_rank": 2 }, "geometry": { "type": "Point", "coordinates": [ 407827.349999999976717, 3283987.450000000186265 ] } },
{ "type": "Feature", "properties": { "tree_id": 655, "label": "Tree", "confidence": 0.5063, "pixel_xmin": 2154.0, "pixel_ymin": 1569.0, "pixel_xmax": 2192.0, "pixel_ymax": 1599.0, "pixel_center_x": 2173.0, "pixel_center_y": 1584.0, "geo_easting": 407917.35, "geo_northing": 3283841.55, "inside_boundary": false, "verification_priority": "MEDIUM", "priority_reason": "Outside corridor with moderate confidence [Conf: 50.6%]", "priority_rank": 2 }, "geometry": { "type": "Point", "coordinates": [ 407917.349999999976717, 3283841.549999999813735 ] } },
{ "type": "Feature", "properties": { "tree_id": 656, "label": "Tree", "confidence": 0.5062, "pixel_xmin": 2075.0, "pixel_ymin": 1594.0, "pixel_xmax": 2116.0, "pixel_ymax": 1637.0, "pixel_center_x": 2095.5, "pixel_center_y": 1615.5, "geo_easting": 407909.6, "geo_northing": 3283838.4, "inside_boundary": false, "verification_priority": "MEDIUM", "priority_reason": "Outside corridor with moderate confidence [Conf: 50.6%]", "priority_rank": 2 }, "geometry": { "type": "Point", "coordinates": [ 407909.599999999976717, 3283838.4 ] } },
{ "type": "Feature", "properties": { "tree_id": 657, "label": "Tree", "confidence": 0.5061, "pixel_xmin": 2051.0, "pixel_ymin": 1234.0, "pixel_xmax": 2076.0, "pixel_ymax": 1258.0, "pixel_center_x": 2063.5, "pixel_center_y": 1246.0, "geo_easting": 407906.4, "geo_northing": 3283875.35, "inside_boundary": false, "verification_priority": "MEDIUM", "priority_reason": "Outside corridor with moderate confidence [Conf: 50.6%]", "priority_rank": 2 }, "geometry": { "type": "Point", "coordinates": [ 407906.400000000023283, 3283875.35 ] } },
{ "type": "Feature", "properties": { "tree_id": 658, "label": "Tree", "confidence": 0.5059, "pixel_xmin": 1720.0, "pixel_ymin": 547.0, "pixel_xmax": 1751.0, "pixel_ymax": 579.0, "pixel_center_x": 1735.5, "pixel_center_y": 563.0, "geo_easting": 407873.6, "geo_northing": 3283943.65, "inside_boundary": false, "verification_priority": "MEDIUM", "priority_reason": "Outside corridor with moderate confidence [Conf: 50.6%]", "priority_rank": 2 }, "geometry": { "type": "Point", "coordinates": [ 407873.599999999976717, 3283943.65 ] } },
{ "type": "Feature", "properties": { "tree_id": 659, "label": "Tree", "confidence": 0.5056, "pixel_xmin": 1862.0, "pixel_ymin": 330.0, "pixel_xmax": 1933.0, "pixel_ymax": 396.0, "pixel_center_x": 1897.5, "pixel_center_y": 363.0, "geo_easting": 407889.8, "geo_northing": 3283963.65, "inside_boundary": false, "verification_priority": "MEDIUM", "priority_reason": "Outside corridor with moderate confidence [Conf: 50.6%]", "priority_rank": 2 }, "geometry": { "type": "Point", "coordinates": [ 407889.799999999988358, 3283963.65 ] } },
{ "type": "Feature", "properties": { "tree_id": 660, "label": "Tree", "confidence": 0.5054, "pixel_xmin": 2193.0, "pixel_ymin": 1738.0, "pixel_xmax": 2224.0, "pixel_ymax": 1770.0, "pixel_center_x": 2208.5, "pixel_center_y": 1754.0, "geo_easting": 407920.9, "geo_northing": 3283824.55, "inside_boundary": false, "verification_priority": "MEDIUM", "priority_reason": "Outside corridor with moderate confidence [Conf: 50.5%]", "priority_rank": 2 }, "geometry": { "type": "Point", "coordinates": [ 407920.900000000023283, 3283824.549999999813735 ] } },
{ "type": "Feature", "properties": { "tree_id": 661, "label": "Tree", "confidence": 0.5054, "pixel_xmin": 1422.0, "pixel_ymin": 1200.0, "pixel_xmax": 1462.0, "pixel_ymax": 1240.0, "pixel_center_x": 1442.0, "pixel_center_y": 1220.0, "geo_easting": 407844.25, "geo_northing": 3283877.95, "inside_boundary": true, "verification_priority": "HIGH", "priority_reason": "Inside project corridor (corridor impact) & Low-tier confidence (mandatory ground audit)", "priority_rank": 1 }, "geometry": { "type": "Point", "coordinates": [ 407844.25, 3283877.950000000186265 ] } },
{ "type": "Feature", "properties": { "tree_id": 662, "label": "Tree", "confidence": 0.5054, "pixel_xmin": 17.0, "pixel_ymin": 2463.0, "pixel_xmax": 63.0, "pixel_ymax": 2500.0, "pixel_center_x": 40.0, "pixel_center_y": 2481.5, "geo_easting": 407704.05, "geo_northing": 3283751.8, "inside_boundary": false, "verification_priority": "MEDIUM", "priority_reason": "Outside corridor with moderate confidence [Conf: 50.5%]", "priority_rank": 2 }, "geometry": { "type": "Point", "coordinates": [ 407704.049999999988358, 3283751.799999999813735 ] } },
{ "type": "Feature", "properties": { "tree_id": 663, "label": "Tree", "confidence": 0.5051, "pixel_xmin": 31.0, "pixel_ymin": 1186.0, "pixel_xmax": 75.0, "pixel_ymax": 1228.0, "pixel_center_x": 53.0, "pixel_center_y": 1207.0, "geo_easting": 407705.35, "geo_northing": 3283879.25, "inside_boundary": false, "verification_priority": "MEDIUM", "priority_reason": "Outside corridor with moderate confidence [Conf: 50.5%]", "priority_rank": 2 }, "geometry": { "type": "Point", "coordinates": [ 407705.349999999976717, 3283879.25 ] } },
{ "type": "Feature", "properties": { "tree_id": 664, "label": "Tree", "confidence": 0.5049, "pixel_xmin": 172.0, "pixel_ymin": 156.0, "pixel_xmax": 210.0, "pixel_ymax": 196.0, "pixel_center_x": 191.0, "pixel_center_y": 176.0, "geo_easting": 407719.15, "geo_northing": 3283982.35, "inside_boundary": false, "verification_priority": "MEDIUM", "priority_reason": "Outside corridor with moderate confidence [Conf: 50.5%]", "priority_rank": 2 }, "geometry": { "type": "Point", "coordinates": [ 407719.150000000023283, 3283982.35 ] } },
{ "type": "Feature", "properties": { "tree_id": 665, "label": "Tree", "confidence": 0.5042, "pixel_xmin": 2133.0, "pixel_ymin": 2048.0, "pixel_xmax": 2169.0, "pixel_ymax": 2079.0, "pixel_center_x": 2151.0, "pixel_center_y": 2063.5, "geo_easting": 407915.15, "geo_northing": 3283793.6, "inside_boundary": false, "verification_priority": "MEDIUM", "priority_reason": "Outside corridor with moderate confidence [Conf: 50.4%]", "priority_rank": 2 }, "geometry": { "type": "Point", "coordinates": [ 407915.150000000023283, 3283793.6 ] } },
{ "type": "Feature", "properties": { "tree_id": 666, "label": "Tree", "confidence": 0.5041, "pixel_xmin": 207.0, "pixel_ymin": 1740.0, "pixel_xmax": 254.0, "pixel_ymax": 1791.0, "pixel_center_x": 230.5, "pixel_center_y": 1765.5, "geo_easting": 407723.1, "geo_northing": 3283823.4, "inside_boundary": true, "verification_priority": "HIGH", "priority_reason": "Inside project corridor (corridor impact) & Low-tier confidence (mandatory ground audit)", "priority_rank": 1 }, "geometry": { "type": "Point", "coordinates": [ 407723.099999999976717, 3283823.4 ] } },
{ "type": "Feature", "properties": { "tree_id": 667, "label": "Tree", "confidence": 0.5041, "pixel_xmin": 1658.0, "pixel_ymin": 2100.0, "pixel_xmax": 1711.0, "pixel_ymax": 2129.0, "pixel_center_x": 1684.5, "pixel_center_y": 2114.5, "geo_easting": 407868.5, "geo_northing": 3283788.5, "inside_boundary": false, "verification_priority": "MEDIUM", "priority_reason": "Outside corridor with moderate confidence [Conf: 50.4%]", "priority_rank": 2 }, "geometry": { "type": "Point", "coordinates": [ 407868.5, 3283788.5 ] } },
{ "type": "Feature", "properties": { "tree_id": 668, "label": "Tree", "confidence": 0.5032, "pixel_xmin": 1746.0, "pixel_ymin": 948.0, "pixel_xmax": 1781.0, "pixel_ymax": 978.0, "pixel_center_x": 1763.5, "pixel_center_y": 963.0, "geo_easting": 407876.4, "geo_northing": 3283903.65, "inside_boundary": true, "verification_priority": "HIGH", "priority_reason": "Inside project corridor (corridor impact) & Low-tier confidence (mandatory ground audit)", "priority_rank": 1 }, "geometry": { "type": "Point", "coordinates": [ 407876.400000000023283, 3283903.65 ] } },
{ "type": "Feature", "properties": { "tree_id": 669, "label": "Tree", "confidence": 0.5032, "pixel_xmin": 1660.0, "pixel_ymin": 233.0, "pixel_xmax": 1697.0, "pixel_ymax": 275.0, "pixel_center_x": 1678.5, "pixel_center_y": 254.0, "geo_easting": 407867.9, "geo_northing": 3283974.55, "inside_boundary": false, "verification_priority": "MEDIUM", "priority_reason": "Outside corridor with moderate confidence [Conf: 50.3%]", "priority_rank": 2 }, "geometry": { "type": "Point", "coordinates": [ 407867.900000000023283, 3283974.549999999813735 ] } },
{ "type": "Feature", "properties": { "tree_id": 670, "label": "Tree", "confidence": 0.5031, "pixel_xmin": 2168.0, "pixel_ymin": 2130.0, "pixel_xmax": 2197.0, "pixel_ymax": 2163.0, "pixel_center_x": 2182.5, "pixel_center_y": 2146.5, "geo_easting": 407918.3, "geo_northing": 3283785.3, "inside_boundary": false, "verification_priority": "MEDIUM", "priority_reason": "Outside corridor with moderate confidence [Conf: 50.3%]", "priority_rank": 2 }, "geometry": { "type": "Point", "coordinates": [ 407918.299999999988358, 3283785.299999999813735 ] } },
{ "type": "Feature", "properties": { "tree_id": 671, "label": "Tree", "confidence": 0.5031, "pixel_xmin": 1693.0, "pixel_ymin": 634.0, "pixel_xmax": 1739.0, "pixel_ymax": 681.0, "pixel_center_x": 1716.0, "pixel_center_y": 657.5, "geo_easting": 407871.65, "geo_northing": 3283934.2, "inside_boundary": false, "verification_priority": "MEDIUM", "priority_reason": "Outside corridor with moderate confidence [Conf: 50.3%]", "priority_rank": 2 }, "geometry": { "type": "Point", "coordinates": [ 407871.650000000023283, 3283934.200000000186265 ] } },
{ "type": "Feature", "properties": { "tree_id": 672, "label": "Tree", "confidence": 0.5026, "pixel_xmin": 1567.0, "pixel_ymin": 4.0, "pixel_xmax": 1640.0, "pixel_ymax": 79.0, "pixel_center_x": 1603.5, "pixel_center_y": 41.5, "geo_easting": 407860.4, "geo_northing": 3283995.8, "inside_boundary": false, "verification_priority": "MEDIUM", "priority_reason": "Outside corridor with moderate confidence [Conf: 50.3%]", "priority_rank": 2 }, "geometry": { "type": "Point", "coordinates": [ 407860.400000000023283, 3283995.799999999813735 ] } },
{ "type": "Feature", "properties": { "tree_id": 673, "label": "Tree", "confidence": 0.5022, "pixel_xmin": 2102.0, "pixel_ymin": 2115.0, "pixel_xmax": 2159.0, "pixel_ymax": 2177.0, "pixel_center_x": 2130.5, "pixel_center_y": 2146.0, "geo_easting": 407913.1, "geo_northing": 3283785.35, "inside_boundary": false, "verification_priority": "MEDIUM", "priority_reason": "Outside corridor with moderate confidence [Conf: 50.2%]", "priority_rank": 2 }, "geometry": { "type": "Point", "coordinates": [ 407913.099999999976717, 3283785.35 ] } },
{ "type": "Feature", "properties": { "tree_id": 674, "label": "Tree", "confidence": 0.5016, "pixel_xmin": 2420.0, "pixel_ymin": 2381.0, "pixel_xmax": 2481.0, "pixel_ymax": 2450.0, "pixel_center_x": 2450.5, "pixel_center_y": 2415.5, "geo_easting": 407945.1, "geo_northing": 3283758.4, "inside_boundary": false, "verification_priority": "MEDIUM", "priority_reason": "Outside corridor with moderate confidence [Conf: 50.2%]", "priority_rank": 2 }, "geometry": { "type": "Point", "coordinates": [ 407945.099999999976717, 3283758.4 ] } },
{ "type": "Feature", "properties": { "tree_id": 675, "label": "Tree", "confidence": 0.5014, "pixel_xmin": 1882.0, "pixel_ymin": 2414.0, "pixel_xmax": 1921.0, "pixel_ymax": 2454.0, "pixel_center_x": 1901.5, "pixel_center_y": 2434.0, "geo_easting": 407890.2, "geo_northing": 3283756.55, "inside_boundary": false, "verification_priority": "MEDIUM", "priority_reason": "Outside corridor with moderate confidence [Conf: 50.1%]", "priority_rank": 2 }, "geometry": { "type": "Point", "coordinates": [ 407890.200000000011642, 3283756.549999999813735 ] } },
{ "type": "Feature", "properties": { "tree_id": 676, "label": "Tree", "confidence": 0.5011, "pixel_xmin": 2100.0, "pixel_ymin": 2167.0, "pixel_xmax": 2127.0, "pixel_ymax": 2198.0, "pixel_center_x": 2113.5, "pixel_center_y": 2182.5, "geo_easting": 407911.4, "geo_northing": 3283781.7, "inside_boundary": false, "verification_priority": "MEDIUM", "priority_reason": "Outside corridor with moderate confidence [Conf: 50.1%]", "priority_rank": 2 }, "geometry": { "type": "Point", "coordinates": [ 407911.400000000023283, 3283781.700000000186265 ] } },
{ "type": "Feature", "properties": { "tree_id": 677, "label": "Tree", "confidence": 0.5011, "pixel_xmin": 1952.0, "pixel_ymin": 1890.0, "pixel_xmax": 1977.0, "pixel_ymax": 1917.0, "pixel_center_x": 1964.5, "pixel_center_y": 1903.5, "geo_easting": 407896.5, "geo_northing": 3283809.6, "inside_boundary": false, "verification_priority": "MEDIUM", "priority_reason": "Outside corridor with moderate confidence [Conf: 50.1%]", "priority_rank": 2 }, "geometry": { "type": "Point", "coordinates": [ 407896.5, 3283809.6 ] } },
{ "type": "Feature", "properties": { "tree_id": 678, "label": "Tree", "confidence": 0.5011, "pixel_xmin": 1358.0, "pixel_ymin": 139.0, "pixel_xmax": 1384.0, "pixel_ymax": 167.0, "pixel_center_x": 1371.0, "pixel_center_y": 153.0, "geo_easting": 407837.15, "geo_northing": 3283984.65, "inside_boundary": false, "verification_priority": "MEDIUM", "priority_reason": "Outside corridor with moderate confidence [Conf: 50.1%]", "priority_rank": 2 }, "geometry": { "type": "Point", "coordinates": [ 407837.150000000023283, 3283984.65 ] } },
{ "type": "Feature", "properties": { "tree_id": 679, "label": "Tree", "confidence": 0.5008, "pixel_xmin": 1301.0, "pixel_ymin": 470.0, "pixel_xmax": 1325.0, "pixel_ymax": 496.0, "pixel_center_x": 1313.0, "pixel_center_y": 483.0, "geo_easting": 407831.35, "geo_northing": 3283951.65, "inside_boundary": false, "verification_priority": "MEDIUM", "priority_reason": "Outside corridor with moderate confidence [Conf: 50.1%]", "priority_rank": 2 }, "geometry": { "type": "Point", "coordinates": [ 407831.349999999976717, 3283951.65 ] } },
{ "type": "Feature", "properties": { "tree_id": 680, "label": "Tree", "confidence": 0.5007, "pixel_xmin": 2100.0, "pixel_ymin": 220.0, "pixel_xmax": 2132.0, "pixel_ymax": 264.0, "pixel_center_x": 2116.0, "pixel_center_y": 242.0, "geo_easting": 407911.65, "geo_northing": 3283975.75, "inside_boundary": false, "verification_priority": "MEDIUM", "priority_reason": "Outside corridor with moderate confidence [Conf: 50.1%]", "priority_rank": 2 }, "geometry": { "type": "Point", "coordinates": [ 407911.650000000023283, 3283975.75 ] } },
{ "type": "Feature", "properties": { "tree_id": 681, "label": "Tree", "confidence": 0.5007, "pixel_xmin": 1344.0, "pixel_ymin": 79.0, "pixel_xmax": 1391.0, "pixel_ymax": 127.0, "pixel_center_x": 1367.5, "pixel_center_y": 103.0, "geo_easting": 407836.8, "geo_northing": 3283989.65, "inside_boundary": false, "verification_priority": "MEDIUM", "priority_reason": "Outside corridor with moderate confidence [Conf: 50.1%]", "priority_rank": 2 }, "geometry": { "type": "Point", "coordinates": [ 407836.799999999988358, 3283989.65 ] } },
{ "type": "Feature", "properties": { "tree_id": 682, "label": "Tree", "confidence": 0.5006, "pixel_xmin": 1942.0, "pixel_ymin": 1029.0, "pixel_xmax": 1964.0, "pixel_ymax": 1053.0, "pixel_center_x": 1953.0, "pixel_center_y": 1041.0, "geo_easting": 407895.35, "geo_northing": 3283895.85, "inside_boundary": true, "verification_priority": "HIGH", "priority_reason": "Inside project corridor (corridor impact) & Low-tier confidence (mandatory ground audit)", "priority_rank": 1 }, "geometry": { "type": "Point", "coordinates": [ 407895.349999999976717, 3283895.85 ] } },
{ "type": "Feature", "properties": { "tree_id": 683, "label": "Tree", "confidence": 0.5003, "pixel_xmin": 1541.0, "pixel_ymin": 1269.0, "pixel_xmax": 1587.0, "pixel_ymax": 1298.0, "pixel_center_x": 1564.0, "pixel_center_y": 1283.5, "geo_easting": 407856.45, "geo_northing": 3283871.6, "inside_boundary": true, "verification_priority": "HIGH", "priority_reason": "Inside project corridor (corridor impact) & Low-tier confidence (mandatory ground audit)", "priority_rank": 1 }, "geometry": { "type": "Point", "coordinates": [ 407856.450000000011642, 3283871.6 ] } },
{ "type": "Feature", "properties": { "tree_id": 684, "label": "Tree", "confidence": 0.5002, "pixel_xmin": 1317.0, "pixel_ymin": 2337.0, "pixel_xmax": 1368.0, "pixel_ymax": 2387.0, "pixel_center_x": 1342.5, "pixel_center_y": 2362.0, "geo_easting": 407834.3, "geo_northing": 3283763.75, "inside_boundary": false, "verification_priority": "MEDIUM", "priority_reason": "Outside corridor with moderate confidence [Conf: 50.0%]", "priority_rank": 2 }, "geometry": { "type": "Point", "coordinates": [ 407834.299999999988358, 3283763.75 ] } }
]
}
