{
"type": "FeatureCollection",
"name": "OSBS_022_degradation_zones",
"crs": { "type": "name", "properties": { "name": "urn:ogc:def:crs:OGC:1.3:CRS84" } },
"features": [
{ "type": "Feature", "properties": { "zone_id": 1, "change_class": "Significant Loss", "threshold": "<= -0.15 Delta ExG", "area_sq_m": 0.63 }, "geometry": { "type": "Polygon", "coordinates": [ [ [ -81.960547416333057, 29.689663317103534 ], [ -81.960547399168149, 29.689661512351094 ], [ -81.960551533107321, 29.689661482376312 ], [ -81.960551524524831, 29.689660580000094 ], [ -81.960553591494403, 29.689660565012659 ], [ -81.960553600076892, 29.689661467388884 ], [ -81.960554633561685, 29.689661459895149 ], [ -81.960554642144217, 29.68966236227137 ], [ -81.960556709113817, 29.689662347283893 ], [ -81.960556691948739, 29.689660542531449 ], [ -81.960554624979181, 29.689660557518931 ], [ -81.960554616396649, 29.689659655142719 ], [ -81.960556683366207, 29.689659640155231 ], [ -81.960556674783675, 29.689658737779002 ], [ -81.960557708268425, 29.689658730285245 ], [ -81.960557691103347, 29.689656925532798 ], [ -81.960556657618596, 29.689656933026555 ], [ -81.960556666201128, 29.689657835402777 ], [ -81.960555632716378, 29.689657842896526 ], [ -81.960555641298896, 29.689658745272752 ], [ -81.960554607814146, 29.689658752766487 ], [ -81.960554599231628, 29.689657850390265 ], [ -81.960553565746864, 29.689657857883994 ], [ -81.960553574329381, 29.689658760260212 ], [ -81.960552540844617, 29.689658767753937 ], [ -81.960552549427121, 29.689659670130162 ], [ -81.960551515942342, 29.689659677623872 ], [ -81.960551490194874, 29.6896569704952 ], [ -81.960550456710124, 29.689656977988903 ], [ -81.960550448127648, 29.689656075612682 ], [ -81.960549414642912, 29.689656083106371 ], [ -81.960549431807848, 29.689657887858822 ], [ -81.960550465292613, 29.689657880365129 ], [ -81.960550473875088, 29.689658782741358 ], [ -81.960548406905559, 29.689658797728743 ], [ -81.960548398323098, 29.689657895352514 ], [ -81.960547364838334, 29.689657902846193 ], [ -81.960547390585688, 29.689660609974876 ], [ -81.96054635710091, 29.689660617468537 ], [ -81.960546339936016, 29.68965881271609 ], [ -81.960544272966487, 29.689658827703411 ], [ -81.96054428154892, 29.68965973007964 ], [ -81.960539114125027, 29.689659767547802 ], [ -81.960539122707416, 29.689660669924027 ], [ -81.960540156192195, 29.689660662430416 ], [ -81.960540173356975, 29.689662467182863 ], [ -81.960539139872168, 29.689662474676474 ], [ -81.960539148454544, 29.68966337705271 ], [ -81.960545349363429, 29.689663332090888 ], [ -81.960545340780996, 29.689662429714659 ], [ -81.960546374265789, 29.689662422220984 ], [ -81.960546382848236, 29.689663324597216 ], [ -81.960547416333057, 29.689663317103534 ] ] ] } },
{ "type": "Feature", "properties": { "zone_id": 2, "change_class": "Significant Loss", "threshold": "<= -0.15 Delta ExG", "area_sq_m": 0.71 }, "geometry": { "type": "Polygon", "coordinates": [ [ [ -81.960497809061636, 29.68966367679079 ], [ -81.960497800479615, 29.689662774414554 ], [ -81.960494700025166, 29.689662796894385 ], [ -81.960494691443174, 29.689661894518149 ], [ -81.960496758412802, 29.689661879531602 ], [ -81.960496741248789, 29.68966007477913 ], [ -81.960498808218389, 29.689660059792555 ], [ -81.960498791054349, 29.689658255040072 ], [ -81.96049775756957, 29.689658262533364 ], [ -81.960497748987578, 29.689657360157121 ], [ -81.960496715502799, 29.689657367650415 ], [ -81.960496706920807, 29.689656465274176 ], [ -81.960494639951293, 29.689656480260723 ], [ -81.96049464853327, 29.689657382636959 ], [ -81.960493615048492, 29.689657390130211 ], [ -81.96049359788455, 29.689655585377739 ], [ -81.960492564399814, 29.689655592870999 ], [ -81.960492581563727, 29.689657397623471 ], [ -81.960491548078963, 29.689657405116712 ], [ -81.96049153091505, 29.689655600364237 ], [ -81.960490497430314, 29.689655607857478 ], [ -81.960490488848365, 29.689654705481235 ], [ -81.960489455363629, 29.689654712974463 ], [ -81.960489463945549, 29.689655615350706 ], [ -81.960487396976049, 29.689655630337136 ], [ -81.960487439885625, 29.68966014221834 ], [ -81.960488473370432, 29.689660134725131 ], [ -81.960488481952368, 29.689661037101374 ], [ -81.960487448467561, 29.689661044594583 ], [ -81.960487474213309, 29.689663751723298 ], [ -81.960497809061636, 29.68966367679079 ] ], [ [ -81.96049366654033, 29.689662804387652 ], [ -81.960492633055509, 29.689662811880904 ], [ -81.960492624473545, 29.689661909504675 ], [ -81.960493657958366, 29.689661902011412 ], [ -81.96049366654033, 29.689662804387652 ] ], [ [ -81.960490566085852, 29.689662826867384 ], [ -81.960489532601031, 29.689662834360625 ], [ -81.960489524019096, 29.689661931984382 ], [ -81.960490557503917, 29.689661924491148 ], [ -81.960490566085852, 29.689662826867384 ] ], [ [ -81.960494691443174, 29.689661894518149 ], [ -81.960493657958366, 29.689661902011412 ], [ -81.960493649376389, 29.689660999635176 ], [ -81.960494682861196, 29.689660992141917 ], [ -81.960494691443174, 29.689661894518149 ] ], [ [ -81.960493649376389, 29.689660999635176 ], [ -81.960492615891582, 29.689661007128436 ], [ -81.960492598727654, 29.68965920237595 ], [ -81.960493632212433, 29.68965919488269 ], [ -81.960493649376389, 29.689660999635176 ] ], [ [ -81.960496741248789, 29.68966007477913 ], [ -81.960495707763997, 29.689660082272407 ], [ -81.960495699182005, 29.689659179896164 ], [ -81.960494665697226, 29.689659187389438 ], [ -81.960494657115234, 29.689658285013195 ], [ -81.960496724084805, 29.689658270026651 ], [ -81.960496741248789, 29.68966007477913 ] ] ] } },
{ "type": "Feature", "properties": { "zone_id": 3, "change_class": "Significant Loss", "threshold": "<= -0.15 Delta ExG", "area_sq_m": 0.72 }, "geometry": { "type": "Polygon", "coordinates": [ [ [ -81.960496698338801, 29.68965556289794 ], [ -81.960496681174803, 29.689653758145461 ], [ -81.960495647690081, 29.689653765638727 ], [ -81.960495639108089, 29.689652863262491 ], [ -81.960496672592811, 29.689652855769211 ], [ -81.960496655428813, 29.689651051016732 ], [ -81.960495621944105, 29.689651058510016 ], [ -81.960495613362141, 29.689650156133773 ], [ -81.960494579877448, 29.689650163627039 ], [ -81.960494571295456, 29.689649261250803 ], [ -81.960493537810777, 29.689649268744063 ], [ -81.960493529228813, 29.689648366367813 ], [ -81.960494562713478, 29.68964835887456 ], [ -81.960494545549523, 29.689646554122074 ], [ -81.960496612518853, 29.689646539135541 ], [ -81.960496595354854, 29.689644734383062 ], [ -81.960494528385581, 29.689644749369599 ], [ -81.960494536967559, 29.689645651745842 ], [ -81.960493503482908, 29.68964565923909 ], [ -81.960493486318981, 29.689643854486619 ], [ -81.960492452834345, 29.689643861979857 ], [ -81.960492435670432, 29.689642057227385 ], [ -81.960491402185824, 29.689642064720626 ], [ -81.960491419349722, 29.689643869473112 ], [ -81.960490385865086, 29.689643876966326 ], [ -81.960490377283151, 29.689642974590097 ], [ -81.960488310313906, 29.689642989576544 ], [ -81.960488327477748, 29.689644794329023 ], [ -81.960487293993111, 29.689644801822226 ], [ -81.960487319738846, 29.689647508950955 ], [ -81.960488353223511, 29.689647501457749 ], [ -81.960488378969274, 29.689650208586471 ], [ -81.960489412453967, 29.689650201093254 ], [ -81.960489429617823, 29.68965200584574 ], [ -81.960490463102531, 29.689651998352513 ], [ -81.960490454520595, 29.68965109597627 ], [ -81.960491488005303, 29.689651088483028 ], [ -81.960491505169202, 29.689652893235511 ], [ -81.96049047168448, 29.689652900728749 ], [ -81.960490480266429, 29.689653803104985 ], [ -81.960491513751151, 29.689653795611754 ], [ -81.960491522333101, 29.689654697987994 ], [ -81.960493589302587, 29.689654683001503 ], [ -81.96049359788455, 29.689655585377739 ], [ -81.960496698338801, 29.68965556289794 ] ], [ [ -81.960495656272073, 29.689654668014978 ], [ -81.960494622787323, 29.68965467550824 ], [ -81.960494614205345, 29.689653773131997 ], [ -81.960495647690081, 29.689653765638727 ], [ -81.960495656272073, 29.689654668014978 ] ], [ [ -81.960495639108089, 29.689652863262491 ], [ -81.960492538653924, 29.689652885742269 ], [ -81.960492521490011, 29.689651080989794 ], [ -81.960494588459412, 29.689651066003282 ], [ -81.960494597041389, 29.689651968379525 ], [ -81.960495630526097, 29.689651960886252 ], [ -81.960495639108089, 29.689652863262491 ] ], [ [ -81.960492478580221, 29.689646569108586 ], [ -81.960491445095556, 29.689646576601834 ], [ -81.960491436513607, 29.689645674225584 ], [ -81.960492469998258, 29.68964566673235 ], [ -81.960492478580221, 29.689646569108586 ] ], [ [ -81.96049040302897, 29.689645681718819 ], [ -81.96048936954432, 29.689645689212039 ], [ -81.960489360962384, 29.689644786835803 ], [ -81.960490394447035, 29.689644779342586 ], [ -81.96049040302897, 29.689645681718819 ] ] ] } },
{ "type": "Feature", "properties": { "zone_id": 4, "change_class": "Significant Loss", "threshold": "<= -0.15 Delta ExG", "area_sq_m": 0.57 }, "geometry": { "type": "Polygon", "coordinates": [ [ [ -81.960557588112849, 29.68964609701813 ], [ -81.96055754520016, 29.689641585137011 ], [ -81.96055857868474, 29.689641577643247 ], [ -81.9605585872673, 29.689642480019479 ], [ -81.96055962075188, 29.689642472525716 ], [ -81.960559603586773, 29.689640667773268 ], [ -81.960558570102194, 29.689640675267032 ], [ -81.960558552937115, 29.689638870514575 ], [ -81.96055751945255, 29.689638878008338 ], [ -81.960557510870004, 29.68963797563211 ], [ -81.960558544354569, 29.68963796813836 ], [ -81.960558535772023, 29.689637065762135 ], [ -81.960556468802949, 29.689637080749627 ], [ -81.960556477385467, 29.689637983125859 ], [ -81.960554410416364, 29.689637998113323 ], [ -81.960554401833861, 29.689637095737108 ], [ -81.960551301380235, 29.689637118218247 ], [ -81.960551292797746, 29.689636215842011 ], [ -81.960552326282283, 29.689636208348304 ], [ -81.960552309117304, 29.689634403595857 ], [ -81.960551275632795, 29.689634411089557 ], [ -81.960551284215271, 29.689635313465779 ], [ -81.960549217246225, 29.689635328453171 ], [ -81.960549208663764, 29.689634426076939 ], [ -81.960546108210224, 29.68963444855796 ], [ -81.960546125375089, 29.689636253310422 ], [ -81.960547158859612, 29.689636245816747 ], [ -81.960547176024491, 29.689638050569215 ], [ -81.960548209509057, 29.689638043075547 ], [ -81.960548192344149, 29.689636238323082 ], [ -81.960549225828686, 29.6896362308294 ], [ -81.960549242993608, 29.689638035581861 ], [ -81.960550276478159, 29.689638028088169 ], [ -81.960550293643095, 29.689639832840623 ], [ -81.960551327127675, 29.689639825346926 ], [ -81.96055130996271, 29.689638020594476 ], [ -81.960553376931813, 29.689638005607048 ], [ -81.960553385514316, 29.689638907983273 ], [ -81.960552352029751, 29.689638915476984 ], [ -81.96055236061224, 29.689639817853219 ], [ -81.960553394096806, 29.689639810359495 ], [ -81.960553445591813, 29.689645224616854 ], [ -81.960554479076436, 29.689645217123122 ], [ -81.960554453328911, 29.689642509994457 ], [ -81.960556520298098, 29.689642495006982 ], [ -81.960556537463162, 29.689644299759426 ], [ -81.96055550397854, 29.689644307253168 ], [ -81.960555512561072, 29.689645209629393 ], [ -81.96055654604568, 29.689645202135651 ], [ -81.960556554628212, 29.68964610451188 ], [ -81.960557588112849, 29.68964609701813 ] ] ] } },
{ "type": "Feature", "properties": { "zone_id": 5, "change_class": "Significant Loss", "threshold": "<= -0.15 Delta ExG", "area_sq_m": 0.53 }, "geometry": { "type": "Polygon", "coordinates": [ [ [ -81.960572678414238, 29.68960267055223 ], [ -81.960572661248918, 29.689600865799768 ], [ -81.960574728217253, 29.689600850812035 ], [ -81.960574719634579, 29.689599948435809 ], [ -81.960575753118732, 29.689599940941935 ], [ -81.960575744536044, 29.689599038565703 ], [ -81.960572644083612, 29.689599061047321 ], [ -81.960572635500952, 29.689598158671092 ], [ -81.960574702469231, 29.689598143683355 ], [ -81.960574693886556, 29.689597241307141 ], [ -81.960576760854821, 29.689597226319368 ], [ -81.960576752272118, 29.68959632394315 ], [ -81.960575718787993, 29.689596331437031 ], [ -81.960575710205319, 29.689595429060802 ], [ -81.960574676721208, 29.689595436554679 ], [ -81.960574685303882, 29.689596338930908 ], [ -81.960573651819757, 29.689596346424786 ], [ -81.960573643237097, 29.689595444048557 ], [ -81.960572609752987, 29.689595451542413 ], [ -81.960572601170327, 29.689594549166188 ], [ -81.96057156768623, 29.689594556660047 ], [ -81.960571550520953, 29.689592751907593 ], [ -81.960570517036857, 29.689592759401442 ], [ -81.960570525619488, 29.689593661777661 ], [ -81.960568458651309, 29.68959367676533 ], [ -81.960568467233927, 29.689594579141563 ], [ -81.960567433749816, 29.68959458663538 ], [ -81.960567442332433, 29.689595489011612 ], [ -81.960566408848322, 29.689595496505426 ], [ -81.960566400265719, 29.689594594129193 ], [ -81.960564333297526, 29.689594609116799 ], [ -81.960564341880101, 29.689595511493025 ], [ -81.96056330839599, 29.68959551898682 ], [ -81.960563316978565, 29.689596421363056 ], [ -81.9605653839468, 29.689596406375454 ], [ -81.960565401111992, 29.689598211127908 ], [ -81.960566434596117, 29.689598203634109 ], [ -81.96056644317872, 29.689599106010338 ], [ -81.960569543631166, 29.689599083528861 ], [ -81.960569552213798, 29.689599985905094 ], [ -81.960571619182119, 29.689599970917396 ], [ -81.96057164493007, 29.689602678046086 ], [ -81.960572678414238, 29.68960267055223 ] ], [ [ -81.960567468080271, 29.689598196140288 ], [ -81.960566434596117, 29.689598203634109 ], [ -81.960566426013528, 29.68959730125788 ], [ -81.960567459497653, 29.689597293764074 ], [ -81.960567468080271, 29.689598196140288 ] ], [ [ -81.960573660402432, 29.689597248801014 ], [ -81.960572626918292, 29.689597256294867 ], [ -81.960572618335647, 29.689596353918642 ], [ -81.960573651819757, 29.689596346424786 ], [ -81.960573660402432, 29.689597248801014 ] ], [ [ -81.960570559950042, 29.689597271282576 ], [ -81.960569526465903, 29.689597278776414 ], [ -81.960569509300655, 29.689595474023953 ], [ -81.960570542784765, 29.689595466530122 ], [ -81.960570559950042, 29.689597271282576 ] ], [ [ -81.960568484399161, 29.689596383894017 ], [ -81.960567450915036, 29.689596391387841 ], [ -81.960567442332433, 29.689595489011612 ], [ -81.960568475816544, 29.689595481517784 ], [ -81.960568484399161, 29.689596383894017 ] ], [ [ -81.960571576268876, 29.689595459036269 ], [ -81.960570542784765, 29.689595466530122 ], [ -81.960570534202134, 29.689594564153889 ], [ -81.96057156768623, 29.689594556660047 ], [ -81.960571576268876, 29.689595459036269 ] ] ] } },
{ "type": "Feature", "properties": { "zone_id": 6, "change_class": "Significant Loss", "threshold": "<= -0.15 Delta ExG", "area_sq_m": 0.75 }, "geometry": { "type": "Polygon", "coordinates": [ [ [ -81.960615844424481, 29.689577089268901 ], [ -81.960615835841438, 29.689576186892676 ], [ -81.960616869325349, 29.68957617939849 ], [ -81.960616834993161, 29.689572569893617 ], [ -81.96061786847703, 29.689572562399416 ], [ -81.960617851310928, 29.689570757646976 ], [ -81.960618884794769, 29.689570750152768 ], [ -81.960618850462524, 29.689567140647902 ], [ -81.960616783494928, 29.689567155636304 ], [ -81.960616792077957, 29.689568058012522 ], [ -81.960614725110332, 29.689568073000899 ], [ -81.960614716527303, 29.689567170624688 ], [ -81.960610582592068, 29.689567200601346 ], [ -81.960610591175055, 29.689568102977564 ], [ -81.960609557691242, 29.689568110471708 ], [ -81.960609549108256, 29.68956720809549 ], [ -81.960608515624457, 29.689567215589623 ], [ -81.960608532790388, 29.68956902034207 ], [ -81.960607499306562, 29.6895690278362 ], [ -81.96060750788952, 29.689569930212411 ], [ -81.960606474405679, 29.68956993770653 ], [ -81.960606491571582, 29.689571742458977 ], [ -81.960607525055437, 29.689571734964858 ], [ -81.960607533638381, 29.689572637341076 ], [ -81.960606500154526, 29.689572644835209 ], [ -81.96060650873747, 29.689573547211427 ], [ -81.960608575705223, 29.689573532223172 ], [ -81.96060856712225, 29.68957262984696 ], [ -81.960611667573858, 29.689572607364514 ], [ -81.960611676156844, 29.689573509740733 ], [ -81.960612709640728, 29.689573502246564 ], [ -81.960612718223729, 29.689574404622782 ], [ -81.960611684739845, 29.689574412116951 ], [ -81.960611701905833, 29.68957621686938 ], [ -81.960612735389745, 29.689576209375222 ], [ -81.960612743972746, 29.68957711175144 ], [ -81.960613777456658, 29.689577104257271 ], [ -81.960613751707612, 29.689574397128613 ], [ -81.960614785191481, 29.689574389634437 ], [ -81.960614810940569, 29.689577096763088 ], [ -81.960615844424481, 29.689577089268901 ] ], [ [ -81.960613734541582, 29.689572592376184 ], [ -81.960612701057713, 29.689572599870353 ], [ -81.960612692474712, 29.689571697494127 ], [ -81.960613725958567, 29.689571689999958 ], [ -81.960613734541582, 29.689572592376184 ] ], [ [ -81.960615792926262, 29.689571675011596 ], [ -81.960614759442421, 29.689571682505775 ], [ -81.960614750859392, 29.689570780129561 ], [ -81.960615784343233, 29.689570772635371 ], [ -81.960615792926262, 29.689571675011596 ] ], [ [ -81.960613717375551, 29.689570787623733 ], [ -81.960612683891696, 29.689570795117909 ], [ -81.960612675308695, 29.689569892741687 ], [ -81.960613708792536, 29.689569885247518 ], [ -81.960613717375551, 29.689570787623733 ] ], [ [ -81.960608549956319, 29.68957082509451 ], [ -81.960607516472479, 29.689570832588636 ], [ -81.96060750788952, 29.689569930212411 ], [ -81.960608541373347, 29.689569922718281 ], [ -81.960608549956319, 29.68957082509451 ] ], [ [ -81.960610608341028, 29.68956990773 ], [ -81.960609574857187, 29.689569915224151 ], [ -81.960609566274215, 29.689569012847937 ], [ -81.960610599758041, 29.689569005353789 ], [ -81.960610608341028, 29.68956990773 ] ], [ [ -81.960613700209521, 29.6895689828713 ], [ -81.960611633241868, 29.689568997859631 ], [ -81.960611624658881, 29.689568095483409 ], [ -81.960613691626506, 29.689568080495082 ], [ -81.960613700209521, 29.6895689828713 ] ] ] } },
{ "type": "Feature", "properties": { "zone_id": 7, "change_class": "Significant Loss", "threshold": "<= -0.15 Delta ExG", "area_sq_m": 1.85 }, "geometry": { "type": "Polygon", "coordinates": [ [ [ -81.960568908517686, 29.68953230768771 ], [ -81.96056889135248, 29.689530502935238 ], [ -81.960571991802823, 29.689530480453755 ], [ -81.960571974637574, 29.689528675701279 ], [ -81.960573008120988, 29.689528668207441 ], [ -81.960572982373094, 29.68952596107874 ], [ -81.960571948889694, 29.689525968572578 ], [ -81.960571931724445, 29.689524163820096 ], [ -81.960572965207817, 29.689524156326257 ], [ -81.960572973790448, 29.6895250587025 ], [ -81.960574007273848, 29.689525051208658 ], [ -81.96057402443914, 29.689526855961123 ], [ -81.96057505792254, 29.689526848467267 ], [ -81.96057504933988, 29.689525946091024 ], [ -81.960576082823295, 29.689525938597161 ], [ -81.96057606565796, 29.689524133844685 ], [ -81.960577099141332, 29.689524126350815 ], [ -81.960577107724006, 29.689525028727054 ], [ -81.960578141207407, 29.68952502123317 ], [ -81.960578132624718, 29.689524118856934 ], [ -81.96057916610809, 29.689524111363049 ], [ -81.960579174690793, 29.689525013739274 ], [ -81.960580208174164, 29.689525006245379 ], [ -81.960580199591462, 29.689524103869147 ], [ -81.960581233074848, 29.689524096375244 ], [ -81.960581224492145, 29.689523193999001 ], [ -81.960583291458875, 29.689523179011168 ], [ -81.960583274293427, 29.689521374258707 ], [ -81.960580173843368, 29.689521396740439 ], [ -81.96058016526068, 29.689520494364206 ], [ -81.96058326571071, 29.689520471882471 ], [ -81.960583239962531, 29.689517764753774 ], [ -81.960582206479216, 29.689517772247694 ], [ -81.9605821978965, 29.689516869871451 ], [ -81.960583231379815, 29.689516862377531 ], [ -81.960583222797084, 29.689515960001298 ], [ -81.960581155830496, 29.689515974989128 ], [ -81.960581164413199, 29.689516877365371 ], [ -81.960580130929898, 29.689516884859273 ], [ -81.960580148095289, 29.689518689611742 ], [ -81.96057911461196, 29.689518697105637 ], [ -81.960579106029272, 29.689517794729404 ], [ -81.960578072545971, 29.689517802223282 ], [ -81.960578081128645, 29.689518704599518 ], [ -81.96057704764533, 29.689518712093403 ], [ -81.96057705622799, 29.689519614469631 ], [ -81.960578089711319, 29.689519606975757 ], [ -81.960578098293993, 29.689520509351993 ], [ -81.96057706481065, 29.689520516845874 ], [ -81.960577081975998, 29.689522321598353 ], [ -81.960576048492641, 29.689522329092224 ], [ -81.960576039909967, 29.689521426715981 ], [ -81.960575006426623, 29.689521434209848 ], [ -81.960575015009283, 29.689522336586084 ], [ -81.960573981525911, 29.68952234407994 ], [ -81.960573947195343, 29.689518734574992 ], [ -81.960572913712028, 29.689518742068845 ], [ -81.960572896546765, 29.689516937316373 ], [ -81.960570829580149, 29.689516952304036 ], [ -81.960570820997546, 29.689516049927793 ], [ -81.960569787514245, 29.689516057421631 ], [ -81.960569778931628, 29.689515155045381 ], [ -81.960567711965055, 29.689515170033008 ], [ -81.960567703382466, 29.689514267656765 ], [ -81.960566669899194, 29.689514275150565 ], [ -81.960566678481769, 29.689515177526808 ], [ -81.960565644998468, 29.689515185020596 ], [ -81.960565670746163, 29.689517892149304 ], [ -81.960564637262848, 29.689517899643093 ], [ -81.960564645845409, 29.689518802019329 ], [ -81.96056361236208, 29.689518809513103 ], [ -81.960563603779534, 29.689517907136867 ], [ -81.960560503329575, 29.689517929618148 ], [ -81.960560494747057, 29.689517027241905 ], [ -81.960559461263742, 29.689517034735648 ], [ -81.960559478428763, 29.689518839488127 ], [ -81.960557411462105, 29.689518854475594 ], [ -81.960557402879616, 29.689517952099358 ], [ -81.960556369396286, 29.689517959593076 ], [ -81.960556386561265, 29.689519764345551 ], [ -81.960559487011281, 29.689519741864366 ], [ -81.96055951275882, 29.689522448993095 ], [ -81.960560546242178, 29.689522441499349 ], [ -81.96056053765966, 29.689521539123106 ], [ -81.960561571143018, 29.689521531629353 ], [ -81.96056157972555, 29.689522434005596 ], [ -81.960563646692279, 29.689522419018065 ], [ -81.960563655274839, 29.689523321394301 ], [ -81.960562621791453, 29.689523328888068 ], [ -81.960562630374, 29.689524231264311 ], [ -81.960566764307529, 29.689524201289196 ], [ -81.960566772890104, 29.689525103665424 ], [ -81.960567806373504, 29.689525096171632 ], [ -81.960567797790915, 29.689524193795389 ], [ -81.960570898241059, 29.689524171313931 ], [ -81.960570906823676, 29.689525073690174 ], [ -81.960568839856904, 29.689525088677819 ], [ -81.960568857022082, 29.68952689343029 ], [ -81.960567823538682, 29.689526900924104 ], [ -81.96056784070386, 29.689528705676572 ], [ -81.960566807220431, 29.689528713170372 ], [ -81.960566790055267, 29.689526908417903 ], [ -81.960565756571867, 29.689526915911699 ], [ -81.960565765154428, 29.689527818287928 ], [ -81.960563698187585, 29.689527833275491 ], [ -81.960563706770145, 29.689528735651741 ], [ -81.960564740253574, 29.68952872815796 ], [ -81.960564766001255, 29.689531435286675 ], [ -81.960565799484712, 29.689531427792886 ], [ -81.960565808067287, 29.689532330169119 ], [ -81.960566841550758, 29.689532322675319 ], [ -81.960566832968169, 29.689531420299087 ], [ -81.960567866451626, 29.689531412805287 ], [ -81.960567875034229, 29.689532315181523 ], [ -81.960568908517686, 29.68953230768771 ] ], [ [ -81.960571974637574, 29.689528675701279 ], [ -81.960569907670717, 29.689528690688945 ], [ -81.960569890505496, 29.68952688593647 ], [ -81.960571957472325, 29.689526870948814 ], [ -81.960571974637574, 29.689528675701279 ] ], [ [ -81.960578124042044, 29.689523216480698 ], [ -81.960577090558672, 29.689523223974572 ], [ -81.960577081975998, 29.689522321598353 ], [ -81.960578115459356, 29.689522314104465 ], [ -81.960578124042044, 29.689523216480698 ] ], [ [ -81.960572956625185, 29.689523253950028 ], [ -81.960571923141813, 29.689523261443874 ], [ -81.960571914559196, 29.689522359067631 ], [ -81.960570881075824, 29.689522366561462 ], [ -81.960570889658442, 29.689523268937698 ], [ -81.96056985617507, 29.689523276431526 ], [ -81.96056983900985, 29.689521471679058 ], [ -81.960570872493207, 29.689521464185226 ], [ -81.960570863910604, 29.68952056180899 ], [ -81.960571897393947, 29.689520554315155 ], [ -81.960571888811316, 29.68951965193892 ], [ -81.960572922294645, 29.689519644445074 ], [ -81.960572956625185, 29.689523253950028 ] ], [ [ -81.960568822691698, 29.689523283925336 ], [ -81.960567789208326, 29.68952329141915 ], [ -81.960567780625738, 29.689522389042914 ], [ -81.960568814109095, 29.6895223815491 ], [ -81.960568822691698, 29.689523283925336 ] ], [ [ -81.960562596043829, 29.68952062175936 ], [ -81.960560529077142, 29.68952063674687 ], [ -81.960560520494624, 29.68951973437062 ], [ -81.960562587461297, 29.68951971938311 ], [ -81.960562596043829, 29.68952062175936 ] ], [ [ -81.960582215061933, 29.689518674623915 ], [ -81.960581181578618, 29.689518682117839 ], [ -81.960581172995902, 29.689517779741603 ], [ -81.960582206479216, 29.689517772247694 ], [ -81.960582215061933, 29.689518674623915 ] ], [ [ -81.96056981326204, 29.689518764550336 ], [ -81.960568779778725, 29.689518772044153 ], [ -81.960568762613534, 29.689516967291681 ], [ -81.960569796096848, 29.68951695979786 ], [ -81.96056981326204, 29.689518764550336 ] ], [ [ -81.960568762613534, 29.689516967291681 ], [ -81.960566695646918, 29.689516982279287 ], [ -81.960566687064343, 29.689516079903044 ], [ -81.960568754030945, 29.689516064915445 ], [ -81.960568762613534, 29.689516967291681 ] ] ] } },
{ "type": "Feature", "properties": { "zone_id": 8, "change_class": "Significant Loss", "threshold": "<= -0.15 Delta ExG", "area_sq_m": 31.17 }, "geometry": { "type": "Polygon", "coordinates": [ [ [ -81.960616139768007, 29.68949947741952 ], [ -81.960616131185006, 29.689498575043306 ], [ -81.960619231634325, 29.689498552560739 ], [ -81.960619223051282, 29.689497650184503 ], [ -81.960621290017471, 29.689497635196094 ], [ -81.960621281434413, 29.689496732819858 ], [ -81.960623348400574, 29.68949671783141 ], [ -81.960623339817502, 29.689495815455182 ], [ -81.96062437330059, 29.689495807960942 ], [ -81.960624364717503, 29.689494905584716 ], [ -81.960625398200563, 29.689494898090473 ], [ -81.960625389617476, 29.689493995714255 ], [ -81.960624356134417, 29.689494003208502 ], [ -81.960624338968259, 29.689492198456044 ], [ -81.960622272002169, 29.689492213444499 ], [ -81.960622263419125, 29.689491311068274 ], [ -81.96062019645305, 29.689491326056707 ], [ -81.960620187870006, 29.689490423680471 ], [ -81.96061915438699, 29.689490431174672 ], [ -81.960619145803946, 29.689489528798436 ], [ -81.960618112320944, 29.689489536292637 ], [ -81.960618095154899, 29.689487731540183 ], [ -81.960619128637887, 29.689487724045996 ], [ -81.960619120054858, 29.689486821669757 ], [ -81.960617053088896, 29.689486836658133 ], [ -81.960617096003958, 29.689491348539285 ], [ -81.960618129486988, 29.689491341045091 ], [ -81.960618138070018, 29.689492243421334 ], [ -81.960616071103942, 29.689492258409693 ], [ -81.960616062520941, 29.689491356033461 ], [ -81.960615029037896, 29.68949136352763 ], [ -81.960615037620897, 29.689492265903862 ], [ -81.960612970654807, 29.689492280892182 ], [ -81.960612979237794, 29.689493183268404 ], [ -81.960611945754749, 29.689493190762555 ], [ -81.960611920005832, 29.689490483633865 ], [ -81.960609853039784, 29.689490498622128 ], [ -81.960609810125035, 29.689485986740976 ], [ -81.960608776642061, 29.689485994235092 ], [ -81.960608785225006, 29.689486896611324 ], [ -81.960606718259015, 29.689486911599541 ], [ -81.9606067096761, 29.689486009223305 ], [ -81.960607743159073, 29.6894860017292 ], [ -81.960607725993214, 29.68948419697675 ], [ -81.960606692510254, 29.689484204470851 ], [ -81.96060670109317, 29.68948510684708 ], [ -81.960603600644262, 29.689485129329334 ], [ -81.960603592061375, 29.689484226953116 ], [ -81.960595324197655, 29.689484286905451 ], [ -81.960595315614839, 29.689483384529215 ], [ -81.960597382580744, 29.689483369541168 ], [ -81.960597373997913, 29.68948246716494 ], [ -81.960598407480859, 29.689482459670916 ], [ -81.960598398898014, 29.68948155729468 ], [ -81.960599432380945, 29.689481549800643 ], [ -81.960599423798087, 29.6894806474244 ], [ -81.96059839031517, 29.689480654918444 ], [ -81.960598381732311, 29.689479752542205 ], [ -81.960599415215242, 29.689479745048171 ], [ -81.960599406632383, 29.689478842671935 ], [ -81.960601473598189, 29.689478827683832 ], [ -81.960601482181076, 29.689479730060075 ], [ -81.960600448698145, 29.689479737554123 ], [ -81.960600457281018, 29.689480639930359 ], [ -81.960601490763935, 29.689480632436304 ], [ -81.960601499346822, 29.689481534812536 ], [ -81.960602532829753, 29.689481527318481 ], [ -81.960602524246866, 29.689480624942242 ], [ -81.960603557729797, 29.689480617448176 ], [ -81.96060354914691, 29.689479715071933 ], [ -81.96060561611273, 29.689479700083773 ], [ -81.960605607529828, 29.689478797707544 ], [ -81.960609741461454, 29.689478767731121 ], [ -81.960609750044398, 29.68947967010735 ], [ -81.960610783527301, 29.689479662613227 ], [ -81.960610766361398, 29.689477857860751 ], [ -81.960613866810078, 29.689477835378327 ], [ -81.960613858227092, 29.689476933002098 ], [ -81.96061489170998, 29.68947692550794 ], [ -81.960614900292981, 29.689477827884176 ], [ -81.960615933775856, 29.689477820390007 ], [ -81.960615925192869, 29.689476918013771 ], [ -81.960617992158632, 29.689476903025412 ], [ -81.960618000741647, 29.689477805401651 ], [ -81.96061903422455, 29.689477797907454 ], [ -81.960619042807579, 29.689478700283694 ], [ -81.960620076290482, 29.689478692789496 ], [ -81.960620067707438, 29.68947779041326 ], [ -81.960622134673216, 29.689477775424841 ], [ -81.9606221175071, 29.68947597067238 ], [ -81.960624184472849, 29.689475955683925 ], [ -81.960624175889777, 29.689475053307707 ], [ -81.960625209372637, 29.68947504581347 ], [ -81.960625200789551, 29.689474143437238 ], [ -81.960626234272411, 29.689474135942994 ], [ -81.96062622568931, 29.689473233566755 ], [ -81.960624158723618, 29.689473248555235 ], [ -81.96062416730669, 29.689474150931463 ], [ -81.960623133823844, 29.689474158425703 ], [ -81.960623125240787, 29.689473256049482 ], [ -81.960622091757941, 29.689473263543693 ], [ -81.960622066008781, 29.689470556415003 ], [ -81.960619999043132, 29.689470571403419 ], [ -81.960619990460103, 29.689469669027194 ], [ -81.960616890011678, 29.689469691509753 ], [ -81.960616864262647, 29.689466984381049 ], [ -81.960617897745436, 29.689466976886873 ], [ -81.960617880579406, 29.689465172134412 ], [ -81.960616847096659, 29.689465179628588 ], [ -81.96061685567966, 29.68946608200482 ], [ -81.960615822196871, 29.689466089498989 ], [ -81.960615805030884, 29.689464284746521 ], [ -81.960614771548123, 29.68946429224069 ], [ -81.96061476296515, 29.689463389864454 ], [ -81.960618896896136, 29.689463359887757 ], [ -81.960618871147062, 29.68946065275906 ], [ -81.960617837664344, 29.689460660253243 ], [ -81.960617829081329, 29.689459757877007 ], [ -81.960619896046751, 29.689459742888634 ], [ -81.96061990462978, 29.689460645264866 ], [ -81.960620938112484, 29.689460637770658 ], [ -81.960620929529455, 29.689459735394433 ], [ -81.960622996494862, 29.689459720406006 ], [ -81.96062300507792, 29.689460622782235 ], [ -81.960621971595216, 29.689460630276457 ], [ -81.960621988761318, 29.689462435028911 ], [ -81.96062302224405, 29.689462427534693 ], [ -81.960623013660978, 29.689461525158475 ], [ -81.96062404714371, 29.689461517664245 ], [ -81.960624038560638, 29.689460615288002 ], [ -81.960627139008778, 29.689460592805286 ], [ -81.960627130425678, 29.689459690429057 ], [ -81.9606291973911, 29.689459675440528 ], [ -81.9606292059742, 29.689460577816764 ], [ -81.960630239456918, 29.689460570322485 ], [ -81.960630222290675, 29.689458765570027 ], [ -81.960631255773365, 29.689458758075748 ], [ -81.960631272939636, 29.689460562828202 ], [ -81.960633339905058, 29.689460547839623 ], [ -81.960633365654502, 29.689463254968313 ], [ -81.960634399137248, 29.689463247474002 ], [ -81.960634424886734, 29.689465954602689 ], [ -81.960632357921199, 29.689465969591293 ], [ -81.960632375087485, 29.689467774343747 ], [ -81.96063134160471, 29.689467781838044 ], [ -81.960631307272152, 29.689464172333128 ], [ -81.960630273789405, 29.689464179827421 ], [ -81.960630333871293, 29.68947049646102 ], [ -81.96062930038849, 29.689470503955292 ], [ -81.960629291805361, 29.689469601579066 ], [ -81.960628258322558, 29.689469609073324 ], [ -81.960628275488773, 29.689471413825792 ], [ -81.960629308971605, 29.689471406331521 ], [ -81.960629326137834, 29.689473211083982 ], [ -81.960630359620694, 29.689473203589699 ], [ -81.960630342454436, 29.689471398837242 ], [ -81.960632409420072, 29.689471383848655 ], [ -81.960632418003229, 29.689472286224888 ], [ -81.960631384520383, 29.689472293719191 ], [ -81.960631410269798, 29.689475000847867 ], [ -81.960630376786938, 29.689475008342157 ], [ -81.960630393953195, 29.689476813094608 ], [ -81.960632460918958, 29.689476798106025 ], [ -81.960632478085245, 29.689478602858486 ], [ -81.960630411119467, 29.689478617847062 ], [ -81.960630419702596, 29.689479520223291 ], [ -81.960629386219694, 29.689479527717573 ], [ -81.960629394802808, 29.689480430093798 ], [ -81.960630428285725, 29.689480422599519 ], [ -81.960630436868854, 29.689481324975745 ], [ -81.960631470351785, 29.689481317481466 ], [ -81.960631478934928, 29.689482219857691 ], [ -81.960630445451983, 29.68948222735197 ], [ -81.960630462618255, 29.689484032104435 ], [ -81.96063252958416, 29.689484017115849 ], [ -81.960632521001017, 29.689483114739627 ], [ -81.960633554483948, 29.689483107245316 ], [ -81.960633528734462, 29.689480400116636 ], [ -81.960638696149047, 29.689480362644989 ], [ -81.960638687565833, 29.689479460268767 ], [ -81.960639721048736, 29.689479452774417 ], [ -81.96063972963195, 29.689480355150643 ], [ -81.960640763114867, 29.689480347656282 ], [ -81.96064078028131, 29.689482152408729 ], [ -81.960641813764241, 29.689482144914365 ], [ -81.960641805180998, 29.68948124253814 ], [ -81.960644905629763, 29.689481220054976 ], [ -81.960644922796277, 29.689483024807437 ], [ -81.960646989762154, 29.689483009818623 ], [ -81.960646998345439, 29.689483912194845 ], [ -81.960648031828399, 29.689483904700428 ], [ -81.960648040411684, 29.689484807076653 ], [ -81.960650107377589, 29.689484792087779 ], [ -81.960650090210962, 29.689482987335339 ], [ -81.960652157176838, 29.689482972346454 ], [ -81.96065219151015, 29.689486581851337 ], [ -81.960654258476097, 29.689486566862406 ], [ -81.960654249892741, 29.689485664486181 ], [ -81.960655283375701, 29.689485656991707 ], [ -81.960655274792359, 29.689484754615489 ], [ -81.960656308275304, 29.689484747121014 ], [ -81.96065631685866, 29.689485649497225 ], [ -81.960657350341634, 29.68948564200274 ], [ -81.96065734175825, 29.689484739626522 ], [ -81.960658375241209, 29.689484732132026 ], [ -81.960658392407979, 29.689486536884456 ], [ -81.960659425890938, 29.689486529389956 ], [ -81.960659417307554, 29.689485627013728 ], [ -81.960660450790513, 29.689485619519221 ], [ -81.960660476540724, 29.689488326647879 ], [ -81.960661510023712, 29.689488319153348 ], [ -81.960661501440299, 29.689487416777144 ], [ -81.960662534923273, 29.689487409282599 ], [ -81.960662526339846, 29.689486506906388 ], [ -81.960663559822819, 29.689486499411835 ], [ -81.960663551239392, 29.689485597035624 ], [ -81.960664584722338, 29.689485589541075 ], [ -81.960664567555469, 29.689483784788646 ], [ -81.960665601038414, 29.689483777294086 ], [ -81.960665592454959, 29.689482874917871 ], [ -81.96066662593789, 29.689482867423305 ], [ -81.960666617354434, 29.68948196504709 ], [ -81.960667650837351, 29.68948195755253 ], [ -81.960667642253895, 29.689481055176302 ], [ -81.960669709219701, 29.689481040187143 ], [ -81.960669700636231, 29.689480137810918 ], [ -81.960672801084925, 29.689480115327118 ], [ -81.960672792501413, 29.6894792129509 ], [ -81.960673825984301, 29.68947920545628 ], [ -81.960673800233749, 29.689476498327629 ], [ -81.96067483371661, 29.689476490833005 ], [ -81.960674850883663, 29.689478295585435 ], [ -81.960675884366552, 29.689478288090807 ], [ -81.96067586719947, 29.689476483338375 ], [ -81.96067690068233, 29.689476475843726 ], [ -81.960676883515248, 29.689474671091304 ], [ -81.960681017446618, 29.689474641112657 ], [ -81.960681008863034, 29.689473738736446 ], [ -81.960683075828697, 29.689473723747081 ], [ -81.960683058661502, 29.689471918994641 ], [ -81.960686159109926, 29.689471896510536 ], [ -81.9606861505263, 29.689470994134318 ], [ -81.960684083560707, 29.689471009123732 ], [ -81.960684074977081, 29.689470106747528 ], [ -81.960685108459884, 29.689470099252823 ], [ -81.960685091292646, 29.689468294500394 ], [ -81.960683024327096, 29.68946830948979 ], [ -81.960683007159901, 29.689466504737361 ], [ -81.960681973677154, 29.689466512232045 ], [ -81.960681965093556, 29.689465609855841 ], [ -81.96068093161081, 29.689465617350518 ], [ -81.960680923027226, 29.689464714974292 ], [ -81.960679889544494, 29.689464722468966 ], [ -81.960679880960924, 29.689463820092747 ], [ -81.960676780512728, 29.689463842576707 ], [ -81.960676771929187, 29.689462940200489 ], [ -81.960675738446469, 29.68946294769513 ], [ -81.96067574703001, 29.689463850071345 ], [ -81.960674713547277, 29.689463857565972 ], [ -81.960674704963751, 29.689462955189757 ], [ -81.960673671481032, 29.689462962684377 ], [ -81.960673645730495, 29.689460255555723 ], [ -81.960668478317004, 29.689460293028702 ], [ -81.960668469733534, 29.689459390652484 ], [ -81.960667436250858, 29.689459398147054 ], [ -81.960667427667403, 29.689458495770829 ], [ -81.960666394184713, 29.689458503265389 ], [ -81.960666385601272, 29.68945760088917 ], [ -81.960665352118596, 29.689457608383726 ], [ -81.960665369285479, 29.68945941313617 ], [ -81.9606633023201, 29.689459428125257 ], [ -81.960663310903513, 29.689460330501483 ], [ -81.960664344386203, 29.689460323006937 ], [ -81.96066435296963, 29.689461225383159 ], [ -81.960662286004222, 29.689461240372232 ], [ -81.960662268837396, 29.689459435619789 ], [ -81.960661235354706, 29.689459443114316 ], [ -81.960661261104917, 29.689462150242974 ], [ -81.960660227622185, 29.689462157737491 ], [ -81.960660236205584, 29.689463060113717 ], [ -81.960659202722852, 29.689463067608223 ], [ -81.960659219889621, 29.68946487236067 ], [ -81.960657152924128, 29.689464887349665 ], [ -81.960657161507498, 29.689465789725894 ], [ -81.960658194990245, 29.689465782231387 ], [ -81.96065820357363, 29.689466684607606 ], [ -81.96065923705639, 29.689466677113113 ], [ -81.960659245639775, 29.689467579489332 ], [ -81.96065614519145, 29.689467601972819 ], [ -81.960656153774806, 29.689468504349033 ], [ -81.960655120292017, 29.689468511843511 ], [ -81.96065513745873, 29.689470316595958 ], [ -81.960654103975912, 29.689470324090426 ], [ -81.960654112559254, 29.689471226466644 ], [ -81.960652045593619, 29.689471241455561 ], [ -81.960652054176947, 29.689472143831789 ], [ -81.960651020694115, 29.689472151326228 ], [ -81.960651029277429, 29.68947305370245 ], [ -81.960649995794597, 29.6894730611969 ], [ -81.960649987211298, 29.689472158820671 ], [ -81.96064895372848, 29.689472166315099 ], [ -81.960648962311765, 29.689473068691324 ], [ -81.960647928828934, 29.689473076185756 ], [ -81.960647920245634, 29.689472173809531 ], [ -81.960646886762817, 29.689472181303941 ], [ -81.960646869596275, 29.689470376551494 ], [ -81.960647903079078, 29.689470369057076 ], [ -81.960647885912508, 29.689468564304629 ], [ -81.960648919395297, 29.689468556810205 ], [ -81.960648910812012, 29.68946765443398 ], [ -81.960646843846447, 29.689467669422815 ], [ -81.960646835263177, 29.689466767046593 ], [ -81.960645801780402, 29.689466774540996 ], [ -81.960645793197145, 29.689465872164778 ], [ -81.96064475971437, 29.689465879659178 ], [ -81.960644751131127, 29.689464977282945 ], [ -81.960643717648367, 29.689464984777338 ], [ -81.960643726231609, 29.689465887153563 ], [ -81.960642692748849, 29.689465894647949 ], [ -81.96064268416562, 29.689464992271716 ], [ -81.960641650682859, 29.689464999766091 ], [ -81.960641633516417, 29.689463195013637 ], [ -81.96064060003367, 29.689463202507994 ], [ -81.960640582867242, 29.68946139775554 ], [ -81.960641616349946, 29.689461390261183 ], [ -81.960641599183504, 29.689459585508729 ], [ -81.960642632666207, 29.689459578014354 ], [ -81.960642615499751, 29.689457773261893 ], [ -81.960643648982412, 29.689457765767514 ], [ -81.960643666148897, 29.689459570519976 ], [ -81.960644699631601, 29.689459563025583 ], [ -81.960644682465102, 29.689457758273129 ], [ -81.960647782913128, 29.689457735789929 ], [ -81.960647791496413, 29.689458638166151 ], [ -81.960649858461778, 29.689458623177313 ], [ -81.960649867045078, 29.689459525553534 ], [ -81.960652967493175, 29.689459503070207 ], [ -81.960652958909847, 29.689458600693975 ], [ -81.960653992392523, 29.689458593199522 ], [ -81.960653983809195, 29.689457690823303 ], [ -81.96065501729187, 29.689457683328836 ], [ -81.960655008708528, 29.689456780952618 ], [ -81.960653975225867, 29.689456788447075 ], [ -81.960653966642525, 29.689455886070849 ], [ -81.960651899677217, 29.689455901059759 ], [ -81.960651891093903, 29.689454998683537 ], [ -81.96065499154183, 29.689454976200164 ], [ -81.960654982958502, 29.689454073823931 ], [ -81.960656016441135, 29.689454066329464 ], [ -81.960655999274422, 29.689452261577024 ], [ -81.960654965791804, 29.689452269071499 ], [ -81.960654957208476, 29.689451366695266 ], [ -81.960653923725872, 29.68945137418973 ], [ -81.96065389797586, 29.68944866706105 ], [ -81.960651831010708, 29.689448682049957 ], [ -81.960651822427394, 29.689447779673731 ], [ -81.960649755462242, 29.689447794662605 ], [ -81.960649746878943, 29.68944689228638 ], [ -81.960648713396381, 29.689446899780812 ], [ -81.960648721979666, 29.689447802157034 ], [ -81.96064768849709, 29.689447809651444 ], [ -81.960647679913819, 29.689446907275215 ], [ -81.960646646431258, 29.689446914769626 ], [ -81.960646637847972, 29.689446012393404 ], [ -81.960645604365425, 29.689446019887789 ], [ -81.960645612948682, 29.689446922264025 ], [ -81.96064457946612, 29.689446929758404 ], [ -81.96064456229962, 29.689445125005957 ], [ -81.960642495334525, 29.689445139994707 ], [ -81.960642512500982, 29.689446944747168 ], [ -81.960641479018392, 29.689446952241536 ], [ -81.96064148760162, 29.689447854617772 ], [ -81.960633219740984, 29.689447914572405 ], [ -81.960633228324127, 29.689448816948634 ], [ -81.960632194841537, 29.68944882444293 ], [ -81.96063220342468, 29.689449726819166 ], [ -81.960629102976867, 29.689449749302 ], [ -81.960629094393752, 29.689448846925764 ], [ -81.960625993945982, 29.689448869408519 ], [ -81.960626002529054, 29.689449771784755 ], [ -81.960621868598651, 29.689449801761654 ], [ -81.960621877181694, 29.68945070413789 ], [ -81.960620843699076, 29.689450711632098 ], [ -81.960620852282105, 29.689451614008338 ], [ -81.960619818799486, 29.689451621502538 ], [ -81.960619801633442, 29.689449816750063 ], [ -81.960611533772578, 29.68944987670336 ], [ -81.960611542355522, 29.689450779079596 ], [ -81.960607408425062, 29.689450809056051 ], [ -81.960607391259231, 29.689449004303572 ], [ -81.960606357776626, 29.689449011797663 ], [ -81.960606349193711, 29.689448109421427 ], [ -81.960605315711121, 29.689448116915521 ], [ -81.960605324294022, 29.68944901929175 ], [ -81.960603257328813, 29.6894490342799 ], [ -81.960603274494574, 29.689450839032379 ], [ -81.960601207529336, 29.689450854020482 ], [ -81.960601216112195, 29.689451756396718 ], [ -81.960600182629562, 29.689451763890773 ], [ -81.960600191212407, 29.689452666267009 ], [ -81.960598124247142, 29.68945268125508 ], [ -81.960598132829972, 29.689453583631312 ], [ -81.960597099347325, 29.689453591125336 ], [ -81.960597116512972, 29.689455395877808 ], [ -81.960596083030296, 29.689455403371831 ], [ -81.960596091613112, 29.689456305748067 ], [ -81.960594024647762, 29.689456320736074 ], [ -81.960594033230549, 29.68945722311231 ], [ -81.96059299974786, 29.689457230606301 ], [ -81.96059301691345, 29.689459035358784 ], [ -81.960594050396153, 29.689459027864793 ], [ -81.960594058978955, 29.689459930241028 ], [ -81.960591992013519, 29.689459945229011 ], [ -81.960592009179081, 29.689461749981483 ], [ -81.960589942213602, 29.689461764969426 ], [ -81.960589950796376, 29.689462667345666 ], [ -81.960588917313629, 29.689462674839625 ], [ -81.960588925896374, 29.689463577215868 ], [ -81.960587892413628, 29.689463584709827 ], [ -81.960587909579118, 29.689465389462313 ], [ -81.960586876096343, 29.689465396956251 ], [ -81.960586884679074, 29.689466299332491 ], [ -81.960587918161863, 29.689466291838556 ], [ -81.960587926744608, 29.689467194214778 ], [ -81.96058585977903, 29.689467209202665 ], [ -81.960585868361761, 29.689468111578908 ], [ -81.96058690184455, 29.689468104084963 ], [ -81.960586927592772, 29.689470811213699 ], [ -81.960585894109954, 29.689470818707633 ], [ -81.960585885527209, 29.689469916331394 ], [ -81.96058381856156, 29.689469931319245 ], [ -81.960583809978871, 29.689469028943002 ], [ -81.960581743013236, 29.689469043930824 ], [ -81.960581751595925, 29.689469946307053 ], [ -81.960580718113093, 29.689469953800955 ], [ -81.960580709530419, 29.689469051424719 ], [ -81.960578642564784, 29.689469066412485 ], [ -81.960578625399464, 29.689467261659999 ], [ -81.96057759191666, 29.689467269153877 ], [ -81.96057760049932, 29.689468171530113 ], [ -81.960576567016517, 29.689468179023983 ], [ -81.96057654126858, 29.689465471895261 ], [ -81.960577574751355, 29.68946546440139 ], [ -81.960577540420744, 29.689461854896411 ], [ -81.96057857390349, 29.689461847402541 ], [ -81.960578548155496, 29.689459140273804 ], [ -81.960577514672792, 29.689459147767675 ], [ -81.960577523255438, 29.689460050143925 ], [ -81.96057648977272, 29.689460057637788 ], [ -81.96057648119006, 29.689459155261542 ], [ -81.960575447707356, 29.689459162755391 ], [ -81.960575464872619, 29.689460967507884 ], [ -81.960574431389887, 29.68946097500173 ], [ -81.960574414224638, 29.689459170249243 ], [ -81.960573380741934, 29.689459177743082 ], [ -81.960573389324537, 29.689460080119318 ], [ -81.960572355841819, 29.689460087613156 ], [ -81.960572381589628, 29.689462794741885 ], [ -81.960571348106882, 29.689462802235706 ], [ -81.960571339524279, 29.689461899859467 ], [ -81.960570306041532, 29.68946190735328 ], [ -81.96057032320671, 29.689463712105781 ], [ -81.960569289723949, 29.689463719599587 ], [ -81.960569272558786, 29.689461914847087 ], [ -81.960568239076053, 29.68946192234089 ], [ -81.960568247658614, 29.689462824717125 ], [ -81.960567214175867, 29.689462832210918 ], [ -81.960567222758428, 29.689463734587175 ], [ -81.960568256241189, 29.689463727093386 ], [ -81.960568264823763, 29.689464629469629 ], [ -81.960569298306538, 29.68946462197583 ], [ -81.960569315471702, 29.689466426728316 ], [ -81.960568281988898, 29.689466434222123 ], [ -81.960568273406324, 29.68946553184588 ], [ -81.960566206440774, 29.689465546833453 ], [ -81.96056621502332, 29.689466449209704 ], [ -81.960563114574938, 29.689466471691002 ], [ -81.960563131740003, 29.689468276443488 ], [ -81.960562098257185, 29.689468283937245 ], [ -81.960562072509632, 29.689465576808509 ], [ -81.960561039026857, 29.689465584302244 ], [ -81.96056104760936, 29.689466486678501 ], [ -81.960560014126571, 29.689466494172233 ], [ -81.960560031291564, 29.689468298924719 ], [ -81.960558997808747, 29.689468306418448 ], [ -81.960558980643768, 29.689466501665962 ], [ -81.960557947160964, 29.689466509159679 ], [ -81.960557955743454, 29.689467411535922 ], [ -81.960555888777847, 29.689467426523333 ], [ -81.960555905942769, 29.689469231275837 ], [ -81.960554872459952, 29.689469238769529 ], [ -81.960554863877505, 29.689468336393279 ], [ -81.96055279691187, 29.689468351380647 ], [ -81.960552788329437, 29.68946744900439 ], [ -81.960550721363816, 29.689467463991729 ], [ -81.960550729946235, 29.689468366367979 ], [ -81.960551763429038, 29.689468358874318 ], [ -81.960551780593903, 29.689470163626819 ], [ -81.960549713628225, 29.689470178614133 ], [ -81.960549722210644, 29.689471080990387 ], [ -81.960548688727783, 29.689471088484037 ], [ -81.960548680145394, 29.68947018610778 ], [ -81.960547646662562, 29.689470193601419 ], [ -81.960547638080172, 29.689469291225173 ], [ -81.96054660459734, 29.689469298718805 ], [ -81.960546613179716, 29.689470201095055 ], [ -81.960543512731221, 29.689470223575903 ], [ -81.960543521313568, 29.689471125952153 ], [ -81.96054558827926, 29.689471110964927 ], [ -81.960545596861621, 29.68947201334117 ], [ -81.960544563378761, 29.689472020834792 ], [ -81.960544571961137, 29.689472923211042 ], [ -81.960545605443997, 29.689472915717428 ], [ -81.960545614026373, 29.689473818093681 ], [ -81.960546647509247, 29.689473810600052 ], [ -81.960546656091623, 29.689474712976303 ], [ -81.960547689574511, 29.689474705482674 ], [ -81.960547698156901, 29.689475607858924 ], [ -81.960548731639776, 29.689475600365277 ], [ -81.960548740222194, 29.689476502741531 ], [ -81.960547706739291, 29.689476510235174 ], [ -81.960547723904071, 29.689478314987671 ], [ -81.960548757387002, 29.689478307494024 ], [ -81.960548748804584, 29.689477405117774 ], [ -81.960549782287501, 29.689477397624128 ], [ -81.960549773705083, 29.68947649524787 ], [ -81.960552874153791, 29.689476472766877 ], [ -81.960552882736224, 29.689477375143127 ], [ -81.960551849253321, 29.689477382636806 ], [ -81.960551866418172, 29.689479187389299 ], [ -81.960549799452309, 29.689479202376631 ], [ -81.960549816617146, 29.689481007129125 ], [ -81.9605487831342, 29.689481014622771 ], [ -81.960548765969392, 29.689479209870274 ], [ -81.960546699003544, 29.689479224857557 ], [ -81.960546716168309, 29.689481029610061 ], [ -81.960545682685364, 29.689481037103683 ], [ -81.960545674102974, 29.689480134727432 ], [ -81.960543607137097, 29.689480149714658 ], [ -81.96054362430182, 29.689481954467158 ], [ -81.960542590818861, 29.689481961960766 ], [ -81.96054262514825, 29.689485571465752 ], [ -81.960543658631252, 29.689485563972156 ], [ -81.960543641466529, 29.689483759219662 ], [ -81.960545708432477, 29.689483744232426 ], [ -81.960545717014853, 29.689484646608676 ], [ -81.960547783980829, 29.689484631621426 ], [ -81.960547801145623, 29.689486436373912 ], [ -81.960548834628625, 29.689486428880262 ], [ -81.960548826046221, 29.689485526504019 ], [ -81.960549859529209, 29.689485519010358 ], [ -81.960549842364387, 29.689483714257872 ], [ -81.960550875847346, 29.689483706764211 ], [ -81.960550893012197, 29.689485511516704 ], [ -81.960551926495185, 29.689485504023033 ], [ -81.96055190933032, 29.689483699270546 ], [ -81.960552942813294, 29.689483691776871 ], [ -81.960552934230861, 29.689482789400625 ], [ -81.960553967713821, 29.689482781906943 ], [ -81.96055395913136, 29.689481879530696 ], [ -81.960554992614334, 29.689481872037003 ], [ -81.960554984031873, 29.689480969660746 ], [ -81.960556017514804, 29.689480962167053 ], [ -81.960556008932343, 29.6894800597908 ], [ -81.960557042415275, 29.689480052297093 ], [ -81.96055705099775, 29.68948095467335 ], [ -81.960558084480695, 29.689480947179625 ], [ -81.960558093063185, 29.689481849555868 ], [ -81.960561193512035, 29.689481827074676 ], [ -81.960561210677056, 29.689483631827176 ], [ -81.960562244160045, 29.68948362433342 ], [ -81.960562218412463, 29.689480917204687 ], [ -81.960563251895408, 29.68948090971093 ], [ -81.960563243312862, 29.689480007334687 ], [ -81.960562209829945, 29.689480014828444 ], [ -81.960562201247427, 29.689479112452187 ], [ -81.960564268213261, 29.689479097464673 ], [ -81.960564242465651, 29.689476390335933 ], [ -81.960566309431428, 29.689476375348388 ], [ -81.960566300848868, 29.689475472972152 ], [ -81.960567334331756, 29.689475465478367 ], [ -81.960567325749196, 29.689474563102117 ], [ -81.96056835923207, 29.689474555608321 ], [ -81.960568376397219, 29.689476360360807 ], [ -81.960570443363011, 29.689476345373187 ], [ -81.960570451945586, 29.689477247749444 ], [ -81.960569418462697, 29.689477255243244 ], [ -81.960569452793038, 29.68948086474823 ], [ -81.960568419310107, 29.689480872242029 ], [ -81.960568410727532, 29.689479969865786 ], [ -81.96056634376167, 29.689479984853367 ], [ -81.96056635234423, 29.689480887229617 ], [ -81.960567385827162, 29.689480879735825 ], [ -81.960567394409722, 29.689481782112068 ], [ -81.960573595307409, 29.689481737149176 ], [ -81.96057360389004, 29.689482639525412 ], [ -81.960572570407095, 29.689482647019258 ], [ -81.960572578989698, 29.689483549395501 ], [ -81.960571545506738, 29.689483556889325 ], [ -81.960571554089341, 29.689484459265568 ], [ -81.960572587572315, 29.689484451771737 ], [ -81.960572596154933, 29.689485354147973 ], [ -81.960573629637921, 29.689485346654134 ], [ -81.960573638220538, 29.689486249030384 ], [ -81.96057467170354, 29.689486241536539 ], [ -81.960574645955631, 29.689483534407817 ], [ -81.960575679438591, 29.689483526913961 ], [ -81.960575705186528, 29.689486234042683 ], [ -81.960576738669516, 29.689486226548812 ], [ -81.960576747252162, 29.689487128925062 ], [ -81.960579847701169, 29.689487106443426 ], [ -81.960579839118495, 29.689486204067183 ], [ -81.960580872601483, 29.689486196573288 ], [ -81.96058088976686, 29.689488001325767 ], [ -81.960581923249876, 29.689487993831865 ], [ -81.960581940415281, 29.689489798584336 ], [ -81.960582973898298, 29.689489791090423 ], [ -81.960582956732878, 29.689487986337955 ], [ -81.960583990215881, 29.689487978844042 ], [ -81.960584007381328, 29.689489783596507 ], [ -81.960585040864359, 29.689489776102572 ], [ -81.960585032281628, 29.689488873726351 ], [ -81.960586065764645, 29.689488866232416 ], [ -81.960586057181899, 29.689487963856173 ], [ -81.960587090664902, 29.689487956362225 ], [ -81.960587099247647, 29.689488858738468 ], [ -81.960588132730663, 29.689488851244516 ], [ -81.960588141313423, 29.689489753620752 ], [ -81.960589174796439, 29.689489746126792 ], [ -81.960589183379213, 29.689490648503025 ], [ -81.960590216862244, 29.689490641009058 ], [ -81.960590225445031, 29.689491543385294 ], [ -81.960589191961972, 29.689491550879261 ], [ -81.960589200544746, 29.689492453255511 ], [ -81.960588167061701, 29.68949246074947 ], [ -81.96058817564446, 29.689493363125699 ], [ -81.960590242610564, 29.689493348137773 ], [ -81.960590251193352, 29.689494250514006 ], [ -81.960589217710279, 29.689494258007972 ], [ -81.960589234875826, 29.689496062760444 ], [ -81.960590268358899, 29.689496055266471 ], [ -81.960590259776126, 29.689495152890235 ], [ -81.960591293259213, 29.689495145396258 ], [ -81.960591276093638, 29.689493340643796 ], [ -81.960593343059756, 29.689493325655814 ], [ -81.960593360225374, 29.689495130408275 ], [ -81.960592326742287, 29.689495137902274 ], [ -81.960592343907891, 29.689496942654745 ], [ -81.960595444357168, 29.689496920172733 ], [ -81.960595435774337, 29.689496017796504 ], [ -81.960597502740512, 29.689496002808458 ], [ -81.960597494157668, 29.689495100432222 ], [ -81.960596460674594, 29.689495107926252 ], [ -81.960596452091764, 29.68949420555002 ], [ -81.960598519057882, 29.689494190561962 ], [ -81.960598527640741, 29.689495092938184 ], [ -81.960600594606902, 29.689495077950095 ], [ -81.960600603189761, 29.689495980326331 ], [ -81.960601636672848, 29.689495972832269 ], [ -81.960601619507088, 29.689494168079811 ], [ -81.960602652990161, 29.689494160585749 ], [ -81.960602661573034, 29.689495062961974 ], [ -81.960603695056108, 29.689495055467898 ], [ -81.960603712221911, 29.689496860220366 ], [ -81.960604745704998, 29.689496852726286 ], [ -81.960604728539195, 29.689495047973818 ], [ -81.960605762022254, 29.689495040479727 ], [ -81.960605753439339, 29.689494138103502 ], [ -81.960607820405471, 29.689494123115296 ], [ -81.960607828988415, 29.689495025491521 ], [ -81.960609895954548, 29.68949501050329 ], [ -81.960609904537492, 29.689495912879515 ], [ -81.960608871054419, 29.689495920373634 ], [ -81.960608888220321, 29.689497725126106 ], [ -81.96061095518651, 29.689497710137857 ], [ -81.960610938020579, 29.689495905385382 ], [ -81.96061300498674, 29.689495890397097 ], [ -81.960613013569713, 29.689496792773326 ], [ -81.960611980086625, 29.689496800267477 ], [ -81.960611997252585, 29.689498605019949 ], [ -81.960613030735686, 29.689498597525795 ], [ -81.960613039318659, 29.689499499902016 ], [ -81.960616139768007, 29.68949947741952 ] ], [ [ -81.960616131185006, 29.689498575043306 ], [ -81.960614064218802, 29.689498590031636 ], [ -81.960614047052815, 29.689496785279168 ], [ -81.960616114018976, 29.689496770290837 ], [ -81.960616131185006, 29.689498575043306 ] ], [ [ -81.960617138919048, 29.689495860420426 ], [ -81.960616105435975, 29.689495867914609 ], [ -81.960616096852959, 29.689494965538383 ], [ -81.960617130336033, 29.6894949580442 ], [ -81.960617138919048, 29.689495860420426 ] ], [ [ -81.96059440229125, 29.689496025290513 ], [ -81.960593368808176, 29.689496032784518 ], [ -81.960593360225374, 29.689495130408275 ], [ -81.960594393708448, 29.689495122914277 ], [ -81.96059440229125, 29.689496025290513 ] ], [ [ -81.960621264268298, 29.689494928067404 ], [ -81.960620230785239, 29.689494935561612 ], [ -81.960620222202195, 29.689494033185394 ], [ -81.960621255685254, 29.689494025691179 ], [ -81.960621264268298, 29.689494928067404 ] ], [ [ -81.960608836722642, 29.689492310868712 ], [ -81.960605736273521, 29.689492333351033 ], [ -81.960605727690591, 29.689491430974797 ], [ -81.960608828139698, 29.689491408492486 ], [ -81.960608836722642, 29.689492310868712 ] ], [ [ -81.960603669307432, 29.689492348339201 ], [ -81.960602635824372, 29.689492355833277 ], [ -81.960602627241499, 29.689491453457045 ], [ -81.960603660724516, 29.689491445962972 ], [ -81.960603669307432, 29.689492348339201 ] ], [ [ -81.96059126751085, 29.689492438267553 ], [ -81.960590234027791, 29.68949244576153 ], [ -81.960590225445031, 29.689491543385294 ], [ -81.960591258928062, 29.689491535891317 ], [ -81.96059126751085, 29.689492438267553 ] ], [ [ -81.960595392860228, 29.689491505915331 ], [ -81.960594359377183, 29.689491513409344 ], [ -81.960594350794366, 29.689490611033101 ], [ -81.960595384277411, 29.689490603539095 ], [ -81.960595392860228, 29.689491505915331 ] ], [ [ -81.96060571052476, 29.689489626222336 ], [ -81.960604677041744, 29.689489633716423 ], [ -81.960604668458842, 29.689488731340202 ], [ -81.960605701941859, 29.689488723846114 ], [ -81.96060571052476, 29.689489626222336 ] ], [ [ -81.960590199696696, 29.689488836256587 ], [ -81.96058916621368, 29.689488843750556 ], [ -81.96058915763092, 29.689487941374313 ], [ -81.960590191113923, 29.689487933880354 ], [ -81.960590199696696, 29.689488836256587 ] ], [ [ -81.960602592909936, 29.689487843952111 ], [ -81.960601559426934, 29.689487851446177 ], [ -81.960601550844075, 29.689486949069941 ], [ -81.960602584327063, 29.689486941575886 ], [ -81.960602592909936, 29.689487843952111 ] ], [ [ -81.960599492460943, 29.689487866434281 ], [ -81.960598458977941, 29.689487873928329 ], [ -81.960598450395096, 29.689486971552085 ], [ -81.960599483878084, 29.689486964058045 ], [ -81.960599492460943, 29.689487866434281 ] ], [ [ -81.960662526339846, 29.689486506906388 ], [ -81.960661492856886, 29.689486514400912 ], [ -81.960661475690046, 29.689484709648475 ], [ -81.960662509173005, 29.689484702153944 ], [ -81.960662526339846, 29.689486506906388 ] ], [ [ -81.960605684776027, 29.689486919093639 ], [ -81.960604651293039, 29.689486926587726 ], [ -81.960604642710123, 29.68948602421149 ], [ -81.960605676193111, 29.689486016717403 ], [ -81.960605684776027, 29.689486919093639 ] ], [ [ -81.960594316463116, 29.689487001528168 ], [ -81.960593282980128, 29.689487009022162 ], [ -81.960593274397326, 29.689486106645926 ], [ -81.960594307880314, 29.689486099151928 ], [ -81.960594316463116, 29.689487001528168 ] ], [ [ -81.960590182531135, 29.689487031504118 ], [ -81.960589149048147, 29.689487038998077 ], [ -81.960589131882614, 29.689485234245605 ], [ -81.960590165365602, 29.689485226751639 ], [ -81.960590182531135, 29.689487031504118 ] ], [ [ -81.960601542261188, 29.689486046693712 ], [ -81.960599475295226, 29.689486061681809 ], [ -81.960599466712367, 29.689485159305573 ], [ -81.960601533678314, 29.689485144317469 ], [ -81.960601542261188, 29.689486046693712 ] ], [ [ -81.960583973050447, 29.689486174091559 ], [ -81.960582939567459, 29.689486181585476 ], [ -81.960582913819323, 29.689483474456761 ], [ -81.960583947302297, 29.689483466962837 ], [ -81.960583955884999, 29.689484369339073 ], [ -81.960584989367973, 29.689484361845153 ], [ -81.960584997950704, 29.689485264221389 ], [ -81.96058396446773, 29.689485271715316 ], [ -81.960583973050447, 29.689486174091559 ] ], [ [ -81.960663542655951, 29.689484694659413 ], [ -81.960662509173005, 29.689484702153944 ], [ -81.960662500589592, 29.689483799777733 ], [ -81.960663534072523, 29.689483792283195 ], [ -81.960663542655951, 29.689484694659413 ] ], [ [ -81.960578797052833, 29.689485309184828 ], [ -81.960577763569844, 29.689485316678706 ], [ -81.960577746404525, 29.68948351192623 ], [ -81.960578779887484, 29.689483504432356 ], [ -81.960578797052833, 29.689485309184828 ] ], [ [ -81.960587056333921, 29.689484346857284 ], [ -81.960586022850961, 29.689484354351226 ], [ -81.960586014268216, 29.689483451974983 ], [ -81.960587047751176, 29.689483444481041 ], [ -81.960587056333921, 29.689484346857284 ] ], [ [ -81.960595315614839, 29.689483384529215 ], [ -81.96059221516596, 29.68948340701121 ], [ -81.960592198000384, 29.689481602258734 ], [ -81.960594264966261, 29.689481587270745 ], [ -81.960594273549077, 29.689482489646988 ], [ -81.960595307032008, 29.689482482152979 ], [ -81.960595315614839, 29.689483384529215 ] ], [ [ -81.960549842364387, 29.689483714257872 ], [ -81.960548808881413, 29.689483721751522 ], [ -81.960548800298994, 29.689482819375272 ], [ -81.960549833781968, 29.689482811881625 ], [ -81.960549842364387, 29.689483714257872 ] ], [ [ -81.960551900747888, 29.689482796894296 ], [ -81.960550867264928, 29.689482804387971 ], [ -81.96055085868251, 29.689481902011714 ], [ -81.960551892165469, 29.689481894518046 ], [ -81.960551900747888, 29.689482796894296 ] ], [ [ -81.960545699850101, 29.689482841856183 ], [ -81.960544666367142, 29.689482849349805 ], [ -81.960544649202404, 29.689481044597294 ], [ -81.960545682685364, 29.689481037103683 ], [ -81.960545699850101, 29.689482841856183 ] ], [ [ -81.960667642253895, 29.689481055176302 ], [ -81.960666608770978, 29.689481062670872 ], [ -81.960666600187523, 29.689480160294654 ], [ -81.960667633670425, 29.689480152800083 ], [ -81.960667642253895, 29.689481055176302 ] ], [ [ -81.960663508322241, 29.689481085154544 ], [ -81.960662474839339, 29.689481092649068 ], [ -81.960662466255911, 29.68948019027285 ], [ -81.960663499738814, 29.689480182778311 ], [ -81.960663508322241, 29.689481085154544 ] ], [ [ -81.960592198000384, 29.689481602258734 ], [ -81.960590131034493, 29.689481617246692 ], [ -81.960590122451734, 29.689480714870456 ], [ -81.960592189417596, 29.689480699882491 ], [ -81.960592198000384, 29.689481602258734 ] ], [ [ -81.960587030585685, 29.689481639728562 ], [ -81.960584963619795, 29.689481654716445 ], [ -81.960584955037078, 29.689480752340202 ], [ -81.96058702200294, 29.689480737352326 ], [ -81.960587030585685, 29.689481639728562 ] ], [ [ -81.960574628790368, 29.689481729655324 ], [ -81.960573595307409, 29.689481737149176 ], [ -81.960573586724792, 29.689480834772926 ], [ -81.960574620207723, 29.68948082727908 ], [ -81.960574628790368, 29.689481729655324 ] ], [ [ -81.96055395913136, 29.689481879530696 ], [ -81.960552925648415, 29.689481887024368 ], [ -81.960552917065982, 29.689480984648117 ], [ -81.960553950548913, 29.689480977154446 ], [ -81.96055395913136, 29.689481879530696 ] ], [ [ -81.96055085868251, 29.689481902011714 ], [ -81.96054982519955, 29.689481909505375 ], [ -81.960549816617146, 29.689481007129125 ], [ -81.960550850100077, 29.689480999635464 ], [ -81.96055085868251, 29.689481902011714 ] ], [ [ -81.960548791716604, 29.689481916999021 ], [ -81.960547758233645, 29.689481924492668 ], [ -81.960547749651241, 29.689481022116421 ], [ -81.9605487831342, 29.689481014622771 ], [ -81.960548791716604, 29.689481916999021 ] ], [ [ -81.960669700636231, 29.689480137810918 ], [ -81.960668667153328, 29.689480145305506 ], [ -81.960668658569844, 29.689479242929291 ], [ -81.960669692052747, 29.6894792354347 ], [ -81.960669700636231, 29.689480137810918 ] ], [ [ -81.96064179659777, 29.689480340161911 ], [ -81.960640763114867, 29.689480347656282 ], [ -81.960640754531639, 29.689479445280053 ], [ -81.960641788014541, 29.689479437785685 ], [ -81.96064179659777, 29.689480340161911 ] ], [ [ -81.960633528734462, 29.689480400116636 ], [ -81.960631461768642, 29.68948041510523 ], [ -81.960631453185499, 29.689479512729008 ], [ -81.960633520151305, 29.6894794977404 ], [ -81.960633528734462, 29.689480400116636 ] ], [ [ -81.960582888071215, 29.689480767328035 ], [ -81.96058185458827, 29.689480774821952 ], [ -81.960581837422879, 29.689478970069466 ], [ -81.960582870905796, 29.689478962575556 ], [ -81.960582888071215, 29.689480767328035 ] ], [ [ -81.960576687173599, 29.689480812291372 ], [ -81.960574620207723, 29.68948082727908 ], [ -81.960574611625105, 29.689479924902837 ], [ -81.960575645108023, 29.689479917408988 ], [ -81.960575636525377, 29.689479015032738 ], [ -81.960576670008294, 29.689479007538885 ], [ -81.960576687173599, 29.689480812291372 ] ], [ [ -81.960573586724792, 29.689480834772926 ], [ -81.960572553241846, 29.689480842266764 ], [ -81.960572544659243, 29.689479939890521 ], [ -81.96057357814216, 29.68947993239669 ], [ -81.960573586724792, 29.689480834772926 ] ], [ [ -81.960552917065982, 29.689480984648117 ], [ -81.960551883583037, 29.689480992141796 ], [ -81.960551875000604, 29.689480089765549 ], [ -81.960552908483535, 29.689480082271874 ], [ -81.960552917065982, 29.689480984648117 ] ], [ [ -81.960584946454347, 29.689479849963959 ], [ -81.960583912971416, 29.689479857457879 ], [ -81.960583887223279, 29.689477150329157 ], [ -81.960582853740377, 29.689477157823084 ], [ -81.960582862323093, 29.68947806019932 ], [ -81.960581828840176, 29.68947806769323 ], [ -81.960581794509409, 29.689474458188268 ], [ -81.96057972754366, 29.689474473176055 ], [ -81.960579718960986, 29.689473570799812 ], [ -81.960581785926706, 29.689473555812025 ], [ -81.960581777344018, 29.689472653435782 ], [ -81.960582810826864, 29.689472645941876 ], [ -81.960582793661459, 29.689470841189394 ], [ -81.960584860627122, 29.689470826201564 ], [ -81.960584869209825, 29.689471728577796 ], [ -81.960585902692671, 29.689471721083862 ], [ -81.960585911275402, 29.689472623460105 ], [ -81.960587978241094, 29.689472608472219 ], [ -81.960587986823853, 29.689473510848462 ], [ -81.960586953340993, 29.689473518342414 ], [ -81.96058700483745, 29.689478932599847 ], [ -81.960585971354547, 29.689478940093792 ], [ -81.96058594560634, 29.689476232965063 ], [ -81.960584912123451, 29.68947624045899 ], [ -81.960584946454347, 29.689479849963959 ] ], [ [ -81.960572544659243, 29.689479939890521 ], [ -81.960570477693381, 29.68947995487818 ], [ -81.960570460528189, 29.68947815012568 ], [ -81.960572527494008, 29.689478135138028 ], [ -81.960572544659243, 29.689479939890521 ] ], [ [ -81.96066348257196, 29.689478378025878 ], [ -81.960662449089085, 29.689478385520417 ], [ -81.960662423338832, 29.689475678391755 ], [ -81.960664490304552, 29.689475663402675 ], [ -81.960664507471407, 29.689477468155108 ], [ -81.960663473988546, 29.68947747564966 ], [ -81.96066348257196, 29.689478378025878 ] ], [ [ -81.960640745948425, 29.689478542903828 ], [ -81.960639712465522, 29.689478550398196 ], [ -81.960639695299079, 29.689476745645734 ], [ -81.960640728781968, 29.689476738151381 ], [ -81.960640745948425, 29.689478542903828 ] ], [ [ -81.96063764549973, 29.689478565386882 ], [ -81.960636612016827, 29.689478572881224 ], [ -81.960636603433656, 29.689477670504996 ], [ -81.96063763691653, 29.689477663010653 ], [ -81.96063764549973, 29.689478565386882 ] ], [ [ -81.960635578533953, 29.689478580375539 ], [ -81.96063454505105, 29.689478587869861 ], [ -81.960634536467879, 29.689477685493639 ], [ -81.960635569950767, 29.689477677999317 ], [ -81.960635578533953, 29.689478580375539 ] ], [ [ -81.960604574046911, 29.689478805201627 ], [ -81.960602507081106, 29.689478820189763 ], [ -81.960602489915345, 29.689477015437298 ], [ -81.960604556881123, 29.689477000449148 ], [ -81.960604574046911, 29.689478805201627 ] ], [ [ -81.960580803939962, 29.689478977563368 ], [ -81.960579770457045, 29.689478985057256 ], [ -81.960579744709008, 29.689476277928534 ], [ -81.960580778191911, 29.689476270434646 ], [ -81.960580803939962, 29.689478977563368 ] ], [ [ -81.960578736974142, 29.689478992551141 ], [ -81.960577703491211, 29.689479000045015 ], [ -81.960577694908565, 29.689478097668779 ], [ -81.960578728391454, 29.689478090174902 ], [ -81.960578736974142, 29.689478992551141 ] ], [ [ -81.960556000349868, 29.689479157414556 ], [ -81.96055393338402, 29.689479172401953 ], [ -81.960553924801573, 29.689478270025692 ], [ -81.960555991767421, 29.689478255038306 ], [ -81.960556000349868, 29.689479157414556 ] ], [ [ -81.96060973287851, 29.689477865354881 ], [ -81.960607665912704, 29.689477880343105 ], [ -81.960607657329774, 29.689476977966876 ], [ -81.960605590364011, 29.689476992955068 ], [ -81.960605573198194, 29.6894751882026 ], [ -81.960606606681054, 29.689475180708509 ], [ -81.96060661526397, 29.689476083084738 ], [ -81.960609715712607, 29.689476060602409 ], [ -81.96060973287851, 29.689477865354881 ] ], [ [ -81.960599398049524, 29.689477940295692 ], [ -81.960598364566636, 29.689477947789733 ], [ -81.960598355983791, 29.689477045413497 ], [ -81.96059938946668, 29.689477037919449 ], [ -81.960599398049524, 29.689477940295692 ] ], [ [ -81.960573560976925, 29.689478127644197 ], [ -81.960572527494008, 29.689478135138028 ], [ -81.960572518911405, 29.689477232761792 ], [ -81.960573552394308, 29.689477225267961 ], [ -81.960573560976925, 29.689478127644197 ] ], [ [ -81.960562192664895, 29.689478210075944 ], [ -81.960561159181992, 29.689478217569693 ], [ -81.960561150599474, 29.68947731519345 ], [ -81.960562184082377, 29.689477307699701 ], [ -81.960562192664895, 29.689478210075944 ] ], [ [ -81.960621092607283, 29.689476880542816 ], [ -81.960619025641506, 29.689476895531225 ], [ -81.960619017058477, 29.689475993154993 ], [ -81.960617983575602, 29.689476000649183 ], [ -81.960617974992587, 29.689475098272958 ], [ -81.960616941509727, 29.689475105767141 ], [ -81.960616932926726, 29.689474203390912 ], [ -81.960618999892432, 29.689474188402539 ], [ -81.960619008475462, 29.689475090778771 ], [ -81.960621075441182, 29.689475075790369 ], [ -81.960621092607283, 29.689476880542816 ] ], [ [ -81.960602489915345, 29.689477015437298 ], [ -81.960600422949554, 29.689477030425405 ], [ -81.960600414366709, 29.689476128049169 ], [ -81.960602481332472, 29.689476113061058 ], [ -81.960602489915345, 29.689477015437298 ] ], [ [ -81.960589054637751, 29.689477112859461 ], [ -81.960588021154862, 29.68947712035342 ], [ -81.960588003989358, 29.689475315600941 ], [ -81.960589037472232, 29.689475308106989 ], [ -81.960589054637751, 29.689477112859461 ] ], [ [ -81.960574585877197, 29.689477217774108 ], [ -81.960573552394308, 29.689477225267961 ], [ -81.960573543811677, 29.689476322891711 ], [ -81.960574577294565, 29.689476315397872 ], [ -81.960574585877197, 29.689477217774108 ] ], [ [ -81.96056321756528, 29.689477300205944 ], [ -81.960562184082377, 29.689477307699701 ], [ -81.960562175499845, 29.689476405323457 ], [ -81.960563208982748, 29.689476397829701 ], [ -81.96056321756528, 29.689477300205944 ] ], [ [ -81.960559083633669, 29.68947733018091 ], [ -81.960558050150752, 29.689477337674635 ], [ -81.960558041568262, 29.689476435298392 ], [ -81.960559075051165, 29.689476427804667 ], [ -81.960559083633669, 29.68947733018091 ] ], [ [ -81.960667590753104, 29.689475640918996 ], [ -81.960664490304552, 29.689475663402675 ], [ -81.960664481721111, 29.689474761026464 ], [ -81.960667582169648, 29.689474738542778 ], [ -81.960667590753104, 29.689475640918996 ] ], [ [ -81.960647954578789, 29.689475783314407 ], [ -81.960646921095929, 29.689475790808832 ], [ -81.960646912512658, 29.689474888432613 ], [ -81.960647945995504, 29.689474880938189 ], [ -81.960647954578789, 29.689475783314407 ] ], [ [ -81.960645887613069, 29.689475798303242 ], [ -81.960644854130209, 29.689475805797638 ], [ -81.960644836963681, 29.689474001045191 ], [ -81.960645870446527, 29.689473993550795 ], [ -81.960645887613069, 29.689475798303242 ] ], [ [ -81.960643820647348, 29.689475813292024 ], [ -81.960642787164474, 29.689475820786409 ], [ -81.960642778581231, 29.689474918410195 ], [ -81.960641745098371, 29.689474925904566 ], [ -81.960641753681614, 29.689475828280784 ], [ -81.960640720198754, 29.689475835775152 ], [ -81.960640703032297, 29.689474031022701 ], [ -81.960641736515157, 29.689474023528341 ], [ -81.960641727931915, 29.689473121152119 ], [ -81.960640694449083, 29.68947312864648 ], [ -81.960640685865854, 29.689472226270254 ], [ -81.960638618900205, 29.689472241258962 ], [ -81.960638584567391, 29.68946863175406 ], [ -81.960639618050195, 29.689468624259714 ], [ -81.96063960946698, 29.689467721883474 ], [ -81.960640642949755, 29.689467714389121 ], [ -81.960640651532984, 29.689468616765353 ], [ -81.960641685015773, 29.689468609270985 ], [ -81.960641659266074, 29.689465902142313 ], [ -81.960642692748849, 29.689465894647949 ], [ -81.960642701332091, 29.689466797024163 ], [ -81.960644768297627, 29.689466782035396 ], [ -81.96064478546414, 29.689468586787843 ], [ -81.960645818946929, 29.68946857929345 ], [ -81.960645836113457, 29.689470384045897 ], [ -81.960644802630654, 29.689470391540304 ], [ -81.960644811213911, 29.689471293916515 ], [ -81.960643777731093, 29.689471301410904 ], [ -81.960643786314336, 29.689472203787123 ], [ -81.960642752831518, 29.689472211281515 ], [ -81.960642769998003, 29.689474016033962 ], [ -81.960643803480835, 29.689474008539591 ], [ -81.960643820647348, 29.689475813292024 ] ], [ [ -81.96063555278441, 29.689475873246867 ], [ -81.96063451930155, 29.689475880741185 ], [ -81.960634510718378, 29.689474978364967 ], [ -81.960635544201239, 29.689474970870652 ], [ -81.96063555278441, 29.689475873246867 ] ], [ [ -81.960612816161245, 29.689476038120009 ], [ -81.96061178267837, 29.689476045614146 ], [ -81.960611774095398, 29.689475143237917 ], [ -81.960612807578272, 29.689475135743788 ], [ -81.960612816161245, 29.689476038120009 ] ], [ [ -81.960603514815347, 29.689476105566985 ], [ -81.960602481332472, 29.689476113061058 ], [ -81.960602464166698, 29.689474308308593 ], [ -81.960604531132418, 29.689474293320451 ], [ -81.96060453971532, 29.689475195696687 ], [ -81.960603506232445, 29.689475203190764 ], [ -81.960603514815347, 29.689476105566985 ] ], [ [ -81.960554941119582, 29.689476457779506 ], [ -81.960552874153791, 29.689476472766877 ], [ -81.960552856988912, 29.689474668014391 ], [ -81.960553890471786, 29.689474660520705 ], [ -81.960553899054233, 29.689475562896956 ], [ -81.960554932537121, 29.68947555540327 ], [ -81.960554941119582, 29.689476457779506 ] ], [ [ -81.960609707129663, 29.689475158226184 ], [ -81.960608673646803, 29.689475165720296 ], [ -81.960608665063859, 29.689474263344067 ], [ -81.960609698546719, 29.689474255849948 ], [ -81.960609707129663, 29.689475158226184 ] ], [ [ -81.960599372300962, 29.689475233166988 ], [ -81.960598338818087, 29.689475240661022 ], [ -81.960598330235257, 29.689474338284786 ], [ -81.960599363718117, 29.689474330790759 ], [ -81.960599372300962, 29.689475233166988 ] ], [ [ -81.960579736126334, 29.689475375552306 ], [ -81.960577669160571, 29.68947539054005 ], [ -81.960577660577925, 29.689474488163807 ], [ -81.96057972754366, 29.689474473176055 ], [ -81.960579736126334, 29.689475375552306 ] ], [ [ -81.960570434780408, 29.689475442996951 ], [ -81.960569401297519, 29.689475450490772 ], [ -81.960569384132356, 29.689473645738278 ], [ -81.960570417615216, 29.689473638244465 ], [ -81.960570434780408, 29.689475442996951 ] ], [ [ -81.960667573586193, 29.689473836166567 ], [ -81.960666540103347, 29.68947384366113 ], [ -81.960666531519905, 29.689472941284908 ], [ -81.960667565002723, 29.689472933790341 ], [ -81.960667573586193, 29.689473836166567 ] ], [ [ -81.960644836963681, 29.689474001045191 ], [ -81.960643803480835, 29.689474008539591 ], [ -81.960643794897592, 29.689473106163359 ], [ -81.960644828380424, 29.689473098668962 ], [ -81.960644836963681, 29.689474001045191 ] ], [ [ -81.960622100340998, 29.689474165919925 ], [ -81.960621066858138, 29.689474173414133 ], [ -81.960621058275095, 29.689473271037908 ], [ -81.960622091757941, 29.689473263543693 ], [ -81.960622100340998, 29.689474165919925 ] ], [ [ -81.960615899443866, 29.689474210885088 ], [ -81.960613832478145, 29.689474225873404 ], [ -81.960613823895173, 29.689473323497168 ], [ -81.960612790412327, 29.689473330991319 ], [ -81.960612773246382, 29.689471526238847 ], [ -81.960613806729214, 29.689471518744703 ], [ -81.960613798146227, 29.689470616368478 ], [ -81.960614831629044, 29.68947060887432 ], [ -81.960614840212045, 29.689471511250545 ], [ -81.960615873694863, 29.689471503756376 ], [ -81.960615899443866, 29.689474210885088 ] ], [ [ -81.960612798995285, 29.689474233367548 ], [ -81.960611765512439, 29.689474240861689 ], [ -81.960611756929467, 29.689473338485456 ], [ -81.960612790412327, 29.689473330991319 ], [ -81.960612798995285, 29.689474233367548 ] ], [ [ -81.960564225300558, 29.689474585583447 ], [ -81.960563191817698, 29.689474593077207 ], [ -81.960563183235166, 29.689473690700964 ], [ -81.960564216718026, 29.689473683207204 ], [ -81.960564225300558, 29.689474585583447 ] ], [ [ -81.960548723057386, 29.689474697989034 ], [ -81.960547689574511, 29.689474705482674 ], [ -81.960547680992121, 29.689473803106424 ], [ -81.960548714474996, 29.689473795612777 ], [ -81.960548723057386, 29.689474697989034 ] ], [ [ -81.960679966796619, 29.689472843854904 ], [ -81.960678933313801, 29.689472851349564 ], [ -81.960678924730246, 29.689471948973353 ], [ -81.960679958213049, 29.689471941478686 ], [ -81.960679966796619, 29.689472843854904 ] ], [ [ -81.960669631968386, 29.689472918801176 ], [ -81.960667565002723, 29.689472933790341 ], [ -81.960667556419253, 29.68947203141412 ], [ -81.960665489453632, 29.689472046403246 ], [ -81.960665472286749, 29.689470241650817 ], [ -81.960667539252341, 29.689470226661683 ], [ -81.960667547835811, 29.689471129037901 ], [ -81.960668581318615, 29.689471121543324 ], [ -81.960668589902085, 29.689472023919556 ], [ -81.960669623384902, 29.689472016424965 ], [ -81.960669631968386, 29.689472918801176 ] ], [ [ -81.960665498037059, 29.689472948779471 ], [ -81.960664464554242, 29.68947295627402 ], [ -81.9606644559708, 29.689472053897799 ], [ -81.960665489453632, 29.689472046403246 ], [ -81.960665498037059, 29.689472948779471 ] ], [ [ -81.960611756929467, 29.689473338485456 ], [ -81.960610723446621, 29.689473345979593 ], [ -81.960610706280718, 29.689471541227121 ], [ -81.96061173976355, 29.689471533732988 ], [ -81.960611756929467, 29.689473338485456 ] ], [ [ -81.960579718960986, 29.689473570799812 ], [ -81.960578685478112, 29.689473578293693 ], [ -81.960578676895452, 29.68947267591745 ], [ -81.960579710378298, 29.689472668423569 ], [ -81.960579718960986, 29.689473570799812 ] ], [ [ -81.960567317166621, 29.689473660725866 ], [ -81.960566283683761, 29.689473668219648 ], [ -81.960566275101201, 29.689472765843412 ], [ -81.960567308584061, 29.689472758349623 ], [ -81.960567317166621, 29.689473660725866 ] ], [ [ -81.96067065686772, 29.68947200893037 ], [ -81.960669623384902, 29.689472016424965 ], [ -81.960669614801418, 29.689471114048743 ], [ -81.960670648284221, 29.689471106554155 ], [ -81.96067065686772, 29.68947200893037 ] ], [ [ -81.960621049692051, 29.689472368661672 ], [ -81.960620016209219, 29.689472376155873 ], [ -81.960620007626176, 29.689471473779641 ], [ -81.960621041109007, 29.68947146628544 ], [ -81.960621049692051, 29.689472368661672 ] ], [ [ -81.960617949243542, 29.689472391144268 ], [ -81.96061691576071, 29.689472398638436 ], [ -81.960616907177695, 29.689471496262207 ], [ -81.960617940660526, 29.689471488768032 ], [ -81.960617949243542, 29.689472391144268 ] ], [ [ -81.960601413518106, 29.68947251105018 ], [ -81.960600380035245, 29.689472518544235 ], [ -81.960600371452401, 29.689471616167992 ], [ -81.960601404935232, 29.689471608673944 ], [ -81.960601413518106, 29.68947251105018 ] ], [ [ -81.9605900452068, 29.689472593484307 ], [ -81.960589011723954, 29.68947260097827 ], [ -81.960588994558435, 29.689470796225798 ], [ -81.960590028041267, 29.689470788731825 ], [ -81.9605900452068, 29.689472593484307 ] ], [ [ -81.960580743861158, 29.689472660929678 ], [ -81.960579710378298, 29.689472668423569 ], [ -81.960579693212949, 29.68947086367109 ], [ -81.960580726695781, 29.689470856177206 ], [ -81.960580743861158, 29.689472660929678 ] ], [ [ -81.960569375549767, 29.689472743362025 ], [ -81.960568342066921, 29.689472750855831 ], [ -81.960568333484332, 29.689471848479588 ], [ -81.960569366967178, 29.689471840985782 ], [ -81.960569375549767, 29.689472743362025 ] ], [ [ -81.960574534381408, 29.689471803516657 ], [ -81.960573500898562, 29.689471811010502 ], [ -81.960573492315959, 29.689470908634267 ], [ -81.960574525798791, 29.689470901140421 ], [ -81.960574534381408, 29.689471803516657 ] ], [ [ -81.960683041494306, 29.689470114242223 ], [ -81.960682008011503, 29.68947012173691 ], [ -81.960681999427905, 29.689469219360699 ], [ -81.960683032910694, 29.689469211866008 ], [ -81.960683041494306, 29.689470114242223 ] ], [ [ -81.960680974528699, 29.689470129231587 ], [ -81.96067994104591, 29.689470136726257 ], [ -81.960679923878772, 29.689468331973831 ], [ -81.960680957361546, 29.689468324479158 ], [ -81.960680974528699, 29.689470129231587 ] ], [ [ -81.960615865111876, 29.689470601380151 ], [ -81.960614831629044, 29.68947060887432 ], [ -81.960614814463071, 29.689468804121848 ], [ -81.960615847945874, 29.689468796627686 ], [ -81.960615865111876, 29.689470601380151 ] ], [ [ -81.960582793661459, 29.689470841189394 ], [ -81.960581760178627, 29.689470848683303 ], [ -81.960581751595925, 29.689469946307053 ], [ -81.960582785078742, 29.689469938813151 ], [ -81.960582793661459, 29.689470841189394 ] ], [ [ -81.960567291418926, 29.689470953597144 ], [ -81.960566257936094, 29.689470961090926 ], [ -81.960566249353548, 29.689470058714683 ], [ -81.960567282836365, 29.689470051220894 ], [ -81.960567291418926, 29.689470953597144 ] ], [ [ -81.960562124004738, 29.689470991065992 ], [ -81.960560057039061, 29.689471006053459 ], [ -81.960560039874053, 29.689469201300966 ], [ -81.960561073356885, 29.689469193807231 ], [ -81.960561064774367, 29.689468291430988 ], [ -81.960562098257185, 29.689468283937245 ], [ -81.960562124004738, 29.689470991065992 ] ], [ [ -81.960559023556215, 29.689471013547191 ], [ -81.960557990073383, 29.689471021040912 ], [ -81.960557981490894, 29.689470118664666 ], [ -81.96055901497374, 29.689470111170948 ], [ -81.960559023556215, 29.689471013547191 ] ], [ [ -81.960573483733327, 29.689470006258016 ], [ -81.96057245025051, 29.689470013751848 ], [ -81.960572441667892, 29.689469111375605 ], [ -81.96057347515071, 29.689469103881766 ], [ -81.960573483733327, 29.689470006258016 ] ], [ [ -81.960570383284846, 29.689470028739493 ], [ -81.960569349802029, 29.689470036233306 ], [ -81.96056934121944, 29.689469133857052 ], [ -81.960570374702257, 29.689469126363246 ], [ -81.960570383284846, 29.689470028739493 ] ], [ [ -81.960602412669431, 29.689468894051178 ], [ -81.96060034570381, 29.689468909039288 ], [ -81.960600328538106, 29.689467104286816 ], [ -81.96060239550367, 29.689467089298713 ], [ -81.960602412669431, 29.689468894051178 ] ], [ [ -81.960572441667892, 29.689469111375605 ], [ -81.960571408185075, 29.689469118869432 ], [ -81.960571391019869, 29.689467314116939 ], [ -81.960572424502686, 29.689467306623111 ], [ -81.960572441667892, 29.689469111375605 ] ], [ [ -81.960635475535838, 29.689467751860828 ], [ -81.960634442053063, 29.68946775935515 ], [ -81.960634433469906, 29.689466856978918 ], [ -81.960635466952667, 29.689466849484596 ], [ -81.960635475535838, 29.689467751860828 ] ], [ [ -81.960615839362873, 29.689467894251454 ], [ -81.960614805880084, 29.689467901745619 ], [ -81.960614788714111, 29.689466096993158 ], [ -81.960615822196871, 29.689466089498989 ], [ -81.960615839362873, 29.689467894251454 ] ], [ [ -81.960606538017743, 29.689467961698629 ], [ -81.960605504534939, 29.689467969192716 ], [ -81.960605495952038, 29.689467066816484 ], [ -81.960606529434827, 29.689467059322396 ], [ -81.960606538017743, 29.689467961698629 ] ], [ [ -81.960568299154048, 29.689468238974609 ], [ -81.960567265671244, 29.689468246468401 ], [ -81.960567257088684, 29.689467344092154 ], [ -81.960568290571473, 29.689467336598359 ], [ -81.960568299154048, 29.689468238974609 ] ], [ [ -81.960565198705623, 29.689468261455957 ], [ -81.96056416522282, 29.689468268949728 ], [ -81.960564156640274, 29.689467366573485 ], [ -81.960565190123077, 29.689467359079714 ], [ -81.960565198705623, 29.689468261455957 ] ], [ [ -81.960679906711633, 29.689466527221395 ], [ -81.960678873228872, 29.689466534716054 ], [ -81.960678864645317, 29.689465632339843 ], [ -81.960679898128063, 29.689465624845177 ], [ -81.960679906711633, 29.689466527221395 ] ], [ [ -81.960604462469249, 29.689467074310564 ], [ -81.96060342898646, 29.689467081804644 ], [ -81.960603420403572, 29.6894661794284 ], [ -81.960604453886347, 29.689466171934335 ], [ -81.960604462469249, 29.689467074310564 ] ], [ [ -81.960575524951068, 29.689467284141596 ], [ -81.960574491468279, 29.689467291635435 ], [ -81.960574457137767, 29.689463682130462 ], [ -81.960575490620514, 29.68946367463662 ], [ -81.960575473455265, 29.689461869884134 ], [ -81.960576506938011, 29.689461862390274 ], [ -81.960576532685934, 29.689464569519011 ], [ -81.960575499203159, 29.689464577012867 ], [ -81.960575524951068, 29.689467284141596 ] ], [ [ -81.960573457985475, 29.689467299129273 ], [ -81.960572424502686, 29.689467306623111 ], [ -81.960572415920069, 29.689466404246875 ], [ -81.960573449402858, 29.689466396753044 ], [ -81.960573457985475, 29.689467299129273 ] ], [ [ -81.96057035753708, 29.68946732161076 ], [ -81.960569324054276, 29.689467329104566 ], [ -81.960569315471702, 29.689466426728316 ], [ -81.960570348954491, 29.689466419234517 ], [ -81.96057035753708, 29.68946732161076 ] ], [ [ -81.960567257088684, 29.689467344092154 ], [ -81.960566223605866, 29.689467351585932 ], [ -81.96056621502332, 29.689466449209704 ], [ -81.960567248506123, 29.689466441715915 ], [ -81.960567257088684, 29.689467344092154 ] ], [ [ -81.960608587817461, 29.689466141957958 ], [ -81.960607554334686, 29.68946614945207 ], [ -81.960607545751756, 29.68946524707583 ], [ -81.960608579234531, 29.689465239581725 ], [ -81.960608587817461, 29.689466141957958 ] ], [ [ -81.960589985127427, 29.689466276850638 ], [ -81.960588951644638, 29.689466284344601 ], [ -81.960588934479134, 29.689464479592115 ], [ -81.960591001444669, 29.689464464604185 ], [ -81.960591010027443, 29.689465366980421 ], [ -81.960589976544668, 29.689465374474395 ], [ -81.960589985127427, 29.689466276850638 ] ], [ [ -81.960572415920069, 29.689466404246875 ], [ -81.960571382437266, 29.689466411740703 ], [ -81.960571373854677, 29.689465509364453 ], [ -81.960572407337452, 29.689465501870625 ], [ -81.960572415920069, 29.689466404246875 ] ], [ [ -81.960596177441289, 29.689465329510465 ], [ -81.960594110475753, 29.689465344498473 ], [ -81.960594101892966, 29.689464442122237 ], [ -81.960596168858473, 29.689464427134222 ], [ -81.960596177441289, 29.689465329510465 ] ], [ [ -81.960665412202658, 29.689463925017275 ], [ -81.960664378719926, 29.689463932511828 ], [ -81.960664361553071, 29.689462127759374 ], [ -81.960665395035775, 29.689462120264828 ], [ -81.960665412202658, 29.689463925017275 ] ], [ [ -81.960609604134362, 29.689464329711384 ], [ -81.960608570651601, 29.689464337205496 ], [ -81.960608562068671, 29.689463434829253 ], [ -81.960609595551418, 29.689463427335141 ], [ -81.960609604134362, 29.689464329711384 ] ], [ [ -81.960573432237609, 29.689464592000551 ], [ -81.960572398754863, 29.689464599494382 ], [ -81.960572381589628, 29.689462794741885 ], [ -81.960573415072389, 29.689462787248054 ], [ -81.960573432237609, 29.689464592000551 ] ], [ [ -81.96061785483036, 29.689462465005697 ], [ -81.960612687416685, 29.689462502476506 ], [ -81.960612678833712, 29.689461600100287 ], [ -81.960614745799177, 29.689461585111985 ], [ -81.960614728633203, 29.689459780359513 ], [ -81.960615762115921, 29.689459772865355 ], [ -81.960615770698908, 29.689460675241587 ], [ -81.960616804181626, 29.689460667747419 ], [ -81.960616812764627, 29.689461570123655 ], [ -81.960617846247359, 29.689461562629479 ], [ -81.96061785483036, 29.689462465005697 ] ], [ [ -81.960667453417756, 29.689461202899494 ], [ -81.960666419935052, 29.689461210394054 ], [ -81.96066641135161, 29.689460308017843 ], [ -81.9606674448343, 29.689460300523265 ], [ -81.960667453417756, 29.689461202899494 ] ], [ [ -81.960608544902811, 29.689461630076778 ], [ -81.960606477937347, 29.689461645064977 ], [ -81.960606469354431, 29.689460742688741 ], [ -81.960608536319882, 29.689460727700542 ], [ -81.960608544902811, 29.689461630076778 ] ], [ [ -81.960613703733472, 29.689460690229893 ], [ -81.9606095698026, 29.689460720206423 ], [ -81.960609561219655, 29.689459817830194 ], [ -81.960613695150499, 29.689459787853668 ], [ -81.960613703733472, 29.689460690229893 ] ], [ [ -81.960606469354431, 29.689460742688741 ], [ -81.960604402388995, 29.689460757676915 ], [ -81.960604393806108, 29.689459855300676 ], [ -81.960606460771515, 29.689459840312505 ], [ -81.960606469354431, 29.689460742688741 ] ], [ [ -81.960617829081329, 29.689459757877007 ], [ -81.960616795598625, 29.689459765371186 ], [ -81.960616787015624, 29.689458862994943 ], [ -81.960617820498314, 29.689458855500774 ], [ -81.960617829081329, 29.689459757877007 ] ], [ [ -81.960650891944468, 29.689458615682874 ], [ -81.960649858461778, 29.689458623177313 ], [ -81.960649841295179, 29.689456818424858 ], [ -81.960650874777855, 29.689456810930427 ], [ -81.960650891944468, 29.689458615682874 ] ], [ [ -81.960597150844279, 29.689459005382773 ], [ -81.960596117361575, 29.689459012876785 ], [ -81.960596108778759, 29.689458110500546 ], [ -81.960597142261449, 29.68945810300653 ], [ -81.960597150844279, 29.689459005382773 ] ], [ [ -81.960629180224871, 29.689457870688074 ], [ -81.960628146742181, 29.689457878182338 ], [ -81.96062812957598, 29.68945607342987 ], [ -81.960629163058641, 29.689456065935612 ], [ -81.960629180224871, 29.689457870688074 ] ], [ [ -81.960607459922556, 29.689456223313464 ], [ -81.960606426439881, 29.689456230807565 ], [ -81.96060641785698, 29.689455328431333 ], [ -81.960607451339641, 29.689455320937235 ], [ -81.960607459922556, 29.689456223313464 ] ], [ [ -81.960650857611242, 29.68945500617798 ], [ -81.960649824128595, 29.689455013672408 ], [ -81.960649815545295, 29.689454111296179 ], [ -81.960650849027942, 29.689454103801754 ], [ -81.960650857611242, 29.68945500617798 ] ], [ [ -81.960611576687356, 29.689454388584537 ], [ -81.960609509722033, 29.689454403572785 ], [ -81.960609492556159, 29.689452598820314 ], [ -81.960611559521439, 29.689452583832065 ], [ -81.960611576687356, 29.689454388584537 ] ], [ [ -81.960606400691162, 29.689453523678846 ], [ -81.960604333725868, 29.689453538667014 ], [ -81.960604325142981, 29.689452636290778 ], [ -81.960606392108261, 29.68945262130261 ], [ -81.960606400691162, 29.689453523678846 ] ], [ [ -81.960621894347781, 29.689452508890358 ], [ -81.960620860865149, 29.689452516384573 ], [ -81.960620852282105, 29.689451614008338 ], [ -81.960621885764738, 29.68945160651413 ], [ -81.960621894347781, 29.689452508890358 ] ], [ [ -81.96064668934757, 29.689451426650759 ], [ -81.960645655864965, 29.689451434145163 ], [ -81.960645647281709, 29.689450531768927 ], [ -81.960646680764313, 29.689450524274534 ], [ -81.96064668934757, 29.689451426650759 ] ], [ [ -81.960606374942444, 29.689450816550146 ], [ -81.960605341459811, 29.689450824044229 ], [ -81.960605332876924, 29.689449921667993 ], [ -81.960606366359528, 29.689449914173903 ], [ -81.960606374942444, 29.689450816550146 ] ], [ [ -81.960646672181042, 29.689449621898305 ], [ -81.960645638698438, 29.689449629392698 ], [ -81.960645630115195, 29.689448727016472 ], [ -81.960643563150015, 29.689448742005251 ], [ -81.960643554566786, 29.689447839629018 ], [ -81.96064768849709, 29.689447809651444 ], [ -81.960647697080361, 29.689448712027669 ], [ -81.960646663597771, 29.689448719522073 ], [ -81.960646672181042, 29.689449621898305 ] ] ] } },
{ "type": "Feature", "properties": { "zone_id": 9, "change_class": "Significant Loss", "threshold": "<= -0.15 Delta ExG", "area_sq_m": 1.7 }, "geometry": { "type": "Polygon", "coordinates": [ [ [ -81.96070161843322, 29.689467272207839 ], [ -81.960701601265711, 29.689465467455417 ], [ -81.960702634748444, 29.68946545996058 ], [ -81.960702617580907, 29.689463655208158 ], [ -81.960703651063625, 29.689463647713314 ], [ -81.960703642479842, 29.689462745337103 ], [ -81.960704675962546, 29.689462737842238 ], [ -81.960704667378764, 29.689461835466027 ], [ -81.96070363389606, 29.689461842960878 ], [ -81.960703616728509, 29.689460038208463 ], [ -81.960701549763144, 29.68946005319815 ], [ -81.960701541179375, 29.689459150821932 ], [ -81.960702574662051, 29.689459143327095 ], [ -81.960702566078282, 29.689458240950884 ], [ -81.960701532595607, 29.689458248445725 ], [ -81.960701524011853, 29.68945734606951 ], [ -81.960700490529192, 29.689457353564332 ], [ -81.960700499112946, 29.689458255940551 ], [ -81.960699465630285, 29.689458263435377 ], [ -81.960699439879065, 29.68945555630674 ], [ -81.960698406396418, 29.689455563801552 ], [ -81.960698389228952, 29.689453759049119 ], [ -81.960697355746333, 29.689453766543934 ], [ -81.960697338578896, 29.689451961791509 ], [ -81.960693204648479, 29.689451991770639 ], [ -81.960693196064796, 29.689451089394428 ], [ -81.960692162582205, 29.689451096889176 ], [ -81.960692153998536, 29.689450194512972 ], [ -81.960693187481112, 29.68945018701821 ], [ -81.960693178897429, 29.689449284641992 ], [ -81.960694212380005, 29.689449277147226 ], [ -81.960694186628942, 29.689446570018578 ], [ -81.960695220111489, 29.689446562523806 ], [ -81.960695211527792, 29.689445660147594 ], [ -81.960693144562711, 29.689445675137137 ], [ -81.960693135979028, 29.689444772760918 ], [ -81.960692102496495, 29.689444780255677 ], [ -81.960692068161819, 29.689441170750815 ], [ -81.960691034679328, 29.689441178245563 ], [ -81.960691043262983, 29.689442080621781 ], [ -81.960688976297973, 29.689442095611263 ], [ -81.960688993465268, 29.689443900363692 ], [ -81.960687959982735, 29.689443907858415 ], [ -81.960687968566361, 29.68944481023464 ], [ -81.960690035531442, 29.689444795245176 ], [ -81.960690044115097, 29.689445697621391 ], [ -81.960692111080164, 29.689445682631895 ], [ -81.960692119663847, 29.689446585008106 ], [ -81.960691086181285, 29.689446592502861 ], [ -81.960691094764954, 29.689447494879079 ], [ -81.960692128247516, 29.689447487384331 ], [ -81.960692136831184, 29.689448389760535 ], [ -81.960691103348609, 29.689448397255291 ], [ -81.960691111932277, 29.689449299631509 ], [ -81.960689044967125, 29.689449314620997 ], [ -81.960689070718061, 29.689452021749638 ], [ -81.960688037235442, 29.689452029244368 ], [ -81.960688020068176, 29.689450224491939 ], [ -81.960686986585586, 29.689450231986662 ], [ -81.960687003752838, 29.689452036739095 ], [ -81.960683903305011, 29.689452059223214 ], [ -81.960683894721413, 29.689451156846996 ], [ -81.960684928204017, 29.689451149352305 ], [ -81.960684919620419, 29.689450246976087 ], [ -81.960685953102995, 29.689450239481371 ], [ -81.960685944519383, 29.68944933710516 ], [ -81.960683877554217, 29.689449352094556 ], [ -81.960683886137815, 29.689450254470771 ], [ -81.960682852655225, 29.689450261965462 ], [ -81.960682835488043, 29.689448457213032 ], [ -81.960684902453195, 29.689448442223647 ], [ -81.960684885285986, 29.689446637471217 ], [ -81.960681784838314, 29.689446659955284 ], [ -81.960681793421898, 29.689447562331502 ], [ -81.960680759939322, 29.689447569826168 ], [ -81.960680777106475, 29.689449374578601 ], [ -81.960681810589051, 29.689449367083935 ], [ -81.960681827756218, 29.689451171836378 ], [ -81.960682861238823, 29.689451164341687 ], [ -81.960682869822406, 29.689452066717905 ], [ -81.960679769374579, 29.689452089201932 ], [ -81.960679795125259, 29.689454796330573 ], [ -81.960680828607906, 29.689454788835913 ], [ -81.960680837191475, 29.689455691212132 ], [ -81.960681870674122, 29.689455683717448 ], [ -81.960681887841289, 29.689457488469881 ], [ -81.960682921323965, 29.689457480975189 ], [ -81.960682929907549, 29.689458383351415 ], [ -81.960683963390224, 29.689458375856724 ], [ -81.960683954806612, 29.689457473480505 ], [ -81.960684988289287, 29.689457465985807 ], [ -81.960684979705675, 29.689456563609593 ], [ -81.960682912740367, 29.689456578598985 ], [ -81.960682904156783, 29.689455676222767 ], [ -81.960684971122063, 29.689455661233374 ], [ -81.960684953954839, 29.689453856480945 ], [ -81.960685987437472, 29.68945384898624 ], [ -81.960685978853846, 29.689452946610018 ], [ -81.960688045819083, 29.689452931620579 ], [ -81.960688054402723, 29.689453833996801 ], [ -81.960687020920091, 29.689453841491524 ], [ -81.960687029503731, 29.689454743867735 ], [ -81.960685996021098, 29.689454751362451 ], [ -81.96068600460471, 29.689455653738669 ], [ -81.960688071570004, 29.68945563874923 ], [ -81.960688088737271, 29.689457443501659 ], [ -81.960689122219947, 29.689457436006926 ], [ -81.960689113636292, 29.689456533630718 ], [ -81.960690147118939, 29.68945652613597 ], [ -81.960690155702594, 29.689457428512181 ], [ -81.960693256150591, 29.689457406027913 ], [ -81.960693247566908, 29.689456503651702 ], [ -81.960695314532202, 29.689456488662156 ], [ -81.9606953231159, 29.689457391038353 ], [ -81.960696356598575, 29.689457383543573 ], [ -81.960696365182272, 29.689458285919791 ], [ -81.960698432147609, 29.689458270930185 ], [ -81.960698440731349, 29.689459173306396 ], [ -81.960699474214024, 29.689459165811581 ], [ -81.960699491381504, 29.68946097056401 ], [ -81.960701558346898, 29.689460955574361 ], [ -81.960701566930652, 29.689461857950565 ], [ -81.960700533447948, 29.689461865445395 ], [ -81.960700542031702, 29.689462767821613 ], [ -81.960699508548998, 29.689462775316432 ], [ -81.960699517132738, 29.68946367769265 ], [ -81.960698483650006, 29.689463685187459 ], [ -81.960698492233746, 29.689464587563677 ], [ -81.960699525716478, 29.689464580068854 ], [ -81.960699534300218, 29.689465482445073 ], [ -81.960700567782965, 29.689465474950246 ], [ -81.960700576366719, 29.689466377326458 ], [ -81.960699542883958, 29.689466384821269 ], [ -81.960699551467712, 29.689467287197488 ], [ -81.96070161843322, 29.689467272207839 ] ], [ [ -81.960701592681943, 29.689464565079206 ], [ -81.960700559199211, 29.689464572574035 ], [ -81.960700550615456, 29.689463670197817 ], [ -81.960701584098189, 29.689463662702995 ], [ -81.960701592681943, 29.689464565079206 ] ], [ [ -81.960702608997138, 29.68946275283194 ], [ -81.960701575514406, 29.689462760326784 ], [ -81.960701566930652, 29.689461857950565 ], [ -81.96070260041337, 29.689461850455722 ], [ -81.960702608997138, 29.68946275283194 ] ], [ [ -81.960690138535284, 29.689455623759759 ], [ -81.960688071570004, 29.68945563874923 ], [ -81.960688062986364, 29.689454736373019 ], [ -81.960689096468982, 29.689454728878285 ], [ -81.960689087885342, 29.689453826502067 ], [ -81.960690121367975, 29.689453819007326 ], [ -81.960690138535284, 29.689455623759759 ] ], [ [ -81.960683920472206, 29.689453863975636 ], [ -81.960682886989588, 29.689453871470334 ], [ -81.960682878406004, 29.689452969094116 ], [ -81.960683911888623, 29.689452961599425 ], [ -81.960683920472206, 29.689453863975636 ] ] ] } },
{ "type": "Feature", "properties": { "zone_id": 10, "change_class": "Significant Loss", "threshold": "<= -0.15 Delta ExG", "area_sq_m": 0.85 }, "geometry": { "type": "Polygon", "coordinates": [ [ [ -81.960620826533003, 29.689448906879633 ], [ -81.960620817949959, 29.689448004503401 ], [ -81.960621851432563, 29.6894479970092 ], [ -81.96062184284952, 29.689447094632971 ], [ -81.960622876332096, 29.689447087138756 ], [ -81.960622884915139, 29.689447989514981 ], [ -81.960625985362896, 29.689447967032294 ], [ -81.960625976779809, 29.689447064656058 ], [ -81.960628043744975, 29.689447049667567 ], [ -81.960628035161861, 29.689446147291331 ], [ -81.960629068644437, 29.689446139797067 ], [ -81.960629077227537, 29.689447042173303 ], [ -81.960630110710113, 29.689447034679031 ], [ -81.960630102126999, 29.689446132302802 ], [ -81.96063113560956, 29.689446124808523 ], [ -81.960631144192689, 29.689447027184755 ], [ -81.960632177675265, 29.689447019690469 ], [ -81.960632143342721, 29.689443410185543 ], [ -81.960633176825255, 29.689443402691246 ], [ -81.960633211157841, 29.689447012196172 ], [ -81.960634244640403, 29.689447004701876 ], [ -81.960634193141487, 29.689441590444478 ], [ -81.960631092693944, 29.689441612927354 ], [ -81.960631084110815, 29.689440710551128 ], [ -81.960630050628296, 29.689440718045407 ], [ -81.960630076377655, 29.689443425174098 ], [ -81.960629042895107, 29.689443432668369 ], [ -81.960629025728906, 29.689441627915908 ], [ -81.960626958763854, 29.689441642904416 ], [ -81.960626967346954, 29.689442545280649 ], [ -81.960624900381887, 29.689442560269125 ], [ -81.960624891798815, 29.689441657892889 ], [ -81.960625925281335, 29.689441650398656 ], [ -81.960625916698262, 29.68944074802242 ], [ -81.960622816250734, 29.689440770505101 ], [ -81.960622824833777, 29.689441672881337 ], [ -81.960621791351258, 29.689441680375545 ], [ -81.960621808517345, 29.689443485128024 ], [ -81.960620775034798, 29.689443492622232 ], [ -81.960620757868739, 29.689441687869756 ], [ -81.960619724386206, 29.689441695363946 ], [ -81.96061975013528, 29.689444402492658 ], [ -81.960618716652732, 29.689444409986837 ], [ -81.960618699486716, 29.689442605234373 ], [ -81.960617666004168, 29.689442612728552 ], [ -81.960617691753185, 29.689445319857263 ], [ -81.960616658270638, 29.689445327351439 ], [ -81.960616666853625, 29.689446229727675 ], [ -81.960618733818762, 29.689446214739316 ], [ -81.960618750984807, 29.689448019491792 ], [ -81.960619784467383, 29.689448011997602 ], [ -81.960619793050398, 29.689448914373834 ], [ -81.960620826533003, 29.689448906879633 ] ], [ [ -81.960624943297248, 29.689447072150298 ], [ -81.960622876332096, 29.689447087138756 ], [ -81.960622867749038, 29.68944618476252 ], [ -81.9606239012316, 29.689446177268294 ], [ -81.960623892648542, 29.689445274892059 ], [ -81.960624926131104, 29.689445267397829 ], [ -81.960624943297248, 29.689447072150298 ] ], [ [ -81.96062080936693, 29.689447102127165 ], [ -81.960619775884368, 29.689447109621366 ], [ -81.960619767301338, 29.689446207245137 ], [ -81.9606208007839, 29.689446199750929 ], [ -81.96062080936693, 29.689447102127165 ] ], [ [ -81.960628035161861, 29.689446147291331 ], [ -81.960625968196737, 29.689446162279822 ], [ -81.960625959613651, 29.689445259903597 ], [ -81.960628026578775, 29.689445244915092 ], [ -81.960628035161861, 29.689446147291331 ] ] ] } },
{ "type": "Feature", "properties": { "zone_id": 11, "change_class": "Significant Loss", "threshold": "<= -0.15 Delta ExG", "area_sq_m": 16.72 }, "geometry": { "type": "Polygon", "coordinates": [ [ [ -81.96058374131718, 29.689461809933068 ], [ -81.960583724151761, 29.689460005180582 ], [ -81.960584757634479, 29.689459997686662 ], [ -81.960584749051762, 29.689459095310418 ], [ -81.96058578253448, 29.689459087816491 ], [ -81.960585773951749, 29.689458185440248 ], [ -81.960586807434453, 29.689458177946321 ], [ -81.960586790268991, 29.689456373193835 ], [ -81.960587823751681, 29.689456365699893 ], [ -81.960587815168921, 29.689455463323657 ], [ -81.960588848651611, 29.689455455829712 ], [ -81.960588840068851, 29.689454553453455 ], [ -81.960589873551513, 29.689454545959496 ], [ -81.960589864968739, 29.689453643583253 ], [ -81.9605908984514, 29.689453636089286 ], [ -81.960590915616947, 29.68945544084178 ], [ -81.960591949099609, 29.689455433347806 ], [ -81.960591931934061, 29.689453628595317 ], [ -81.960592965416723, 29.689453621101343 ], [ -81.960592948251133, 29.689451816348864 ], [ -81.960595015216398, 29.689451801360882 ], [ -81.960594998050794, 29.689449996608388 ], [ -81.960597065016017, 29.689449981620367 ], [ -81.960597047850371, 29.689448176867902 ], [ -81.9605939474026, 29.689448199349911 ], [ -81.960593955985388, 29.689449101726151 ], [ -81.960592922502784, 29.689449109220135 ], [ -81.960592905337208, 29.689447304467656 ], [ -81.960591871854618, 29.68944731196164 ], [ -81.960591854689071, 29.689445507209147 ], [ -81.960593921654208, 29.689445492221189 ], [ -81.960593913071406, 29.689444589844943 ], [ -81.960594946553968, 29.689444582350937 ], [ -81.960594972302388, 29.689447289479677 ], [ -81.960596005784964, 29.689447281985675 ], [ -81.960595997202148, 29.689446379609432 ], [ -81.960597030684724, 29.689446372115416 ], [ -81.960597022101908, 29.68944546973918 ], [ -81.960598055584484, 29.689445462245157 ], [ -81.960598064167314, 29.6894463646214 ], [ -81.96059909764989, 29.689446357127377 ], [ -81.960599089067045, 29.689445454751134 ], [ -81.960600122549621, 29.689445447257103 ], [ -81.960600113966763, 29.689444544880846 ], [ -81.960602180931872, 29.68944452989275 ], [ -81.96060216376614, 29.689442725140278 ], [ -81.960603197248687, 29.689442717646223 ], [ -81.960603205831561, 29.689443620022459 ], [ -81.960604239314108, 29.689443612528397 ], [ -81.960604222148334, 29.689441807775918 ], [ -81.960605255630867, 29.689441800281838 ], [ -81.960605264213754, 29.689442702658081 ], [ -81.960606297696302, 29.689442695163994 ], [ -81.960606306279189, 29.689443597540233 ], [ -81.960607339761751, 29.689443590046146 ], [ -81.960607348344652, 29.689444492422368 ], [ -81.96060631486209, 29.689444499916469 ], [ -81.960606323445006, 29.689445402292719 ], [ -81.960608390410144, 29.689445387304527 ], [ -81.96060839899306, 29.689446289680763 ], [ -81.960610465958212, 29.689446274692532 ], [ -81.960610457375267, 29.689445372316296 ], [ -81.960609423892691, 29.689445379810415 ], [ -81.960609415309762, 29.689444477434176 ], [ -81.960613549239966, 29.68944444745766 ], [ -81.960613557822938, 29.689445349833907 ], [ -81.960614591305514, 29.689445342339759 ], [ -81.960614574139541, 29.689443537587277 ], [ -81.96061250717446, 29.689443552575565 ], [ -81.960612498591502, 29.689442650199329 ], [ -81.960615599039102, 29.689442627716886 ], [ -81.960615624788062, 29.689445334845601 ], [ -81.960616658270638, 29.689445327351439 ], [ -81.960616615355647, 29.689440815470249 ], [ -81.960617648838166, 29.68944080797608 ], [ -81.960617614506148, 29.68943719847114 ], [ -81.960618647988639, 29.689437190976957 ], [ -81.960618665154655, 29.689438995729432 ], [ -81.960619698637146, 29.689438988235249 ], [ -81.960619690054131, 29.689438085859006 ], [ -81.960620723536607, 29.689438078364816 ], [ -81.96062068920449, 29.689434468859876 ], [ -81.960614488309801, 29.68943451382491 ], [ -81.960614479726829, 29.689433611448681 ], [ -81.960622747586342, 29.689433551495231 ], [ -81.960622739003298, 29.689432649118995 ], [ -81.960619638555997, 29.689432671601597 ], [ -81.960619629972982, 29.689431769225362 ], [ -81.960620663455416, 29.689431761731168 ], [ -81.960620654872386, 29.689430859354925 ], [ -81.960621688354792, 29.689430851860731 ], [ -81.960621671188719, 29.689429047108256 ], [ -81.960620637706327, 29.689429054602456 ], [ -81.960620620540283, 29.689427249849977 ], [ -81.96062165402266, 29.689427242355784 ], [ -81.960621662605689, 29.689428144732027 ], [ -81.960623729570457, 29.689428129743604 ], [ -81.960623712404342, 29.689426324991125 ], [ -81.960624745886705, 29.689426317496892 ], [ -81.960624754469777, 29.689427219873135 ], [ -81.960625787952139, 29.689427212378902 ], [ -81.960625796535211, 29.689428114755138 ], [ -81.960626830017603, 29.689428107260898 ], [ -81.96062681285143, 29.689426302508426 ], [ -81.960628879816156, 29.689426287519915 ], [ -81.960628896982357, 29.689428092272397 ], [ -81.960629930464748, 29.689428084778136 ], [ -81.960629921881619, 29.6894271824019 ], [ -81.960630955363996, 29.689427174907625 ], [ -81.960630981113354, 29.689429882036332 ], [ -81.960634081560542, 29.689429859553474 ], [ -81.960634072977399, 29.689428957177231 ], [ -81.96063510645979, 29.689428949682938 ], [ -81.960635089293476, 29.689427144930455 ], [ -81.960636122775853, 29.689427137436148 ], [ -81.960636097026352, 29.689424430307451 ], [ -81.960635063544018, 29.689424437801755 ], [ -81.960635054960861, 29.689423535425529 ], [ -81.960630921031523, 29.689423565402684 ], [ -81.960630912448423, 29.689422663026452 ], [ -81.960627812001434, 29.689422685509236 ], [ -81.960627803418362, 29.689421783133003 ], [ -81.960625736453721, 29.689421798121483 ], [ -81.960625727870649, 29.689420895745251 ], [ -81.960622627423732, 29.689420918227913 ], [ -81.960622618840688, 29.689420015851681 ], [ -81.960619518393784, 29.689420038334273 ], [ -81.960619509810769, 29.689419135958037 ], [ -81.960620543293061, 29.68941912846384 ], [ -81.960620526127016, 29.689417323711361 ], [ -81.960619492644753, 29.689417331205551 ], [ -81.960619501227754, 29.689418233581794 ], [ -81.960618467745462, 29.68941824107597 ], [ -81.960618476328477, 29.689419143452216 ], [ -81.960616409363894, 29.68941915844055 ], [ -81.960616400780907, 29.689418256064307 ], [ -81.960613300334046, 29.68941827854675 ], [ -81.960613291751102, 29.689417376170507 ], [ -81.960618459162475, 29.68941733869973 ], [ -81.96061845057946, 29.689416436323501 ], [ -81.96061224968588, 29.689416481288401 ], [ -81.960612241102936, 29.689415578912165 ], [ -81.960611207620673, 29.689415586406291 ], [ -81.960611216203617, 29.689416488782527 ], [ -81.960610182721339, 29.689416496276639 ], [ -81.960610174138409, 29.689415593900403 ], [ -81.96060914065616, 29.689415601394508 ], [ -81.960609132073245, 29.689414699018272 ], [ -81.960608098590995, 29.689414706512363 ], [ -81.960608090008066, 29.68941380413612 ], [ -81.960607056525831, 29.689413811630214 ], [ -81.960607047942929, 29.689412909253964 ], [ -81.960606014460708, 29.689412916748051 ], [ -81.96060599729492, 29.689411111995572 ], [ -81.96060186336608, 29.689411141971817 ], [ -81.96060187194891, 29.689412044348064 ], [ -81.960600838466689, 29.689412051842101 ], [ -81.960600804135325, 29.689408442337111 ], [ -81.960599770653133, 29.689408449831138 ], [ -81.960599762070302, 29.689407547454902 ], [ -81.960598728588124, 29.689407554948932 ], [ -81.960598737170955, 29.689408457325168 ], [ -81.96059667020657, 29.689408472313197 ], [ -81.960596678789372, 29.68940937468944 ], [ -81.960597712271564, 29.689409367195434 ], [ -81.960597738020013, 29.689412074324181 ], [ -81.960595671055572, 29.689412089312189 ], [ -81.960595688221161, 29.689413894064671 ], [ -81.960596721703411, 29.689413886570673 ], [ -81.960596713120594, 29.68941298419443 ], [ -81.960598780085064, 29.689412969206398 ], [ -81.960598797250725, 29.689414773958887 ], [ -81.960599830732974, 29.689414766464861 ], [ -81.960599847898649, 29.68941657121735 ], [ -81.960598814416372, 29.689416578711374 ], [ -81.960598805833556, 29.68941567633513 ], [ -81.960597772351292, 29.689415683829154 ], [ -81.960597780934108, 29.689416586205397 ], [ -81.960593647005012, 29.689416616181393 ], [ -81.9605936555878, 29.689417518557629 ], [ -81.960592622105509, 29.68941752605161 ], [ -81.960592647853829, 29.689420233180346 ], [ -81.960591614371509, 29.689420240674323 ], [ -81.96059159720599, 29.68941843592183 ], [ -81.960590563723699, 29.689418443415782 ], [ -81.960590589471963, 29.689421150544533 ], [ -81.960589555989642, 29.689421158038492 ], [ -81.960589564572388, 29.689422060414721 ], [ -81.960588531090053, 29.689422067908673 ], [ -81.960588539672784, 29.689422970284916 ], [ -81.960585439225767, 29.689422992766719 ], [ -81.960585464973903, 29.689425699895455 ], [ -81.96058443149154, 29.689425707389368 ], [ -81.960584422908838, 29.689424805013125 ], [ -81.960583389426475, 29.689424812507042 ], [ -81.960583380843786, 29.689423910130785 ], [ -81.960582347361438, 29.689423917624687 ], [ -81.96058233877875, 29.689423015248437 ], [ -81.960579238331718, 29.689423037730087 ], [ -81.960579246914378, 29.689423940106344 ], [ -81.960578213432015, 29.689423947600208 ], [ -81.960578222014661, 29.689424849976454 ], [ -81.960577188532298, 29.689424857470314 ], [ -81.96057719711493, 29.689425759846568 ], [ -81.960576163632567, 29.689425767340413 ], [ -81.960576172215198, 29.689426669716664 ], [ -81.960577205697575, 29.689426662222811 ], [ -81.960577222862852, 29.689428466975304 ], [ -81.960575155898056, 29.689428481963006 ], [ -81.960575138732821, 29.689426677210502 ], [ -81.96057410525043, 29.68942668470434 ], [ -81.960574096667813, 29.689425782328097 ], [ -81.96057306318545, 29.689425789821922 ], [ -81.960573054602847, 29.689424887445675 ], [ -81.960572021120484, 29.689424894939489 ], [ -81.960572046868265, 29.689427602068243 ], [ -81.960571013385859, 29.689427609562049 ], [ -81.960571004803285, 29.689426707185799 ], [ -81.960569971320894, 29.689426714679605 ], [ -81.960569979903468, 29.689427617055863 ], [ -81.960568946421077, 29.689427624549655 ], [ -81.960568937838516, 29.689426722173398 ], [ -81.960567904356125, 29.689426729667186 ], [ -81.960567895773579, 29.689425827290936 ], [ -81.960565828808825, 29.689425842278492 ], [ -81.960565820226293, 29.689424939902239 ], [ -81.960564786743916, 29.689424947395999 ], [ -81.960564769578866, 29.689423142643495 ], [ -81.960563736096503, 29.689423150137252 ], [ -81.960563744679035, 29.689424052513498 ], [ -81.960562711196673, 29.689424060007248 ], [ -81.960562702614169, 29.689423157630994 ], [ -81.96056166913182, 29.689423165124737 ], [ -81.960561660549317, 29.689422262748479 ], [ -81.960559593584634, 29.689422277735929 ], [ -81.960559567837194, 29.689419570607175 ], [ -81.960557500872568, 29.689419585594596 ], [ -81.960557509455029, 29.689420487970839 ], [ -81.960555442490374, 29.689420502958232 ], [ -81.960555451072821, 29.689421405334485 ], [ -81.960554417590487, 29.689421412828171 ], [ -81.960554434755352, 29.689423217580678 ], [ -81.960555468237715, 29.689423210086993 ], [ -81.960555476820161, 29.689424112463254 ], [ -81.960557543784873, 29.689424097475865 ], [ -81.960557552367334, 29.689424999852118 ], [ -81.960556518884971, 29.689425007345825 ], [ -81.960556544632325, 29.689427714474572 ], [ -81.960554477667529, 29.689427729461951 ], [ -81.960554486249961, 29.689428631838211 ], [ -81.960555519732367, 29.689428624344533 ], [ -81.960555528314814, 29.689429526720783 ], [ -81.960556561797233, 29.68942951922709 ], [ -81.960556553214786, 29.68942861685084 ], [ -81.960560687144408, 29.689428586875987 ], [ -81.960560704309387, 29.689430391628502 ], [ -81.960558637344533, 29.689430406615937 ], [ -81.960558628762058, 29.689429504239687 ], [ -81.960557595279639, 29.689429511733383 ], [ -81.960557603862114, 29.689430414109641 ], [ -81.96055657037968, 29.689430421603351 ], [ -81.960556578962141, 29.689431323979594 ], [ -81.96056174637431, 29.689431286511006 ], [ -81.960561737791821, 29.689430384134763 ], [ -81.960562771274226, 29.68943037664102 ], [ -81.960562762691723, 29.689429474264763 ], [ -81.960565863138967, 29.689429451783496 ], [ -81.960565871721499, 29.689430354159754 ], [ -81.96056380475666, 29.689430369147271 ], [ -81.960563813339178, 29.689431271523521 ], [ -81.960564846821612, 29.689431264029764 ], [ -81.96056485540413, 29.689432166406014 ], [ -81.960567955851459, 29.689432143924694 ], [ -81.960567947268913, 29.689431241548448 ], [ -81.960571047716186, 29.689431219067053 ], [ -81.960571064881364, 29.689433023819557 ], [ -81.96057313184626, 29.689433008831926 ], [ -81.960573140428863, 29.68943391120817 ], [ -81.960571073463953, 29.689433926195807 ], [ -81.960571090629131, 29.689435730948301 ], [ -81.960569023664164, 29.689435745935906 ], [ -81.960569032246738, 29.689436648312157 ], [ -81.96057109921172, 29.689436633324547 ], [ -81.960571107794294, 29.689437535700804 ], [ -81.960572141276785, 29.689437528206984 ], [ -81.960572149859388, 29.689438430583234 ], [ -81.960573183341879, 29.689438423089413 ], [ -81.960573191924496, 29.689439325465656 ], [ -81.960572158441977, 29.689439332959484 ], [ -81.960572175607183, 29.68944113771197 ], [ -81.960574242572235, 29.689441122724311 ], [ -81.960574251154853, 29.689442025100561 ], [ -81.960575284637386, 29.689442017606716 ], [ -81.960575276054769, 29.689441115230473 ], [ -81.960576309537302, 29.689441107736627 ], [ -81.960576300954656, 29.689440205360381 ], [ -81.96057733443719, 29.689440197866514 ], [ -81.960577343019821, 29.689441100242778 ], [ -81.960578376502355, 29.689441092748908 ], [ -81.96057839366766, 29.689442897501401 ], [ -81.960577360185113, 29.689442904995264 ], [ -81.960577377350404, 29.689444709747757 ], [ -81.960578410832966, 29.689444702253887 ], [ -81.960578419415626, 29.689445604630141 ], [ -81.960581519863354, 29.689445582148494 ], [ -81.960581528446028, 29.689446484524741 ], [ -81.960582561928604, 29.689446477030845 ], [ -81.960582570511306, 29.689447379407095 ], [ -81.960583603993911, 29.689447371913186 ], [ -81.960583595411208, 29.689446469536936 ], [ -81.96058566237636, 29.689446454549103 ], [ -81.960585653793643, 29.68944555217286 ], [ -81.960587720758781, 29.689445537184984 ], [ -81.960587729341526, 29.689446439561227 ], [ -81.960588762824102, 29.689446432067282 ], [ -81.960588771406847, 29.689447334443525 ], [ -81.960590838372028, 29.689447319455606 ], [ -81.960590855537561, 29.689449124208085 ], [ -81.960588788572352, 29.689449139196004 ], [ -81.960588797155097, 29.689450041572254 ], [ -81.960587763672478, 29.689450049066199 ], [ -81.960587772255224, 29.689450951442435 ], [ -81.960586738772591, 29.689450958936391 ], [ -81.960586721607129, 29.68944915418389 ], [ -81.960583621159302, 29.689449176665672 ], [ -81.960583612576599, 29.689448274289436 ], [ -81.96058154561139, 29.689448289277227 ], [ -81.960581537028716, 29.689447386900984 ], [ -81.960578436580931, 29.689447409382634 ], [ -81.960578445163605, 29.689448311758884 ], [ -81.960576378198382, 29.689448326746611 ], [ -81.960576369615751, 29.689447424370361 ], [ -81.960573269167966, 29.689447446851883 ], [ -81.960573286333187, 29.689449251604369 ], [ -81.960572252850568, 29.6894492590982 ], [ -81.96057228718098, 29.689452868603194 ], [ -81.960570220215686, 29.689452883590825 ], [ -81.96057023738085, 29.689454688343318 ], [ -81.960572304346186, 29.68945467335568 ], [ -81.96057231292879, 29.689455575731927 ], [ -81.960575413376816, 29.689455553250419 ], [ -81.960575404794199, 29.689454650874175 ], [ -81.960577471759535, 29.689454635886456 ], [ -81.960577497507487, 29.689457343015196 ], [ -81.960578530990176, 29.689457335521325 ], [ -81.960578539572836, 29.689458237897568 ], [ -81.96057957305554, 29.689458230403687 ], [ -81.960579581638214, 29.689459132779934 ], [ -81.960581648603636, 29.689459117792158 ], [ -81.960581665769013, 29.689460922544637 ], [ -81.960582699251745, 29.689460915050734 ], [ -81.960582707834448, 29.689461817426984 ], [ -81.96058374131718, 29.689461809933068 ] ], [ [ -81.960581622855571, 29.689456410663421 ], [ -81.960580589372881, 29.689456418157317 ], [ -81.960580563624859, 29.68945371102858 ], [ -81.960579530142198, 29.689453718522458 ], [ -81.960579521559524, 29.689452816146229 ], [ -81.960581588524818, 29.689452801158456 ], [ -81.960581579942129, 29.689451898782206 ], [ -81.960582613424776, 29.689451891288311 ], [ -81.960582630590167, 29.68945369604079 ], [ -81.960583664072828, 29.68945368854688 ], [ -81.960583672655531, 29.68945459092313 ], [ -81.960582639172856, 29.689454598417026 ], [ -81.960582647755558, 29.689455500793276 ], [ -81.960581614272883, 29.689455508287178 ], [ -81.960581622855571, 29.689456410663421 ] ], [ [ -81.960574362728906, 29.689453755991764 ], [ -81.960572295763583, 29.689453770979437 ], [ -81.96057228718098, 29.689452868603194 ], [ -81.960574354146289, 29.689452853615528 ], [ -81.960574362728906, 29.689453755991764 ] ], [ [ -81.960578479494231, 29.68945192126386 ], [ -81.960577446011584, 29.689451928757727 ], [ -81.960577437428938, 29.689451026381484 ], [ -81.960576403946305, 29.689451033875333 ], [ -81.96057639536366, 29.689450131499097 ], [ -81.960575361881041, 29.689450138992942 ], [ -81.960575353298424, 29.689449236616699 ], [ -81.960578453746251, 29.68944921413512 ], [ -81.960578479494231, 29.68945192126386 ] ], [ [ -81.960582604842074, 29.689450988912061 ], [ -81.960581571359455, 29.689450996405963 ], [ -81.960581562776767, 29.689450094029713 ], [ -81.960582596259385, 29.689450086535818 ], [ -81.960582604842074, 29.689450988912061 ] ], [ [ -81.960590821206495, 29.689445514703124 ], [ -81.960589787723919, 29.689445522197079 ], [ -81.960589761975655, 29.68944281506835 ], [ -81.960591828940736, 29.689442800080418 ], [ -81.960591846106297, 29.689444604832897 ], [ -81.960590812623721, 29.68944461232687 ], [ -81.960590821206495, 29.689445514703124 ] ], [ [ -81.960609415309762, 29.689444477434176 ], [ -81.960608381827214, 29.689444484928277 ], [ -81.960608373244284, 29.689443582552045 ], [ -81.960609406726832, 29.68944357505794 ], [ -81.960609415309762, 29.689444477434176 ] ], [ [ -81.960600113966763, 29.689444544880846 ], [ -81.960599080484215, 29.689444552374884 ], [ -81.96059907190137, 29.689443649998655 ], [ -81.960600105383904, 29.68944364250461 ], [ -81.960600113966763, 29.689444544880846 ] ], [ [ -81.960580477798089, 29.689444687266132 ], [ -81.960579444315542, 29.689444694760017 ], [ -81.960579435732882, 29.689443792383774 ], [ -81.960580469215429, 29.689443784889896 ], [ -81.960580477798089, 29.689444687266132 ] ], [ [ -81.960593904488618, 29.6894436874687 ], [ -81.960592871006071, 29.689443694962687 ], [ -81.960592862423283, 29.689442792586444 ], [ -81.960593895905831, 29.689442785092456 ], [ -81.960593904488618, 29.6894436874687 ] ], [ [ -81.960601095952185, 29.689439123129372 ], [ -81.96060006246968, 29.689439130623416 ], [ -81.960600053886836, 29.689438228247166 ], [ -81.960601087369326, 29.689438220753129 ], [ -81.960601095952185, 29.689439123129372 ] ], [ [ -81.96057525888952, 29.689439310477979 ], [ -81.960574225407001, 29.689439317971825 ], [ -81.960574216824384, 29.689438415595582 ], [ -81.960575250306889, 29.689438408101736 ], [ -81.96057525888952, 29.689439310477979 ] ], [ [ -81.960613489159201, 29.689438130824009 ], [ -81.960610388711743, 29.689438153306401 ], [ -81.960610380128799, 29.689437250930158 ], [ -81.960611413611275, 29.689437243436036 ], [ -81.960611405028331, 29.689436341059796 ], [ -81.960613471993284, 29.689436326071537 ], [ -81.960613489159201, 29.689438130824009 ] ], [ [ -81.960586618614386, 29.689438325668974 ], [ -81.960585585131895, 29.689438333162901 ], [ -81.960585576549192, 29.689437430786651 ], [ -81.960586610031669, 29.689437423292723 ], [ -81.960586618614386, 29.689438325668974 ] ], [ [ -81.960589710479127, 29.689437400810892 ], [ -81.96058867699665, 29.689437408304851 ], [ -81.960588668413891, 29.689436505928601 ], [ -81.960589701896382, 29.689436498434642 ], [ -81.960589710479127, 29.689437400810892 ] ], [ [ -81.960617605923147, 29.689436296094904 ], [ -81.960616572440685, 29.689436303589066 ], [ -81.960616563857684, 29.68943540121283 ], [ -81.960617597340146, 29.689435393718661 ], [ -81.960617605923147, 29.689436296094904 ] ], [ [ -81.960615538958209, 29.689436311083224 ], [ -81.960614505475746, 29.689436318577386 ], [ -81.960614496892774, 29.68943541620115 ], [ -81.960615530375236, 29.689435408706991 ], [ -81.960615538958209, 29.689436311083224 ] ], [ [ -81.960600002389768, 29.689432813989718 ], [ -81.96059896890732, 29.689432821483749 ], [ -81.960598960324489, 29.689431919107513 ], [ -81.960599993806923, 29.689431911613479 ], [ -81.960600002389768, 29.689432813989718 ] ], [ [ -81.960603085671337, 29.689430986755095 ], [ -81.960602052188918, 29.689430994249143 ], [ -81.960602043606059, 29.689430091872914 ], [ -81.960603077088464, 29.689430084378859 ], [ -81.960603085671337, 29.689430986755095 ] ], [ [ -81.96061857932456, 29.689429971967069 ], [ -81.960617545842155, 29.689429979461245 ], [ -81.960617537259139, 29.689429077085009 ], [ -81.960618570741545, 29.689429069590826 ], [ -81.96061857932456, 29.689429971967069 ] ], [ [ -81.960591700199174, 29.689429264436772 ], [ -81.960590666716769, 29.689429271930738 ], [ -81.96059064955125, 29.689427467178238 ], [ -81.960592716516018, 29.689427452190301 ], [ -81.960592725098806, 29.689428354566559 ], [ -81.960591691616415, 29.689428362060529 ], [ -81.960591700199174, 29.689429264436772 ] ], [ [ -81.960619595640921, 29.689428159720407 ], [ -81.96061856215853, 29.689428167214597 ], [ -81.960618553575515, 29.689427264838347 ], [ -81.960619587057906, 29.68942725734416 ], [ -81.960619595640921, 29.689428159720407 ] ], [ [ -81.960620620540283, 29.689427249849977 ], [ -81.960619587057906, 29.68942725734416 ], [ -81.960619578474876, 29.689426354967924 ], [ -81.960620611957239, 29.689426347473741 ], [ -81.960620620540283, 29.689427249849977 ] ], [ [ -81.960623712404342, 29.689426324991125 ], [ -81.960621645439602, 29.689426339979548 ], [ -81.960621636856573, 29.689425437603308 ], [ -81.960622670338935, 29.689425430109107 ], [ -81.960622661755892, 29.689424527732857 ], [ -81.96062369523824, 29.689424520238646 ], [ -81.960623712404342, 29.689426324991125 ] ], [ [ -81.960614411063062, 29.689426392438762 ], [ -81.960613377580685, 29.689426399932906 ], [ -81.960613368997727, 29.689425497556662 ], [ -81.96061440248009, 29.689425490062526 ], [ -81.960614411063062, 29.689426392438762 ] ], [ [ -81.960594774897999, 29.689426534826094 ], [ -81.960593741415622, 29.689426542320074 ], [ -81.960593732832848, 29.689425639943838 ], [ -81.960594766315211, 29.689425632449847 ], [ -81.960594774897999, 29.689426534826094 ] ], [ [ -81.96058030614472, 29.689426639741203 ], [ -81.960579272662343, 29.689426647235077 ], [ -81.960579264079684, 29.689425744858841 ], [ -81.960578230597307, 29.689425752352705 ], [ -81.960578222014661, 29.689424849976454 ], [ -81.960580288979386, 29.68942483498871 ], [ -81.96058030614472, 29.689426639741203 ] ], [ [ -81.960629904715404, 29.689425377649435 ], [ -81.960628871233055, 29.6894253851437 ], [ -81.960628854066854, 29.689423580391217 ], [ -81.960629887549203, 29.689423572896953 ], [ -81.960629904715404, 29.689425377649435 ] ], [ [ -81.960621636856573, 29.689425437603308 ], [ -81.960620603374224, 29.689425445097505 ], [ -81.960620594791209, 29.689424542721266 ], [ -81.960621628273543, 29.689424535227072 ], [ -81.960621636856573, 29.689425437603308 ] ], [ [ -81.960619569891875, 29.689425452591699 ], [ -81.960618536409513, 29.689425460085875 ], [ -81.960618527826497, 29.689424557709639 ], [ -81.96061956130886, 29.689424550215463 ], [ -81.960619569891875, 29.689425452591699 ] ], [ [ -81.96061750292715, 29.689425467580051 ], [ -81.960616469444801, 29.689425475074213 ], [ -81.960616460861814, 29.689424572697988 ], [ -81.960617494344163, 29.689424565203812 ], [ -81.96061750292715, 29.689425467580051 ] ], [ [ -81.9605823645268, 29.68942572237718 ], [ -81.960581331044423, 29.689425729871083 ], [ -81.960581322461749, 29.689424827494825 ], [ -81.960582355944112, 29.689424820000944 ], [ -81.9605823645268, 29.68942572237718 ] ], [ [ -81.96055856868476, 29.689423187605904 ], [ -81.960557535202412, 29.689423195099607 ], [ -81.960557509455029, 29.689420487970839 ], [ -81.960558542937363, 29.689420480477146 ], [ -81.96055856868476, 29.689423187605904 ] ], [ [ -81.960622636006761, 29.689421820604156 ], [ -81.960621602524455, 29.689421828098364 ], [ -81.960621593941411, 29.689420925722125 ], [ -81.960622627423732, 29.689420918227913 ], [ -81.960622636006761, 29.689421820604156 ] ], [ [ -81.960600932877995, 29.689421977980775 ], [ -81.96059783243102, 29.689422000462855 ], [ -81.960597823848204, 29.689421098086612 ], [ -81.96060092429515, 29.689421075604532 ], [ -81.960600932877995, 29.689421977980775 ] ], [ [ -81.960597823848204, 29.689421098086612 ], [ -81.960596790365884, 29.689421105580628 ], [ -81.960596781783067, 29.689420203204381 ], [ -81.960597815265388, 29.689420195710376 ], [ -81.960597823848204, 29.689421098086612 ] ], [ [ -81.960606083123849, 29.689420135757995 ], [ -81.960605049641529, 29.689420143252068 ], [ -81.960605015309994, 29.689416533747096 ], [ -81.960606048792272, 29.689416526253023 ], [ -81.960606057375159, 29.689417428629259 ], [ -81.960609157821992, 29.689417406146987 ], [ -81.960609166404907, 29.68941830852323 ], [ -81.960606065958061, 29.689418331005502 ], [ -81.960606083123849, 29.689420135757995 ] ], [ [ -81.960601940611753, 29.689419263358005 ], [ -81.960598840164863, 29.68941928584011 ], [ -81.960598822999202, 29.689417481087617 ], [ -81.960599856481494, 29.689417473593593 ], [ -81.960599847898649, 29.68941657121735 ], [ -81.960600881380927, 29.689416563723317 ], [ -81.960600898546616, 29.689418368475796 ], [ -81.960601932028908, 29.689418360981755 ], [ -81.960601940611753, 29.689419263358005 ] ], [ [ -81.960595739717959, 29.68941930832214 ], [ -81.960594706235668, 29.689419315816131 ], [ -81.960594689070078, 29.689417511063645 ], [ -81.960595722552355, 29.689417503569654 ], [ -81.960595739717959, 29.68941930832214 ] ], [ [ -81.960609149239076, 29.689416503770751 ], [ -81.960608115756798, 29.689416511264845 ], [ -81.960608107173897, 29.689415608888613 ], [ -81.96060914065616, 29.689415601394508 ], [ -81.960609149239076, 29.689416503770751 ] ], [ [ -81.960603981827731, 29.689416541241158 ], [ -81.96060191486319, 29.689416556229276 ], [ -81.960601906280331, 29.689415653853032 ], [ -81.960603973244858, 29.689415638864922 ], [ -81.960603981827731, 29.689416541241158 ] ] ] } },
{ "type": "Feature", "properties": { "zone_id": 12, "change_class": "Significant Loss", "threshold": "<= -0.15 Delta ExG", "area_sq_m": 0.67 }, "geometry": { "type": "Polygon", "coordinates": [ [ [ -81.960644296219186, 29.689417151342816 ], [ -81.960644253303016, 29.689412639461651 ], [ -81.960645286785237, 29.689412631967279 ], [ -81.960645261035523, 29.689409924838575 ], [ -81.960644227553331, 29.689409932332961 ], [ -81.960644244719802, 29.689411737085422 ], [ -81.960643211237581, 29.6894117445798 ], [ -81.960643176904696, 29.689408135074853 ], [ -81.960642143422518, 29.689408142569214 ], [ -81.960642160588947, 29.689409947321693 ], [ -81.960641127106754, 29.689409954816043 ], [ -81.960641075607541, 29.689404540558641 ], [ -81.96063900864327, 29.689404555547323 ], [ -81.960638991476912, 29.689402750794848 ], [ -81.96063692451267, 29.689402765783498 ], [ -81.960636933095842, 29.689403668159731 ], [ -81.960637966577963, 29.689403660665409 ], [ -81.960637975161134, 29.689404563041652 ], [ -81.960635908196863, 29.689404578030281 ], [ -81.960635916780021, 29.689405480406524 ], [ -81.960636950262156, 29.68940547291221 ], [ -81.960636967428485, 29.689407277664682 ], [ -81.960635933946335, 29.689407285158993 ], [ -81.960635942529493, 29.689408187535221 ], [ -81.960636976011656, 29.689408180040907 ], [ -81.960636993177999, 29.689409984793379 ], [ -81.960638026660178, 29.689409977299057 ], [ -81.960638035243349, 29.6894108796753 ], [ -81.96063596827895, 29.68941089466394 ], [ -81.960635994028436, 29.689413601792637 ], [ -81.960637027510657, 29.689413594298326 ], [ -81.960637036093829, 29.689414496674562 ], [ -81.960638069576063, 29.689414489180233 ], [ -81.960638052409706, 29.689412684427769 ], [ -81.960639085891927, 29.689412676933433 ], [ -81.960639094475113, 29.689413579309669 ], [ -81.960640127957348, 29.689413571815336 ], [ -81.960640102207762, 29.689410864686632 ], [ -81.960641135689968, 29.689410857192289 ], [ -81.960641178605982, 29.689415369073455 ], [ -81.960643245570481, 29.689415354084733 ], [ -81.960643262736923, 29.689417158837188 ], [ -81.960644296219186, 29.689417151342816 ] ] ] } },
{ "type": "Feature", "properties": { "zone_id": 13, "change_class": "Significant Loss", "threshold": "<= -0.15 Delta ExG", "area_sq_m": 0.63 }, "geometry": { "type": "Polygon", "coordinates": [ [ [ -81.960561566141877, 29.689412336609699 ], [ -81.960561548976884, 29.689410531857181 ], [ -81.960563615941325, 29.689410516869696 ], [ -81.960563607358807, 29.689409614493439 ], [ -81.960564640841028, 29.689409606999689 ], [ -81.960564623675992, 29.689407802247192 ], [ -81.960565657158185, 29.689407794753429 ], [ -81.960565665740717, 29.689408697129679 ], [ -81.960566699222909, 29.689408689635922 ], [ -81.960566690640377, 29.689407787259668 ], [ -81.960569791086954, 29.689407764778316 ], [ -81.960569799669514, 29.689408667154567 ], [ -81.960570833151706, 29.689408659660774 ], [ -81.960570850316856, 29.689410464413271 ], [ -81.960571883799091, 29.689410456919465 ], [ -81.960571892381665, 29.689411359295732 ], [ -81.9605729258639, 29.689411351801915 ], [ -81.960572908698708, 29.689409547049408 ], [ -81.960571875216502, 29.689409554543214 ], [ -81.960571858051324, 29.689407749790711 ], [ -81.960572891533516, 29.689407742296904 ], [ -81.960572874368339, 29.6894059375444 ], [ -81.960571840886161, 29.68940594503821 ], [ -81.960571849468749, 29.68940684741446 ], [ -81.960570815986557, 29.68940685490826 ], [ -81.960570790238847, 29.689404147779506 ], [ -81.960568723274548, 29.689404162767087 ], [ -81.960568714691988, 29.689403260390844 ], [ -81.960572848620558, 29.689403230415643 ], [ -81.960572840037969, 29.689402328039382 ], [ -81.960567672627292, 29.689402365508371 ], [ -81.960567689792384, 29.689404170260868 ], [ -81.960565622828071, 29.689404185248414 ], [ -81.960565614245553, 29.689403282872171 ], [ -81.960564580763403, 29.689403290365913 ], [ -81.960564589345921, 29.689404192742167 ], [ -81.960563555863757, 29.689404200235913 ], [ -81.960563573028779, 29.689406004988435 ], [ -81.960562539546615, 29.689406012482173 ], [ -81.960562556711608, 29.689407817234684 ], [ -81.960561523229401, 29.689407824728413 ], [ -81.960561514646926, 29.689406922352152 ], [ -81.960559447682556, 29.689406937339601 ], [ -81.960559456265017, 29.689407839715862 ], [ -81.960560489747223, 29.689407832222138 ], [ -81.960560498329713, 29.689408734598388 ], [ -81.960559464847492, 29.689408742092112 ], [ -81.960559473429967, 29.689409644468363 ], [ -81.960560506912174, 29.689409636974645 ], [ -81.960560532659628, 29.689412344103424 ], [ -81.960561566141877, 29.689412336609699 ] ] ] } },
{ "type": "Feature", "properties": { "zone_id": 14, "change_class": "Significant Loss", "threshold": "<= -0.15 Delta ExG", "area_sq_m": 0.89 }, "geometry": { "type": "Polygon", "coordinates": [ [ [ -81.960601811868955, 29.689405727714352 ], [ -81.960601768954717, 29.689401215833112 ], [ -81.960602802436824, 29.689401208339074 ], [ -81.960602811019683, 29.689402110715317 ], [ -81.960603844501804, 29.689402103221262 ], [ -81.960603853084677, 29.689403005597505 ], [ -81.960602819602542, 29.68940301309156 ], [ -81.960602828185401, 29.689403915467796 ], [ -81.960603861667536, 29.689403907973745 ], [ -81.960603870250409, 29.689404810349991 ], [ -81.960605937214709, 29.689404795361856 ], [ -81.960605928631821, 29.689403892985609 ], [ -81.960606962113957, 29.689403885491529 ], [ -81.960606936365281, 29.689401178362811 ], [ -81.960607969847388, 29.68940117086872 ], [ -81.960607978430289, 29.689402073244967 ], [ -81.96060901191241, 29.689402065750869 ], [ -81.960609020495326, 29.689402968127112 ], [ -81.960610053977462, 29.689402960633014 ], [ -81.960610036811616, 29.689401155880521 ], [ -81.960611070293723, 29.689401148386409 ], [ -81.960611096042513, 29.689403855515131 ], [ -81.960612129524648, 29.689403848021019 ], [ -81.960612120941704, 29.689402945644776 ], [ -81.960613154423839, 29.689402938150657 ], [ -81.960613145840881, 29.689402035774407 ], [ -81.960612112358774, 29.689402043268547 ], [ -81.96061210377583, 29.689401140892297 ], [ -81.960614170740058, 29.689401125904027 ], [ -81.960614162157086, 29.689400223527791 ], [ -81.960615195639193, 29.68940021603364 ], [ -81.960615204222165, 29.689401118409883 ], [ -81.960616237704258, 29.689401110915735 ], [ -81.960616211955326, 29.689398403787017 ], [ -81.960607944098669, 29.689398463739991 ], [ -81.960607935515768, 29.689397561363741 ], [ -81.960605868551625, 29.689397576351908 ], [ -81.960605859968751, 29.689396673975665 ], [ -81.960604826486673, 29.689396681469724 ], [ -81.960604817903814, 29.689395779093481 ], [ -81.96060585138585, 29.689395771599408 ], [ -81.960605842802977, 29.689394869223172 ], [ -81.960604809320927, 29.689394876717234 ], [ -81.960604800738068, 29.689393974341002 ], [ -81.960603767256018, 29.689393981835064 ], [ -81.96060378442175, 29.689395786587543 ], [ -81.960602750939685, 29.689395794081598 ], [ -81.960602759522544, 29.689396696457848 ], [ -81.960603793004623, 29.689396688963786 ], [ -81.960603801587467, 29.689397591340036 ], [ -81.960601734623324, 29.689397606328132 ], [ -81.960601726040466, 29.689396703951889 ], [ -81.960598625594272, 29.689396726433969 ], [ -81.960598634177103, 29.689397628810219 ], [ -81.96059760069501, 29.689397636304232 ], [ -81.960597609277826, 29.689398538680479 ], [ -81.960593475349484, 29.689398568656458 ], [ -81.96059350109779, 29.689401275785197 ], [ -81.960594534579911, 29.689401268291206 ], [ -81.960594517414336, 29.689399463538717 ], [ -81.960596584378536, 29.689399448550734 ], [ -81.96059660154414, 29.68940125330322 ], [ -81.960597635026247, 29.689401245809222 ], [ -81.960597643609063, 29.689402148185472 ], [ -81.960596610126942, 29.689402155679481 ], [ -81.960596618709744, 29.689403058055717 ], [ -81.960598685674015, 29.689403043067699 ], [ -81.960598677091184, 29.689402140691456 ], [ -81.960600744055441, 29.689402125703403 ], [ -81.960600752638271, 29.689403028079653 ], [ -81.960599719156136, 29.689403035573676 ], [ -81.96059972773898, 29.689403937949919 ], [ -81.960600761221116, 29.689403930455882 ], [ -81.960600778386805, 29.689405735208375 ], [ -81.960601811868955, 29.689405727714352 ] ], [ [ -81.960605928631821, 29.689403892985609 ], [ -81.960604895149686, 29.689403900479689 ], [ -81.960604886566813, 29.689402998103446 ], [ -81.960605920048948, 29.689402990609377 ], [ -81.960605928631821, 29.689403892985609 ] ], [ [ -81.960605911466047, 29.689402088233127 ], [ -81.960604877983926, 29.689402095727203 ], [ -81.960604869401052, 29.68940119335096 ], [ -81.960603835918931, 29.689401200845019 ], [ -81.960603827336072, 29.689400298468765 ], [ -81.960604860818179, 29.68940029097471 ], [ -81.960604852235306, 29.68939938859846 ], [ -81.960614153574127, 29.689399321151548 ], [ -81.960614162157086, 29.689400223527791 ], [ -81.960605894300272, 29.689400283480637 ], [ -81.960605911466047, 29.689402088233127 ] ], [ [ -81.960598668508368, 29.689401238315206 ], [ -81.960597635026247, 29.689401245809222 ], [ -81.960597626443445, 29.689400343432965 ], [ -81.960598659925552, 29.689400335938956 ], [ -81.960598668508368, 29.689401238315206 ] ], [ [ -81.960601760371858, 29.689400313456876 ], [ -81.960599693407659, 29.68940032844494 ], [ -81.960599684824828, 29.689399426068682 ], [ -81.960600718306921, 29.689399418574659 ], [ -81.960600709724076, 29.689398516198423 ], [ -81.960599676241998, 29.689398523692446 ], [ -81.960599667659167, 29.689397621316196 ], [ -81.960601734623324, 29.689397606328132 ], [ -81.960601743206169, 29.689398508704382 ], [ -81.96060381017034, 29.68939849371629 ], [ -81.960603818753199, 29.689399396092522 ], [ -81.960601751789028, 29.689399411080625 ], [ -81.960601760371858, 29.689400313456876 ] ], [ [ -81.960598651342735, 29.689399433562713 ], [ -81.960597617860628, 29.689399441056729 ], [ -81.960597609277826, 29.689398538680479 ], [ -81.960598642759919, 29.68939853118647 ], [ -81.960598651342735, 29.689399433562713 ] ], [ [ -81.960605877134512, 29.689398478728151 ], [ -81.960604843652419, 29.689398486222224 ], [ -81.96060483506956, 29.689397583845974 ], [ -81.960605868551625, 29.689397576351908 ], [ -81.960605877134512, 29.689398478728151 ] ] ] } },
{ "type": "Feature", "properties": { "zone_id": 15, "change_class": "Significant Loss", "threshold": "<= -0.15 Delta ExG", "area_sq_m": 0.66 }, "geometry": { "type": "Polygon", "coordinates": [ [ [ -81.96054453265063, 29.689360118685119 ], [ -81.960544506903659, 29.689357411556315 ], [ -81.960550707793743, 29.689357366594656 ], [ -81.960550716376133, 29.689358268970931 ], [ -81.960551749857814, 29.689358261477292 ], [ -81.960551741275424, 29.68935735910101 ], [ -81.960553808238785, 29.689357344113727 ], [ -81.960553799656381, 29.689356441737452 ], [ -81.9605527661747, 29.689356449231106 ], [ -81.960552757592325, 29.689355546854845 ], [ -81.960551724110658, 29.689355554348491 ], [ -81.960551732693034, 29.689356456724752 ], [ -81.960549665729701, 29.689356471712024 ], [ -81.960549657147325, 29.689355569335756 ], [ -81.960550690628992, 29.689355561842127 ], [ -81.96055067346424, 29.689353757089602 ], [ -81.960547573019312, 29.689353779570457 ], [ -81.960547564436965, 29.689352877194189 ], [ -81.960546530955327, 29.689352884687796 ], [ -81.960546522372994, 29.689351982311535 ], [ -81.96054548889137, 29.689351989805118 ], [ -81.960545480309037, 29.689351087428857 ], [ -81.960544446827413, 29.68935109492244 ], [ -81.960544438245094, 29.689350192546179 ], [ -81.960542371281889, 29.689350207533323 ], [ -81.96054236269957, 29.689349305157059 ], [ -81.960540295736379, 29.689349320144181 ], [ -81.960540304318656, 29.689350222520446 ], [ -81.960539270837046, 29.689350230013989 ], [ -81.960539279419322, 29.689351132390261 ], [ -81.960538245937698, 29.689351139883797 ], [ -81.96053825451996, 29.689352042260069 ], [ -81.960537221038336, 29.689352049753602 ], [ -81.960537238202846, 29.689353854506145 ], [ -81.960538271684484, 29.689353847012612 ], [ -81.960538280266761, 29.689354749388865 ], [ -81.960539313748413, 29.689354741895333 ], [ -81.960539322330689, 29.6893556442716 ], [ -81.96054655670234, 29.689355591816597 ], [ -81.960546565284673, 29.689356494192857 ], [ -81.96054346483966, 29.68935651667363 ], [ -81.960543490586602, 29.68935922380243 ], [ -81.960542457104907, 29.689359231296006 ], [ -81.960542465687197, 29.689360133672274 ], [ -81.96054453265063, 29.689360118685119 ] ], [ [ -81.960548632248035, 29.689356479205646 ], [ -81.960547598766354, 29.689356486699261 ], [ -81.960547590184007, 29.689355584322985 ], [ -81.960548623665673, 29.689355576829378 ], [ -81.960548632248035, 29.689356479205646 ] ], [ [ -81.960547581601659, 29.689354681946725 ], [ -81.960545514638355, 29.689354696933918 ], [ -81.960545506056022, 29.689353794557661 ], [ -81.960547573019312, 29.689353779570457 ], [ -81.960547581601659, 29.689354681946725 ] ], [ [ -81.960542414193384, 29.689354719414663 ], [ -81.960539313748413, 29.689354741895333 ], [ -81.960539305166137, 29.689353839519072 ], [ -81.960542405611079, 29.689353817038409 ], [ -81.960542414193384, 29.689354719414663 ] ], [ [ -81.960545497473703, 29.689352892181393 ], [ -81.960544463992051, 29.689352899674983 ], [ -81.960544455409732, 29.689351997298711 ], [ -81.96054548889137, 29.689351989805118 ], [ -81.960545497473703, 29.689352892181393 ] ], [ [ -81.960543430510413, 29.689352907168555 ], [ -81.960542397028775, 29.689352914662127 ], [ -81.960542388446484, 29.689352012285866 ], [ -81.960543421928108, 29.689352004792294 ], [ -81.960543430510413, 29.689352907168555 ] ], [ [ -81.960542379864179, 29.689351109909602 ], [ -81.960541346382556, 29.689351117403163 ], [ -81.960541337800265, 29.689350215026892 ], [ -81.960542371281889, 29.689350207533323 ], [ -81.960542379864179, 29.689351109909602 ] ] ] } },
{ "type": "Feature", "properties": { "zone_id": 16, "change_class": "Significant Loss", "threshold": "<= -0.15 Delta ExG", "area_sq_m": 3.9 }, "geometry": { "type": "Polygon", "coordinates": [ [ [ -81.960534103428998, 29.689350267481604 ], [ -81.960534094846764, 29.689349365105336 ], [ -81.960533061365169, 29.689349372598834 ], [ -81.960533027036291, 29.689345763093744 ], [ -81.960534060517872, 29.68934575560025 ], [ -81.960534051935639, 29.689344853223997 ], [ -81.960535085417206, 29.689344845730481 ], [ -81.960535093999425, 29.689345748106749 ], [ -81.960536127480992, 29.689345740613234 ], [ -81.960536093152029, 29.689342131108162 ], [ -81.960534026188967, 29.689342146095171 ], [ -81.960534017606747, 29.689341243718889 ], [ -81.96053711805132, 29.689341221238355 ], [ -81.96053710088681, 29.689339416485815 ], [ -81.960532966960798, 29.689339446459847 ], [ -81.960532958378593, 29.689338544083579 ], [ -81.960536058823067, 29.689338521603069 ], [ -81.960536050240833, 29.689337619226794 ], [ -81.960535016759337, 29.689337626720295 ], [ -81.960535008177118, 29.689336724344034 ], [ -81.960536041658585, 29.689336716850519 ], [ -81.960536033076352, 29.689335814474255 ], [ -81.960537066557819, 29.689335806980736 ], [ -81.960537057975571, 29.689334904604461 ], [ -81.960533957531197, 29.689334927084992 ], [ -81.960533948948978, 29.689334024708717 ], [ -81.960537049393324, 29.689334002228193 ], [ -81.960537040811076, 29.689333099851911 ], [ -81.96053910777394, 29.68933308486486 ], [ -81.960539116356216, 29.689333987241135 ], [ -81.960540149837669, 29.68933397974758 ], [ -81.960540132673117, 29.689332174995045 ], [ -81.960537032228828, 29.689332197475643 ], [ -81.96053702364658, 29.689331295099375 ], [ -81.960532889720909, 29.689331325073393 ], [ -81.960532898303128, 29.689332227449661 ], [ -81.960535998747403, 29.689332204969162 ], [ -81.960536007329637, 29.689333107345433 ], [ -81.960532906885334, 29.689333129825943 ], [ -81.960532915467539, 29.689334032202218 ], [ -81.960529815023207, 29.689334054682647 ], [ -81.960529823605384, 29.689334957058914 ], [ -81.960531890568291, 29.689334942071969 ], [ -81.960531899150496, 29.689335844448244 ], [ -81.960528798706093, 29.689335866928658 ], [ -81.960528790123917, 29.689334964552376 ], [ -81.960526723160996, 29.689334979539272 ], [ -81.960526714578847, 29.689334077163004 ], [ -81.960527748060287, 29.68933406966956 ], [ -81.960527730895976, 29.689332264917009 ], [ -81.960525663933112, 29.689332279903891 ], [ -81.960525655350963, 29.689331377527616 ], [ -81.960528755795224, 29.689331355047283 ], [ -81.960528764377401, 29.689332257423551 ], [ -81.960530831340265, 29.689332242436627 ], [ -81.960530822758074, 29.689331340060363 ], [ -81.960529789276649, 29.689331347553821 ], [ -81.960529780694472, 29.689330445177546 ], [ -81.960530814175883, 29.689330437684077 ], [ -81.96053078842931, 29.689327730555252 ], [ -81.960531821910706, 29.689327723061783 ], [ -81.960531778999709, 29.689323211180401 ], [ -81.960533845962388, 29.689323196193431 ], [ -81.960533837380183, 29.689322293817167 ], [ -81.960531770417518, 29.689322308804133 ], [ -81.960531761835327, 29.689321406427858 ], [ -81.960533828797963, 29.689321391440888 ], [ -81.960533820215744, 29.68932048906462 ], [ -81.960529686290499, 29.689320519038521 ], [ -81.960529703454867, 29.689322323791071 ], [ -81.960528669973527, 29.689322331284536 ], [ -81.960528678555704, 29.689323233660811 ], [ -81.960530745518383, 29.689323218673877 ], [ -81.96053075410056, 29.689324121050152 ], [ -81.960527653656513, 29.689324143530534 ], [ -81.960527645074365, 29.689323241154248 ], [ -81.960524544630346, 29.689323263634556 ], [ -81.960524536048226, 29.689322361258281 ], [ -81.960523502566886, 29.6893223687517 ], [ -81.96052353689538, 29.689325978256811 ], [ -81.960522503413998, 29.689325985750223 ], [ -81.960522511996118, 29.689326888126498 ], [ -81.96052147851475, 29.689326895619896 ], [ -81.960521504261052, 29.689329602748728 ], [ -81.960520470779656, 29.689329610242122 ], [ -81.960520479361747, 29.689330512618401 ], [ -81.960521512843158, 29.689330505125003 ], [ -81.960521521425278, 29.689331407501285 ], [ -81.960519454462428, 29.68933142248807 ], [ -81.96051946304452, 29.689332324864338 ], [ -81.960517396081656, 29.689332339851095 ], [ -81.960517413245796, 29.689334144603649 ], [ -81.960513279319969, 29.689334174577063 ], [ -81.960513270737934, 29.689333272200777 ], [ -81.960510170293603, 29.68933329468075 ], [ -81.960510178875609, 29.689334197057025 ], [ -81.960509145394155, 29.689334204550342 ], [ -81.960509162558139, 29.689336009302899 ], [ -81.960511229521089, 29.689335994316277 ], [ -81.960511238103123, 29.689336896692549 ], [ -81.960512271584591, 29.689336889199225 ], [ -81.960512280166625, 29.689337791575504 ], [ -81.960514347129603, 29.689337776588822 ], [ -81.960514355711652, 29.689338678965107 ], [ -81.960513322230142, 29.689338686458445 ], [ -81.960513330812191, 29.68933958883472 ], [ -81.960512297330681, 29.689339596328054 ], [ -81.960512288748646, 29.689338693951779 ], [ -81.96051125526715, 29.689338701445102 ], [ -81.960511272431191, 29.689340506197659 ], [ -81.960512305912701, 29.689340498704336 ], [ -81.960512323076756, 29.689342303456897 ], [ -81.960513356558295, 29.689342295963556 ], [ -81.960513382304413, 29.689345003092392 ], [ -81.96051441578598, 29.689344995599043 ], [ -81.960514424368029, 29.689345897975318 ], [ -81.960517524812744, 29.689345875495235 ], [ -81.960517516230681, 29.689344973118974 ], [ -81.960515449267533, 29.689344988105702 ], [ -81.960515440685484, 29.689344085729413 ], [ -81.960516474167036, 29.689344078236058 ], [ -81.96051645700291, 29.689342273483504 ], [ -81.960519557447512, 29.689342251003374 ], [ -81.960519540283343, 29.689340446250831 ], [ -81.960520573764853, 29.689340438757437 ], [ -81.960520582346959, 29.689341341133705 ], [ -81.960523682791532, 29.689341318653483 ], [ -81.960523657045144, 29.689338611524665 ], [ -81.960524690526626, 29.689338604031239 ], [ -81.960524742019459, 29.689344018288896 ], [ -81.960525775501011, 29.689344010795462 ], [ -81.960525818411767, 29.689348522676823 ], [ -81.960527885374958, 29.689348507689932 ], [ -81.960527893957135, 29.689349410066207 ], [ -81.960526860475525, 29.689349417559662 ], [ -81.960526869057688, 29.689350319935929 ], [ -81.960528936020921, 29.689350304949009 ], [ -81.960528927438745, 29.689349402572741 ], [ -81.96053099440195, 29.689349387585811 ], [ -81.960531002984155, 29.689350289962078 ], [ -81.960534103428998, 29.689350267481604 ] ], [ [ -81.960532027883559, 29.689349380092327 ], [ -81.96053099440195, 29.689349387585811 ], [ -81.960530985819759, 29.689348485209536 ], [ -81.96053201930134, 29.689348477716059 ], [ -81.960532027883559, 29.689349380092327 ] ], [ [ -81.960532002136929, 29.689346672963509 ], [ -81.960530968655362, 29.689346680456996 ], [ -81.960530960073172, 29.689345778080718 ], [ -81.960531993554724, 29.689345770587241 ], [ -81.960532002136929, 29.689346672963509 ] ], [ [ -81.960534051935639, 29.689344853223997 ], [ -81.960531984972519, 29.689344868210966 ], [ -81.960531976390314, 29.689343965834698 ], [ -81.96053404335342, 29.689343950847714 ], [ -81.960534051935639, 29.689344853223997 ] ], [ [ -81.960531967808109, 29.689343063458423 ], [ -81.96053093432657, 29.689343070951903 ], [ -81.960530925744379, 29.689342168575632 ], [ -81.960531959225904, 29.689342161082156 ], [ -81.960531967808109, 29.689343063458423 ] ], [ [ -81.960515423521372, 29.689342280976867 ], [ -81.960514390039833, 29.689342288470218 ], [ -81.960514364293701, 29.68933958134139 ], [ -81.960515397775211, 29.689339573848027 ], [ -81.960515423521372, 29.689342280976867 ] ], [ [ -81.960532984125223, 29.68934125121239 ], [ -81.960530917162188, 29.689341266199349 ], [ -81.960530908579997, 29.689340363823085 ], [ -81.960531942061507, 29.689340356329605 ], [ -81.960531933479302, 29.689339453953338 ], [ -81.960532966960798, 29.689339446459847 ], [ -81.960532984125223, 29.68934125121239 ] ], [ [ -81.960535008177118, 29.689336724344034 ], [ -81.960533974695636, 29.689336731837535 ], [ -81.960533966113417, 29.689335829461264 ], [ -81.960534999594898, 29.689335821967763 ], [ -81.960535008177118, 29.689336724344034 ] ], [ [ -81.960513296484038, 29.68933597932962 ], [ -81.96051226300257, 29.689335986822943 ], [ -81.960512254420536, 29.689335084446668 ], [ -81.960513287902018, 29.689335076953338 ], [ -81.960513296484038, 29.68933597932962 ] ], [ [ -81.960512254420536, 29.689335084446668 ], [ -81.960511220939082, 29.689335091939999 ], [ -81.960511212357062, 29.689334189563716 ], [ -81.96051224583853, 29.689334182070386 ], [ -81.960512254420536, 29.689335084446668 ] ], [ [ -81.960529763530104, 29.689328640425003 ], [ -81.960528730048708, 29.689328647918458 ], [ -81.960528721466545, 29.68932774554218 ], [ -81.960529754947927, 29.689327738048721 ], [ -81.960529763530104, 29.689328640425003 ] ], [ [ -81.96052355405962, 29.689327783009361 ], [ -81.960522520578238, 29.68932779050278 ], [ -81.960522511996118, 29.689326888126498 ], [ -81.960523545477486, 29.689326880633093 ], [ -81.96052355405962, 29.689327783009361 ] ], [ [ -81.960530771264942, 29.68932592580272 ], [ -81.960528704302206, 29.689325940789633 ], [ -81.960528695720029, 29.689325038413365 ], [ -81.960530762682751, 29.689325023426434 ], [ -81.960530771264942, 29.68932592580272 ] ] ] } },
{ "type": "Feature", "properties": { "zone_id": 17, "change_class": "Significant Loss", "threshold": "<= -0.15 Delta ExG", "area_sq_m": 0.68 }, "geometry": { "type": "Polygon", "coordinates": [ [ [ -81.96056807100156, 29.689335582171434 ], [ -81.960568062419028, 29.689334679795174 ], [ -81.960569095900482, 29.689334672301399 ], [ -81.960569078735404, 29.689332867548881 ], [ -81.960568045253979, 29.689332875042648 ], [ -81.960568036671461, 29.689331972666388 ], [ -81.96056700319005, 29.689331980160134 ], [ -81.960566994607547, 29.689331077783873 ], [ -81.960568028088943, 29.689331070290116 ], [ -81.960568019506411, 29.689330167913855 ], [ -81.960569052987807, 29.689330160420088 ], [ -81.96056904440529, 29.689329258043824 ], [ -81.960570077886672, 29.689329250550049 ], [ -81.960570052139062, 29.689326543421263 ], [ -81.960572119101769, 29.689326528433689 ], [ -81.960572110519209, 29.689325626057425 ], [ -81.960570043556515, 29.689325641044988 ], [ -81.960570017808891, 29.689322933916191 ], [ -81.96056898432758, 29.689322941409966 ], [ -81.960569010075176, 29.689325648538762 ], [ -81.960567976593808, 29.689325656032533 ], [ -81.960567942263751, 29.689322046527472 ], [ -81.960566908782425, 29.689322054021225 ], [ -81.960566943112468, 29.689325663526287 ], [ -81.960565909631114, 29.689325671020036 ], [ -81.960565866718611, 29.6893211591387 ], [ -81.960566900199908, 29.689321151644958 ], [ -81.960566874452397, 29.689318444516157 ], [ -81.960567907933665, 29.689318437022404 ], [ -81.96056789076863, 29.689316632269879 ], [ -81.960565823806121, 29.689316647257371 ], [ -81.960565849553603, 29.689319354386171 ], [ -81.960564816072321, 29.689319361879907 ], [ -81.960564807489845, 29.689318459503639 ], [ -81.960563774008563, 29.689318466997374 ], [ -81.960563799756002, 29.689321174126182 ], [ -81.960562766274691, 29.689321181619906 ], [ -81.960562783439642, 29.689322986372435 ], [ -81.960563816920953, 29.689322978878707 ], [ -81.960563859833385, 29.689327490760043 ], [ -81.960562826352003, 29.689327498253764 ], [ -81.960562843516954, 29.689329303006303 ], [ -81.960563876998336, 29.689329295512579 ], [ -81.960563885580825, 29.689330197888832 ], [ -81.960565952543632, 29.689330182901365 ], [ -81.960565978291143, 29.689332890030155 ], [ -81.960567011772568, 29.689332882536405 ], [ -81.960567037520107, 29.689335589665191 ], [ -81.96056807100156, 29.689335582171434 ] ], [ [ -81.960566986025015, 29.689330175407612 ], [ -81.960565952543632, 29.689330182901365 ], [ -81.960565918213618, 29.689326573396304 ], [ -81.960566951694972, 29.689326565902558 ], [ -81.960566986025015, 29.689330175407612 ] ], [ [ -81.960569035822758, 29.689328355667556 ], [ -81.960568002341375, 29.689328363161319 ], [ -81.960567993758858, 29.689327460785062 ], [ -81.960569027240226, 29.689327453291295 ], [ -81.960569035822758, 29.689328355667556 ] ], [ [ -81.960564850402292, 29.689322971384975 ], [ -81.960563816920953, 29.689322978878707 ], [ -81.960563808338478, 29.689322076502457 ], [ -81.960564841819789, 29.689322069008718 ], [ -81.960564850402292, 29.689322971384975 ] ] ] } }
]
}
